university,ouac_code,program_name,status,admission_grade,admission_date,supplemental_required,supp_notes,comments
Bristol,,Mechanical Engineering,Offer,97,11/17/2025,,"President of Athletic council, elite-level hockey, 1590 SAT, 5's on 3 APs",
Brock,BAI,Concurrent BA/BEd-Intermediate/Senior,Offer,95.16,11/12/2025,,,
Brock,BAI,Concurrent BA/BEd-Intermediate/Senior,Offer,91.5,11/26/2025,,,
Brock,BAI,Concurrent BA/BEd-Intermediate/Senior,Offer,94,12/15/2025,,,IB
Brock,BBC,Critical Criminology,Offer,73,11/24/2025,,,
Brock,BCH,Biochemistry,Offer,91.4,11/4/2025,,,MCV4U and MHF4U taken in grade 11.
Brock,BDP,Concurrent Education Child and Youth Studies/BEd (Primary/Junior),Offer,96.2,10/20/2025,,,
Brock,BDP,Concurrent Education Child and Youth Studies/BEd (Primary/Junior),Offer,95.5,10/20/2025,,,"$7,000 scholarship"
Brock,BDP,Concurrent Education Child and Youth Studies/BEd (Primary/Junior),Offer,88,2/9/2026,,,
Brock,BDP,Concurrent Education Child and Youth Studies/BEd (Primary/Junior),Offer,88,4/27/2026,,,Was initially given an alternate offer for BA Child and Youth Studies with no BEd on March 3rd
Brock,BFC,Forensic Psychology and Criminal Justice,Offer,94,10/21/2025,,,$3000 scholarship
Brock,BFC,Forensic Psychology and Criminal Justice,Offer,86.66,1/15/2026,,,"$3,000 scholarship"
Brock,BHI,History,Offer,95,10/21/2025,,,$7000 Scholarship
Brock,BHI,History,Offer,79.59,3/3/2026,,,
Brock,BII,Concurrent Bsc/BEd - Intermediate/Senior,Offer,92.8,10/30/2025,,,
Brock,BII,Concurrent Bsc/BEd - Intermediate/Senior,Offer,98.33,11/5/2025,,,Math Major. $7000 scholarship.
Brock,BII,Concurrent BSc/BEd - Intermediate/Senior (Mathematics),Offer,93,12/19/2025,,,
Brock,BII,Concurrent Bsc/BEd - Intermediate/Senior,Offer,94.2,2/13/2026,,,"3 final grades, 2 midterms and English from Gr. 11"
Brock,BIJ,Concurrent BSc/BEd - Jr/Int-Integrated Studies,Offer,95.16,10/21/2025,,,
Brock,BIM,Biomedical Sciences,Offer,89.5,10/21/2025,,,
Brock,BK,Accounting,Offer,95.33,10/21/2025,,,
Brock,BK,Accounting,Offer,85,10/21/2025,,,
Brock,BK,Accounting,Offer,90,10/28/2025,,,
Brock,BK,Accounting,Offer,91,11/17/2025,,,
Brock,BK,Accounting,Offer,83.5,11/20/2025,,,
Brock,BK,Accounting (Co-op),Offer,85.25,12/8/2025,,,
Brock,BK,Accounting (Co-op),Offer,84,2/15/2026,,,
Brock,BK,Accounting,Offer,86,3/3/2026,,,
Brock,BN,BBA: Business Administration,Offer,89,11/5/2025,,,"$5,000 scholarship"
Brock,BN,BBA: Business Administration,Offer,93.5,11/25/2025,,,
Brock,BN,BBA: Business Administration,Offer,87.5,2/13/2026,,,
Brock,BND,BBA: Business Administration Co-op International Double Degree,Offer,91,11/20/2025,,,5k Entrance Scholarship
Brock,BND,BBA: Business Administration Co-op International Double Degree,Offer,92.5,1/30/2026,,,
Brock,BND,BBA: Business Administration Co-op International Double Degree,Offer,89,5/5/2026,,,Selected Ireland for partner school. At the time I accepted there was 5 spots left for Dublin and 8 spots for France.
Brock,BNG,Integrated Engineering,Offer,91,12/3/2025,,,
Brock,BNS,Nursing,Offer,95.3,10/23/2025,,,
Brock,BNS,Nursing,Offer,95,10/27/2025,,,
Brock,BNS,Nursing,Offer,96,10/28/2025,,,IB but idt it matters
Brock,BNS,Nursing,Offer,94,11/17/2025,,,
Brock,BNS,Nursing,Offer,91,11/17/2025,,,Took a grade 12 course in grade 11 for early acceptance
Brock,BNS,Nursing,Offer,92.17,11/19/2025,,,
Brock,BNS,Nursing,Offer,94.167,11/25/2025,,,
Brock,BNS,Nursing,Offer,93.33,11/26/2025,,,
Brock,BNS,Nursing,Offer,91.16,11/26/2025,,,
Brock,BNS,Nursing,Offer,92,12/1/2025,,,
Brock,BNS,Nursing,Offer,92,12/3/2025,,,
Brock,BNS,Nursing,Offer,95.66,12/12/2025,,,
Brock,BNS,Nursing,Offer,87.17,12/22/2025,,,
Brock,BNS,Nursing,Offer,90,1/5/2026,,,
Brock,BNS,Nursing,Offer,86.83,1/5/2026,,,
Brock,BNS,Nursing,Offer,90.5,2/6/2026,,,
Brock,BNS,Nursing,Offer,90.2,2/14/2026,,,
Brock,BNS,Nursing,Offer,93.5,2/18/2026,,,
Brock,BNS,Nursing,Offer,88.5,2/18/2026,,,
Brock,BNS,Nursing,Offer,87.6,2/18/2026,,,
Brock,BNS,Nursing,Offer,92,2/19/2026,,,
Brock,BNS,Nursing,Offer,91,2/19/2026,,,
Brock,BNS,Nursing,Offer,88,2/19/2026,,,
Brock,BNS,Nursing,Offer,87.33,2/19/2026,,,
Brock,BNS,Nursing,Offer,85.5,2/19/2026,,,
Brock,BNS,Nursing,Offer,88.6,2/24/2026,,,
Brock,BNS,Nursing,Offer,86,3/4/2026,,,
Brock,BNS,Nursing,Offer,91,3/13/2026,,,
Brock,BNS,Nursing,Offer,87,4/24/2026,,,Received offer for second choice in March. I only had three of four prereqs done in the first sem. So Brock waited until my midterms came out to offer me first choice program. (1 day after)
Brock,BPH,Philosophy,Offer,83,11/5/2025,,,I originally applied to criminology in September and received and accepted an offer in early October
Brock,BPU,Public Health,Offer,82,3/4/2026,,,
Brock,BPY,Psychology (BA),Offer,90.83,12/2/2025,,,
Brock,BPY,Psychology (BA),Offer,71.83,3/4/2026,,,applied for concurrent education but got deferred to psychology until they receive my second sem midterms
Brock,BQ,Classics,Offer,94.5,12/2/2025,,,
Brock,BS,Biological Sciences,Offer,84.25,11/19/2025,,,
Brock,BSH,Medical Sciences,Offer,88.2,10/25/2025,,,
Brock,BSH,Medical Sciences,Offer,95.83,11/3/2025,,,
Brock,BSH,Medical Sciences,Offer,88,11/17/2025,,,
Brock,BSH,Medical Sciences,Offer,91.62,12/2/2025,,,
Brock,BSH,Medical Sciences,Offer,83,2/2/2026,,,
Brock,BSH,Medical Sciences,Offer,85,2/13/2026,,,
Brock,BSH,Medical Sciences,Offer,92.16,2/26/2026,,,
Brock,BSH,Medical Sciences,Offer,85.25,4/6/2026,,,
Brock,BSK,Kinesiology,Offer,85,11/11/2025,,,
Brock,BSM,Sport Management,Offer,90.17,11/19/2025,,,
Brock,BSM,Sport Management,Offer,81,1/23/2026,,,
Brock,BW,Recreation & Leisure,Offer,83,3/3/2026,,,
Carleton,CBA,Accounting,Offer,87,11/12/2025,,,
Carleton,CBA,Accounting (Co-op),Offer,85.25,12/8/2025,,,
Carleton,CBB,International Business,Offer,89.1,11/3/2025,,,
Carleton,CBB,International Business,Offer,90,11/4/2025,,,"3k admission scholarship, mandatory international exchange"
Carleton,CBE,Economics,Offer,88.67,5/15/2026,,,didnt apply for it they just gave it to me
Carleton,CC,"Commerce, Finance with Coop",Offer,94,11/7/2025,,,
Carleton,CC,Commerce (international business),Offer,83,11/21/2025,,,$8000 entry scholarship
Carleton,CC,Commerce,Offer,78,1/17/2026,,"Currently a first year DECA provincial qualifier, swim team",
Carleton,CCC,Commerce,Offer,77,2/24/2026,,,Legacy at Carleton
Carleton,CEA,Engineering: Aerospace,Offer,95.67,10/29/2025,,,"$12,000 scholarship + 4U functions taken in grade 11 (the rest are final grade 11 marks)"
Carleton,CEA,Engineering: Aerospace,Offer,88.5,10/29/2025,,,
Carleton,CEA,Engineering: Aerospace,Offer,97.33,10/30/2025,,Supp app was not required,
Carleton,CEA,Engineering: Aerospace,Offer,98.5,11/5/2025,,,
Carleton,CEA,Engineering: Aerospace,Offer,94,11/5/2025,,,
Carleton,CEA,Engineering: Aerospace,Offer,93.17,11/5/2025,,,Took Calculus and Advanced Functions in grade 11
Carleton,CEA,Engineering: Aerospace,Offer,92.67,11/5/2025,,,"$16000 entrance scholarship (over 4 years), which doesn't match the grades I need for that (95+) so I assume they predicted my grades rising? So far they are, up to 94.67 now, hoping to hit 96.5"
Carleton,CEA,Engineering: Aerospace,Offer,90.17,11/5/2025,,,I am a provincial level competitive swimming and was a part of my schools FRC team where we have qualified for the world champs many times in a row
Carleton,CEA,Engineering: Aerospace,Offer,97.67,11/7/2025,,,"$16,000 scholarship (4k per year, renewable)"
Carleton,CEA,Engineering: Aerospace,Offer,98,11/11/2025,,,honestly overkill lol
Carleton,CEA,Engineering: Aerospace,Offer,95.5,11/11/2025,,,"$16k scholarship (4k per year, renewable for 4 years)"
Carleton,CEA,Engineering: Aerospace,Offer,92.2,11/12/2025,,,
Carleton,CEA,Engineering: Aerospace,Offer,99,11/13/2025,,,
Carleton,CEA,Engineering: Aerospace,Offer,93.5,11/19/2025,,,
Carleton,CEA,Engineering: Aerospace,Offer,94.5,11/20/2025,,,
Carleton,CEA,Engineering: Aerospace,Offer,94.3,12/1/2025,,,"4k renewable scholarship, group b bc Private school w/French bac"
Carleton,CEA,Engineering: Aerospace,Offer,92.33,12/15/2025,,,I got the acceptance in a week.
Carleton,CEA,Engineering: Aerospace,Offer,87.44,1/22/2026,,,"Metis, IB: HL Chem, ESS, Lang&Lit, SL: AA, Physics, French (Clutched up for mid-terms with a 8% increase in HL Chem, 3% in AA and 5% in Physics) Also got a 8K admissions scholarship, 2k for the first year. Need to maintain an 85 so can't slack off."
Carleton,CEA,Engineering: Aerospace,Offer,90,2/24/2026,,,
Carleton,CEA,Engineering: Aerospace,Offer,92,3/18/2026,,,"3 on AP lang, 5 on AP french, AP physics course but did not take exam, took several grade 12 courses early, 3k renewable entrance scholarship yippee!"
Carleton,CEA,Engineering: Aerospace,Offer,90,4/16/2026,,,$12000 scholarship
Carleton,CEA,Engineering: Aerospace,Offer,92.67,5/7/2026,,,
Carleton,CEA,Engineering: Aerospace,Rejected,90,6/3/2026,,,
Carleton,CEB,Engineering: Civil,Offer,94,10/28/2025,,,
Carleton,CEB,Engineering: Civil,Offer,83.6,10/28/2025,,,66 in physics grade 11
Carleton,CEB,Engineering: Civil,Offer,96.67,10/29/2025,,,
Carleton,CEB,Engineering: Civil,Offer,94.5,10/29/2025,,,
Carleton,CEB,Engineering: Civil,Offer,82.66,11/6/2025,,,
Carleton,CEB,Engineering: Civil,Offer,92,12/3/2025,,,
Carleton,CEB,Engineering: Civil,Offer,92,12/4/2025,,,
Carleton,CEB,Engineering: Civil,Offer,86,12/22/2025,,,
Carleton,CEC,Engineering: Computer Systems,Offer,95.5,10/29/2025,,,
Carleton,CEC,Engineering: Computer Systems,Offer,90,10/29/2025,,,
Carleton,CEC,Engineering: Computer Systems,Offer,93,11/7/2025,,,
Carleton,CEC,Engineering: Computer Systems,Offer,93.6,11/20/2025,,,
Carleton,CEC,Engineering: Computer Systems,Offer,88.83,11/20/2025,,,
Carleton,CEC,Engineering: Computer Systems,Offer,96,11/25/2025,,,Admission scholarship $4000/year
Carleton,CEC,Engineering: Computer Systems,Offer,94.67,12/5/2025,,,
Carleton,CEC,Engineering: Computer Systems,Offer,87.17,12/9/2025,,,
Carleton,CED,Engineering: Mechanical,Offer,90.2,10/28/2025,,,"Offer received before mid-terms grades were sent, average based on the 2 4U courses I took in grade 11 (chemistry and literature) + 4 top grade 11 courses excluding chemistry (functions, physics, comp sci, english)"
Carleton,CED,Engineering: Mechanical,Offer,86.67,10/29/2025,,,
Carleton,CED,Engineering: Mechanical,Offer,93,11/5/2025,,,
Carleton,CED,Engineering: Mechanical,Offer,92.2,11/12/2025,,,
Carleton,CED,Engineering: Mechanical,Offer,95,11/21/2025,,,"This was offer 1/6 that I got. I got this one @ 5:09 PM sem 1 midterms (top 6): GRADE 11 ANTHRO [100], comp sci [97], english (online summer school) [93], leadership [87], physics [97], adv func [96]"
Carleton,CED,Engineering: Mechanical,Offer,95.16,11/26/2025,,,
Carleton,CED,Engineering: Mechanical,Offer,94.5,11/26/2025,,,
Carleton,CED,Engineering: Mechanical,Offer,94.67,1/3/2026,,,
Carleton,CED,Engineering: Mechanical,Offer,90.2,2/24/2026,,,
Carleton,CED,Engineering: Mechanical,Offer,91.5,4/7/2026,,,
Carleton,CED,Engineering: Mechanical,Offer,91.5,4/7/2026,,,
Carleton,CED,Engineering: Mechanical,Offer,90.5,4/10/2026,,,
Carleton,CED,Engineering: Mechanical,Rejected,90,6/3/2026,,,
Carleton,CEF,Engineering: Electrical,Offer,90.67,10/28/2025,,,Conditional Acceptance
Carleton,CEF,Engineering: Electrical,Offer,98.67,10/29/2025,,,
Carleton,CEF,Engineering: Electrical,Offer,90,10/29/2025,,,Yay :tearsofjoy:
Carleton,CEF,Engineering: Electrical,Offer,93.33,11/7/2025,,,"Only used grade 11 marks and one grade 12 final, very early offer"
Carleton,CEF,Engineering: Electrical,Offer,89.33,11/11/2025,,,8k scholarship. They used 4 gr 11 marks and 2 gr 12 marks (got the offer before midterms). Also got the offer the day after they got my grades 💀
Carleton,CEF,Engineering: Electrical,Offer,89,11/11/2025,,,
Carleton,CEF,Engineering: Electrical,Offer,91.67,11/12/2025,,,
Carleton,CEF,Engineering: Electrical,Offer,97.67,11/14/2025,,,
Carleton,CEF,Engineering: Electrical,Offer,96.5,11/27/2025,,,"IB, $16k entrance scholarship"
Carleton,CEF,Engineering: Electrical,Offer,87.6,2/15/2026,,,
Carleton,CEF,Engineering: Electrical,Offer,95,2/24/2026,,,
Carleton,CEF,Engineering: Electrical,Offer,86,2/25/2026,,,
Carleton,CEG,Engineering: Biomedical & Electrical,Offer,88.5,10/29/2025,,,
Carleton,CEG,Engineering: Biomedical & Electrical,Offer,85,2/25/2026,,,thought ts would be more competitive ngl loll
Carleton,CEG,Engineering: Biomedical & Electrical,Deferred,83,5/20/2026,,,deferred from engineering: biomedical & mechanical
Carleton,CEJ,Engineering: Biomedical & Mechanical,Offer,90.67,11/4/2025,,,$12k (over 4 years) grades-based entrance scholarship.
Carleton,CEJ,Engineering: Biomedical & Mechanical,Offer,92.2,1/8/2026,,,$3000 scholarship
Carleton,CEJ,Engineering: Biomedical & Mechanical,Offer,91.5,1/8/2026,,,
Carleton,CEK,Engineering: Sustainable & Renewable Energy,Offer,95,11/25/2025,,,IBDP candidate
Carleton,CEK,Engineering: Sustainable & Renewable Energy (Efficient Energy Generation & Conversion (co-op optional)),Offer,87.6,2/15/2026,,,
Carleton,CEM,Engineering: Mechatronics,Offer,97,10/21/2025,,,Got Entrance Scholarships
Carleton,CEM,Engineering: Mechatronics,Offer,95.16,10/27/2025,,,"IB courses; only Grade 11 grades were used, as midterms were not out yet."
Carleton,CEM,Engineering: Mechatronics,Offer,90.67,10/28/2025,,,"$12,000 scholarship"
Carleton,CEM,Engineering: Mechatronics,Offer,95.5,10/29/2025,,,IB student
Carleton,CEM,Engineering: Mechatronics,Offer,95,10/29/2025,,,"16k max scholarship, grade 11 top 6 as avg bc midterms haven't been sent at time of offer"
Carleton,CEM,Engineering: Mechatronics,Offer,93.4,10/29/2025,,,12k scholarship + they sent out the offer before midterms so my average is my gr 11 one <3 you got this guys
Carleton,CEM,Engineering: Mechatronics,Offer,94,11/14/2025,,,Math + Physics IB
Carleton,CEM,Engineering: Mechatronics,Offer,88.5,11/19/2025,,,
Carleton,CEM,Engineering: Mechatronics,Offer,94.17,11/21/2025,,,
Carleton,CEM,Engineering: Mechatronics,Offer,90.12,2/3/2026,,,"3k Scholarship + Conditional of 82% average in Advanced Functions, Physics, Chemistry and Calculus and Vectors"
Carleton,CEM,Engineering: Mechatronics,Offer,88.3,4/10/2026,,,
Carleton,CEM,Engineering: Mechatronics,Offer,86.7,5/13/2026,,,"$8k renewable scholarship ($2k/year), head of manufacturing subteam for my FIRST robotics team"
Carleton,CEP,Engineering: Physics,Offer,89.48,10/22/2025,,,
Carleton,CEP,Engineering: Physics,Offer,92.2,11/12/2025,,,
Carleton,CEP,Engineering: Physics,Offer,79,2/23/2026,,,
Carleton,CEP,Engineering: Physics,Offer,91,5/6/2026,,,
Carleton,CES,Engineering: Software,Offer,97,10/8/2025,,,44 IB Predicted
Carleton,CES,Engineering: Software,Offer,98,10/28/2025,,,
Carleton,CES,Engineering: Software,Offer,96,10/28/2025,,,
Carleton,CES,Engineering: Software,Offer,93,11/5/2025,,,
Carleton,CES,Engineering: Software,Offer,99.33,11/7/2025,,,AP
Carleton,CEX,Engineering: Architectural Conservation and Sustainability,Offer,92,1/5/2026,,,
Carleton,CEX,Engineering: Architectural Conservation and Sustainability,Offer,89,3/24/2026,,,I sent an application for the architectural design program at Carleton but didn't even submit the required supp app's and still somehow got into this program (alternative offer).
Carleton,CGI,Global & International Studies,Offer,83,10/23/2025,,,
Carleton,CGI,Global & International Studies,Offer,96.8,11/22/2025,,,AP Precalc and Eng Lit
Carleton,CGS,Cognitive Science (Cognition & Psychology) (co-op),Offer,85.8,11/3/2025,,,
Carleton,CH,Arts - Humanities,Offer,97,10/22/2025,,,
Carleton,CH,Arts - Political Science,Offer,96.33,10/22/2025,,,
Carleton,CH,Arts - Criminology & Criminal Justice,Offer,90.5,11/11/2025,,,
Carleton,CH,Arts - Law Concentration in Criminal Law and Social Order,Offer,84.67,11/14/2025,,,Still waiting for queens and waterloo
Carleton,CH,Arts - Criminology & Criminal Justice,Offer,82,11/20/2025,,,
Carleton,CH,Arts - Law,Offer,85,11/21/2025,,,
Carleton,CH,Arts - Criminology & Criminal Justice,Offer,76.3,11/25/2025,,,"If I can do it, y'all can do it. I have to maintain a 70% average."
Carleton,CH,Arts - Sociology,Offer,84.3,11/27/2025,,,Scholarship and guaranteed residence
Carleton,CH,Arts - Law,Offer,84.6,12/12/2025,,,
Carleton,CH,"Arts - Political Science, Canadian Politics and Public Policy",Offer,87,1/13/2026,,,
Carleton,CHS,Health Sciences,Offer,97.33,10/23/2025,,,
Carleton,CHS,Health Sciences,Offer,91,11/3/2025,,,
Carleton,CHS,Health Sciences,Offer,87.5,11/4/2025,,,
Carleton,CHS,Health Sciences,Offer,95.16,11/25/2025,,,
Carleton,CHS,Health Sciences,Offer,88.33,11/25/2025,,,
Carleton,CHS,Health Sciences,Offer,85,12/8/2025,,,"Gr 11: AP bio, AP english, Photography, Physics | Gr 12: AP advanced functions, AP chem (i only had 2 courses sem 1) lowk my photography, physics, and adv funcs carried (97, 92, 95)"
Carleton,CHS,Health Sciences,Offer,86.5,12/9/2025,,,"Renewable Entrance Scholarship valued at $8,000, $2,000 in the first year, Guaranteed Residence"
Carleton,CHS,Health Sciences,Offer,86,12/9/2025,,,"first reply i got back, and i also go into their Science - Honours (neuroscience and biology)"
Carleton,CHS,Health Sciences,Offer,94.3,12/16/2025,,,
Carleton,CHS,Health Sciences,Offer,89.6,1/7/2026,,,
Carleton,CHS,Health Sciences,Offer,90.33,1/15/2026,,,
Carleton,CHS,Health Sciences,Offer,90.67,4/20/2026,,,Alternate offer from nursing
Carleton,CJ,Journalism,Offer,85.2,11/4/2025,,,
Carleton,CJH,Journalism and Humanities,Offer,91.5,4/28/2026,,,12k scholarship over 4 years
Carleton,CK,Bachelor of Science,Offer,90.5,4/28/2026,,,Student transfer from Algonquin College CGPA 3.81/4.00
Carleton,CM,Music (BMus),Offer,96,2/24/2026,,,$4000 scholarship.
Carleton,CMA,Mathematics (Economics/Statistics (co-op optional)),Offer,89.83,11/4/2025,,,
Carleton,CMA,Mathematics (Computer Science & Math: Computing Theory & Numerical Methods),Offer,95,11/7/2025,,,great scholarship
Carleton,CMA,Math Statistics with Concentration in Actuarial Science co-op,Offer,80.7,11/28/2025,,,They gave out a generous scholarship and have a therapy dog program and apparently the campus is safe and is surrounded by a lot of nature.
Carleton,CMB,Mathematics (Non-Honours) - Statistics,Offer,84.6,12/12/2025,,,
Carleton,CMP,Media Production and Design,Offer,90.5,12/3/2025,,,$3K scholarship renewable yearly for 4 years ($12K max)
Carleton,CN,Nursing with RN Prescribing,Offer,90.17,4/8/2026,,Volunteering plus music ensembles,Supp app is weighed quite heavily along with your avg
Carleton,CN,Nursing with RN Prescribing,Offer,92.3,4/9/2026,,,
Carleton,CN,Nursing with RN Prescribing,Offer,92,4/9/2026,,,3k scholarship
Carleton,CN,Nursing with RN Prescribing,Waitlisted,92,4/10/2026,,,"Waitlisted, given alternative to Health Sciences - I got into Nursing at UOttawa so this was just my backup"
Carleton,CN,Nursing with RN Prescribing,Deferred,90,4/21/2026,,,
Carleton,CN,Nursing with RN Prescribing,Offer,90.5,5/8/2026,,,
Carleton,CN,Nursing with RN Prescribing,Offer,92,5/12/2026,,12 years of volunteer work,
Carleton,CN,Nursing with RN Prescribing,Offer,90.16,5/18/2026,,,
Carleton,CN,Nursing with RN Prescribing,Offer,91.66,,,"I talked about balancing volunteering at school, nursing homes and working part time with doing well in school",
Carleton,COD,"Computer Science, Co-op",Offer,95.43,10/22/2025,,,
Carleton,COD,"Computer Science, Co-op (Artificial Intelligence and Machine Learning)",Offer,95.17,10/22/2025,,,
Carleton,COD,"Computer Science, Co-op (Artificial Intelligence and Machine Learning)",Offer,93,10/22/2025,,,
Carleton,COD,Computer Science,Offer,97.33,10/23/2025,,,$16k scholarship
Carleton,COD,"Computer Science, Co-op",Offer,94.5,10/23/2025,,,"Renewable Entrance Scholarship valued at $16,000; $4,000 in the first year; Already completed 4 grade 12 courses (all STEM)"
Carleton,COD,"Computer Science, Software Engineering, Co-op",Offer,92.83,10/23/2025,,,
Carleton,COD,"Computer Science, Co-op (Artificial Intelligence and Machine Learning)",Offer,90.54,10/23/2025,,,
Carleton,COD,"Computer Science, Co-op",Offer,95.5,11/5/2025,,,
Carleton,COD,"Computer Science, Co-op (Artificial Intelligence and Machine Learning)",Offer,92.16,11/5/2025,,,IB
Carleton,COD,"Computer Science, Co-op (Artificial Intelligence and Machine Learning)",Offer,85.8,11/11/2025,,,Ranked it 9th of 10 on OUAC. Also applied to Computer Systems Engineering with Co-op as choice 10 of 10 but no offer yet.
Carleton,COD,"Computer Science, Software Engineering, Co-op",Offer,98.33,11/12/2025,,,
Carleton,COD,"Computer Science, Co-op (Artificial Intelligence and Machine Learning)",Offer,,12/11/2025,,,"12k$ entrance scholarship, 93 top 6 84 overall average CEGEP"
Carleton,COD,"Computer Science, Co-op",Offer,86.3,1/7/2026,,I was a part of the robotics and chess club at my school. I also did some small side projects at home like making a website using Wix and creating a roblox game.,I didn't take IB or AP cuz normal classes at my high school were already tough.
Carleton,COD,Computer Science,Offer,92.33,1/15/2026,,,"IBDP, 12k scholarship(3k renewable)"
Carleton,COD,"Computer Science, Co-op (Artificial Intelligence and Machine Learning)",Offer,87.67,1/21/2026,,,
Carleton,COD,Computer Science,Offer,85.3,4/27/2026,,,
Carleton,CPX,Public Affairs and Policy Management,Offer,93.5,10/15/2025,,,
Carleton,CPX,Public Affairs and Policy Management,Offer,93.4,10/23/2025,,,"IB courses, resulted in me already having 2 grade courses/credits by the end of gr 11."
Carleton,CPX,Public Affairs and Policy Management,Offer,90,10/23/2025,,,
Carleton,CPX,Public Affairs and Policy Management,Offer,95,11/7/2025,,,
Carleton,CPX,Public Affairs and Policy Management,Offer,98,11/11/2025,,,
Carleton,CPX,Public Affairs and Policy Management,Offer,95.2,11/12/2025,,,
Carleton,CPX,"Public Affairs and Policy Management, Specialization in International Policy Studies (International Relations and Conflict)",Offer,95,11/12/2025,,,"AP exams and IB Diploma, francophone school"
Carleton,CPX,Public Affairs and Policy Management,Offer,94,11/12/2025,,,
Carleton,CPX,Public Affairs and Policy Management,Offer,94.11,12/9/2025,,,
Carleton,CPX,Public Affairs and Policy Management (Public Policy & Administration: Economic Policy (co-op optional)),Offer,84,1/12/2026,,,
Carleton,CPX,Public Affairs and Policy Management,Offer,88,1/15/2026,,,
Carleton,CR,Architectural Studies: Design,Offer,97.5,3/26/2026,,"12 piece portfolio, as well as coming up with a theme that unifies these pieces.",$16k scholarship
Carleton,CR,Architectural Studies: Design,Deferred,85,3/30/2026,,,Deferred to alternate choice: Carleton University - Engineering: Architectural Conservation & Sustainability
Carleton,CR,Architectural Studies: Design,Deferred,89,3/31/2026,,,Deferred to History and Theory of Architecture (HTA)
Carleton,CRC,Architectural Studies: Conservation & Sustainability,Offer,90,3/26/2026,,"Was pretty easy, if you need info text me on inst: quxiwez",good luck buddies!
Carleton,CRU,Architectural Studies: Urbanism,Offer,90,3/27/2026,,Pretty easy guys,GOOD LUCK EVERYONE
Carleton,CSD,Data Science,Offer,90,11/5/2025,,,
Carleton,CT,"Science: Geomatics, Co-operative Education",Offer,92.33,10/28/2025,,,"IB Courses; $16k scholarship ($4k in first year, renewable)"
Carleton,CT,Science: Biochemistry,Offer,92,11/11/2025,,,
Carleton,CT,Science: Physics (Experimental),Offer,95.67,1/13/2026,,,
Columbia,,Neuroscience,Offer,98.89,3/27/2026,,"Two time Canada-Wide Science Fair medallist, a bunch of ecs, nationally ranked for a couple clubs, school ski team, newspaper, yearbook",I'm not going to the US rn
Embry-Riddle Aeronautical University,,Aeronautical Science (Flight),Offer,90.83,2/11/2026,,1 paragraph answer about why you want to pursue a BSc in Aeronautical Science and extra-curriculars.,best university in the world for aviation
Guelph,GAS,Arts & Science,Offer,96.33,11/17/2025,,,$2000 entry scholarship
Guelph,GAS,Arts & Science,Offer,96,12/15/2025,,,
Guelph,GAS,Arts & Science,Offer,95,12/15/2025,,,
Guelph,GAS,Arts & Science,Offer,88.5,12/15/2025,,,
Guelph,GAS,Arts & Science,Offer,81,4/15/2026,,,"Literally don’t stress, I was so stressed with my average but it worked out!"
Guelph,GBA,Civil Engineering,Offer,91.6,2/26/2026,,,
Guelph,GBD,Management Economics & Finance (Co-op option),Offer,98.33,11/17/2025,,,IB Diploma
Guelph,GBD,Management Economics & Finance (Co-op option),Offer,97.17,11/17/2025,,,$2000 scholarship
Guelph,GBD,Management Economics & Finance (Co-op option),Offer,93.5,2/3/2026,,,
Guelph,GBD,Management Economics & Finance (Co-op option),Offer,93,2/3/2026,,,
Guelph,GBD,Management Economics & Finance,Offer,89.83,2/26/2026,,,
Guelph,GBD,Management Economics & Finance,Offer,86,3/5/2026,,,
Guelph,GBD,Management Economics & Finance (No co-op),Offer,80,3/5/2026,,,
Guelph,GBE,Marketing Management (Co-op option),Offer,93,2/3/2026,,,
Guelph,GBE,Marketing Management (Co-op option),Offer,93,2/3/2026,,,
Guelph,GBE,Marketing Management (No Coop),Offer,86.5,2/3/2026,,,
Guelph,GBE,Marketing Management (Co-op),Offer,87,2/26/2026,,,
Guelph,GBE,Marketing Management (Co-op),Offer,89.25,3/5/2026,,,89.25 sem 1
Guelph,GBF,Management (Co-op option),Offer,92.67,11/17/2025,,Extra Curriculars and Awards,
Guelph,GBF,Management (Co-op option),Offer,96,12/15/2025,,,
Guelph,GBF,Management (Co-op option),Offer,88.83,2/2/2026,,,
Guelph,GBI,Biomedical Engineering (Co-op),Offer,95.5,2/3/2026,,,+3k Entrance Scholarship
Guelph,GBI,Biomedical Engineering,Offer,93.2,2/3/2026,,,
Guelph,GBI,Biomedical Engineering (Co-Op),Offer,90.5,2/25/2026,,,
Guelph,GBI,Biomedical Engineering,Offer,94,2/26/2026,,,
Guelph,GBI,Biomedical Engineering (Co-op),Offer,92.2,2/26/2026,,,didn't do supp app
Guelph,GBI,Biomedical Engineering,Offer,92.17,2/26/2026,,,
Guelph,GBI,Biomedical Engineering,Offer,91.2,2/26/2026,,,1k scholarship
Guelph,GBI,Biomedical Engineering (Co-op),Offer,90.5,2/26/2026,,,Didn't do optional supp app; $1000 entrance scholarship; 70% conditional.
Guelph,GBI,Biomedical Engineering,Offer,87,2/26/2026,,"School band, tutoring, music council, part-time job",Rep at OUF said to aim for 95% average to get into bme so don't know how this happened ... shocked but happy
Guelph,GBI,Biomedical Engineering (Co-op),Offer,87.5,5/2/2026,,,
Guelph,GBI,Biomedical Engineering (Co-op),Offer,87.33,5/4/2026,,"President of a club, leadership exec role in 3+ other clubs, worked part-time, 100+ volunteer hours","shocked because i was told this program needed high 90s to get in, lowkey think my supp app boosted my chance."
Guelph,GBI,Biomedical Engineering (Co-op),Offer,83,5/4/2026,,,
Guelph,GBI,Biomedical Engineering (Co-op),Offer,95,5/19/2026,,,Applied after the OUAC Jan 10 deadline but still got accepted. I had physics & chem & calculus in second sem but they didn't seem to ask for proof of taking them (I sent it by email in case).
Guelph,GBJ,"Government, Economics and Management",Offer,90.6,2/3/2026,,,
Guelph,GBK,Commerce (Accounting),Offer,83,2/26/2026,,Still did the SPF form.,
Guelph,GBK,Commerce (Accounting Co-Op),Offer,89,5/4/2026,,,
Guelph,GBL,Computer Engineering (Co-op),Offer,93.6,12/15/2025,,,
Guelph,GBL,Computer Engineering,Offer,97,2/2/2026,,,
Guelph,GBL,Computer Engineering (Co-op),Offer,91,2/3/2026,,,Entrance Scholarship
Guelph,GBL,Computer Engineering,Offer,89,2/3/2026,,,
Guelph,GBL,Computer Engineering,Offer,86.33,2/26/2026,,,
Guelph,GBL,Computer Engineering (Co-op),Offer,88.7,5/4/2026,,,
Guelph,GBM,Biomedical Engineering (Co-op),Offer,98,12/15/2025,,,
Guelph,GBM,Biomedical Engineering (Co-op),Offer,96.5,12/15/2025,,,currently registered to write the AP Bio exam.
Guelph,GBM,Biological Engineering,Offer,99.33,2/3/2026,,,
Guelph,GBM,Biological Engineering,Offer,88,2/3/2026,,,
Guelph,GBM,Biomedical Engineering (Co-op),Offer,92,2/26/2026,,,
Guelph,GBN,Environmental Engineering,Offer,95,12/15/2025,,,IBDP candidate
Guelph,GBN,Environmental Engineering,Offer,94,1/8/2026,,,
Guelph,GBN,Environmental Engineering (Co-op),Offer,90,2/3/2026,,,
Guelph,GBR,Water Resources Engineering (Co-op admission only),Offer,85,2/3/2026,,,
Guelph,GBS,Software Engineering,Offer,99.2,11/17/2025,,,
Guelph,GBS,Software Engineering,Offer,93.6,11/17/2025,,,
Guelph,GBS,Software Engineering,Offer,93.17,12/12/2025,,,
Guelph,GBS,Software Engineering,Offer,93.5,12/15/2025,,,
Guelph,GBS,Software Engineering,Offer,90.2,2/3/2026,,,
Guelph,GBU,Undeclared,Offer,92,12/12/2025,,,
Guelph,GBU,Undeclared (First year only),Offer,95.83,12/15/2025,,didnt do the optional supplement,scholarship
Guelph,GBU,Commerce,Offer,89.5,2/3/2026,,,
Guelph,GBX,Sport and Event Management,Offer,90,2/3/2026,,,
Guelph,GBX,Sport and Event Management (Commerce),Offer,83.5,5/4/2026,,,Alternate offer (No co-op)
Guelph,GCJ,Criminal Justice and Public Policy,Offer,96.33,11/17/2025,,,
Guelph,GCJ,Criminal Justice and Public Policy,Offer,93.67,12/15/2025,,,
Guelph,GCJ,Criminal Justice and Public Policy,Offer,95,2/3/2026,,,$2000 scholarship
Guelph,GCJ,Criminal Justice and Public Policy,Offer,92,2/26/2026,,Didn't do the SPF,$1K Scholarship
Guelph,GCJ,Criminal Justice and Public Policy,Offer,91.67,2/26/2026,,,
Guelph,GCJ,Criminal Justice and Public Policy,Offer,87.33,3/4/2026,,,
Guelph,GCJ,Criminal Justice and Public Policy - coop,Offer,92.2,3/5/2026,,,
Guelph,GCJ,Criminal Justice and Public Policy - coop,Offer,91.67,3/5/2026,,,
Guelph,GCT,Computer Science,Offer,96,11/17/2025,,,$1000 Entrance Scholarship
Guelph,GCT,Computer Science,Offer,90.54,11/17/2025,,,
Guelph,GCT,Computer Science,Offer,93.17,12/12/2025,,,
Guelph,GCT,Computer Science (Co-op option),Offer,87.67,1/8/2026,,,
Guelph,GCT,Computer Science,Offer,93.5,2/3/2026,,,"IB French SL in Gr 11, also in Gr 12 but in 2nd sem so they didn't see that mark"
Guelph,GCT,Computer Science,Offer,81,2/26/2026,,,
Guelph,GEA,Environmental Sciences,Offer,95,12/15/2025,,,IBDP candidate
Guelph,GEA,Environmental Sciences (co-op),Offer,87.17,3/5/2026,,,
Guelph,GEK,Engineering Systems and Computing (Co-op admission only),Offer,93,11/18/2025,,,
Guelph,GEK,Engineering Systems and Computing (Co-op admission only),Offer,93.16,12/15/2025,,,
Guelph,GEK,Engineering Systems and Computing (Co-op admission only),Offer,91.3,2/3/2026,,,
Guelph,GEK,Engineering Systems and Computing (Co-op admission only),Offer,88.7,2/3/2026,,,
Guelph,GEK,Engineering Systems and Computing (Co-op admission only),Offer,88,2/3/2026,,,Did not do optional sup app
Guelph,GEK,Engineering Systems and Computing (Co-op admission only),Offer,82,5/4/2026,,,
Guelph,GEK,Engineering Systems and Computing (Co-op admission only),Offer,80,5/4/2026,,,got in with a 80 percent you got this
Guelph,GHG,Bio Resource Management Equine,Offer,94,2/3/2026,,,
Guelph,GHR,B. Comm Real Estate Co-op,Offer,92.3,11/17/2025,,,
Guelph,GHR,Real Estate,Offer,87.2,3/10/2026,,,
Guelph,GHT,Commerce (Hospitality and Tourism),Offer,83,11/17/2025,,,
Guelph,GK,"Arts, Culture and Technology Studies Coop",Offer,92,11/14/2025,,,
Guelph,GK,Economics,Offer,92,11/14/2025,,,
Guelph,GK,Arts (Philosophy),Offer,95.83,12/12/2025,,,$2000 scholarship
Guelph,GK,Quantitative Economics and Finance,Offer,92.67,12/15/2025,,,
Guelph,GK,Studio Art,Offer,92,12/15/2025,,,
Guelph,GK,Arts,Offer,86.7,12/16/2025,,,
Guelph,GK,Economics,Offer,86,2/4/2026,,,
Guelph,GK,Justice & Legal Studies,Offer,92,2/26/2026,,,$1K Scholarship
Guelph,GK,Political Science,Offer,86.33,2/26/2026,,,
Guelph,GK,Political Science,Offer,85.7,2/26/2026,,,
Guelph,GK,History,Offer,85.33,2/26/2026,,strong,
Guelph,GK,Political Science,Deferred,83,3/5/2026,,,"applied for co op, but got alternative for regular program"
Guelph,GK,Justice & Legal Studies,Offer,85.67,3/5/2026,,,
Guelph,GK,Arts,Offer,79.33,3/5/2026,,,
Guelph,GK,Economics Co-op,Offer,85.2,3/18/2026,,,
Guelph,GL,Landscape Architecture,Offer,90.33,5/7/2026,,,IBDP
Guelph,GMB,Biological Engineering,Offer,94.3,12/15/2025,,,2000 entrance
Guelph,GME,Mechanical Engineering (Co-op),Offer,97.33,11/17/2025,,,
Guelph,GME,Mechanical Engineering (Co-op),Offer,95,12/15/2025,,didn't do it,"This was offer 2/6 that I got. I got this one @ 4:19 PM sem 1 midterms (top 6): GRADE 11 ANTHRO [100], comp sci [97], english (online summer school) [93], leadership [87], physics [97], adv func [96] (entrance scholarship of $2,000)"
Guelph,GME,Mechanical Engineering (Co-op),Offer,97.42,2/3/2026,,,$6000 entrance scholarship and guaranteed residency
Guelph,GME,Mechanical Engineering (Co-op),Offer,95.5,2/3/2026,,,+3k Entrance Scholarship
Guelph,GME,Mechanical Engineering (Co-op),Offer,95,2/3/2026,,,
Guelph,GME,Mechanical Engineering (Co-op),Offer,94.67,2/3/2026,,,
Guelph,GME,Mechanical Engineering (Co-op),Offer,94.5,2/3/2026,,Didn’t fill out SPF,
Guelph,GME,Mechanical Engineering (Co-op),Offer,94.4,2/3/2026,,,
Guelph,GME,Mechanical Engineering (Co-op),Offer,92.83,2/3/2026,,,
Guelph,GME,Mechanical Engineering (Co-op),Offer,94,2/26/2026,,,
Guelph,GME,Mechanical Engineering (Co-op),Offer,93,2/26/2026,,,
Guelph,GME,Mechanical Engineering (Co-op),Offer,92,2/26/2026,,"First Robotics 5 yrs, EV car club, Track & Field, Hockey, XC","$1000 entrance scholarship, did 3 SHSM programs, FI & DELF exam"
Guelph,GME,Mechanical Engineering (Co-op),Offer,91,2/26/2026,,,
Guelph,GME,Mechanical Engineering (Co-op),Offer,90.5,4/14/2026,,didn't fill out spf,
Guelph,GME,Mechanical Engineering (Co-op),Offer,92.17,5/4/2026,,,
Guelph,GME,Mechanical Engineering (Co-op),Offer,88.8,5/11/2026,,,
Guelph,GME,Mechanical Engineering (Co-op),Offer,88.88,5/14/2026,,"aerospace intern 1 yr, financial literacy club vp",i had a 65 in chem but its chill also took a lot of elearn
Guelph,GMH,Mathematics,Offer,92.5,1/6/2026,,,
Guelph,GMH,Mathematics,Offer,79.5,2/3/2026,,,
Guelph,GMR,Mechatronics Engineering,Offer,96,11/17/2025,,,
Guelph,GMR,Mechatronics Engineering,Offer,97,12/15/2025,,Didn't do spf,
Guelph,GMR,Mechatronics Engineering Co-op,Offer,92.5,2/26/2026,,"International Competitor (swimming), leadership position for school and swim",$1000 entrance scholarship + $3000 AFA scholarship
Guelph,GMR,Mechatronics Engineering,Offer,92.5,2/26/2026,,,lowk had a friend get in with a high 80 into comp eng so jus have a 87+ for a guarantee. do the spf if ur not sure u'll get in
Guelph,GMR,Mechatronics Engineering,Offer,92,2/26/2026,,,no scholarship :(
Guelph,GMR,Mechatronics Engineering Co-op,Offer,92,2/26/2026,,"First Robotics, EV car club, Skills competition, hockey. XC, Track and Field",$1000 scholarship
Guelph,GMR,Mechatronics Engineering,Offer,91.6,2/26/2026,,,
Guelph,GMR,Mechatronics Engineering Co-op,Offer,91.5,2/26/2026,,,
Guelph,GMR,Mechatronics Engineering Co-op,Offer,90,2/26/2026,,didn’t complete spf,surprised bc i only did chem and adv func as gr 12 courses so far and my gr 11 marks weren’t the best
Guelph,GMR,Mechatronics Engineering,Offer,90,2/26/2026,,,
Guelph,GOH,Bachelor of One Health (Co-op),Offer,96,11/17/2025,,,$2000 entry scholarship
Guelph,GOH,Bachelor of One Health (Co-op),Deferred,83.5,5/4/2026,,,Alternative Offer - Bachelor of one health (No co-op)
Guelph,GPA,Agriculture,Offer,79,2/3/2026,,,
Guelph,GPS,"Arts, Psychology Coop",Offer,96.7,11/17/2025,,,
Guelph,GPS,"Arts, Psychology Coop",Offer,96,12/15/2025,,,"$2,000 scholarship"
Guelph,GPS,"Arts, Psychology",Offer,93.67,12/15/2025,,,
Guelph,GPS,"Arts, Psychology",Offer,95,2/3/2026,,,$2000 scholarship
Guelph,GPS,"Arts, Psychology",Offer,94,2/3/2026,,,
Guelph,GPS,"Arts, Psychology Coop",Offer,93.8,2/3/2026,,,$1000 scholorship
Guelph,GPS,"Arts, Psychology",Offer,90.5,2/3/2026,,,
Guelph,GPS,"Arts, Psychology Coop",Offer,91.83,2/26/2026,,,
Guelph,GPS,"Arts, Psychology Coop",Offer,91.17,2/26/2026,,,$1000 scholarship
Guelph,GPS,"Arts, Psychology Coop",Offer,88.3,3/5/2026,,,
Guelph,GPS,"Arts, Psychology Coop",Offer,88,3/5/2026,,"Two leadership positions, two TVRA sports, a couple of event planning clubs, an IMPACT award.",
Guelph,GPS,"Arts, Psychology",Offer,82.75,3/5/2026,,,
Guelph,GQT,Hospitality and Tourism management (co-op option),Offer,86,11/17/2025,,,
Guelph,GS,Applied Human Nutrition,Offer,90.8,12/16/2025,,,
Guelph,GS,Applied Human Nutrition,Offer,90,2/3/2026,,,Wishing you all the best!
Guelph,GS,Applied Human Nutrition,Offer,81.83,3/5/2026,,,grade 12 average (4 courses): 91.5. average with grade 11 chem and adv functions: 81.83
Guelph,GS,Applied Human Nutrition,Offer,83,3/31/2026,,,
Guelph,GZ,"Science, Biological & Medical Physics",Offer,96.33,11/17/2025,,,$2000 entry scholarship
Guelph,GZ,"Science, Biological & Medical Physics",Offer,95.6,11/17/2025,,,
Guelph,GZ,"Science, Biochemistry Co-op",Offer,95,11/17/2025,,,$2000 additional scholarship
Guelph,GZ,"Science, Biological & Medical Physics",Offer,93.8,11/17/2025,,,
Guelph,GZ,"Science, Neuroscience Co-op",Offer,93.7,11/17/2025,,,$1000 Entrance Scholarship
Guelph,GZ,"Science, Microbiology & Immunology (co-op)",Offer,92,11/17/2025,,,$1000 entrance scholarship
Guelph,GZ,"Science, Food Science Co-op",Offer,91.83,11/17/2025,,,
Guelph,GZ,"Science, Biological & Medical Physics",Offer,91,11/17/2025,,,
Guelph,GZ,"Science, Plant Sciences",Offer,90.17,11/17/2025,,,
Guelph,GZ,"Science, Biological & Medical Physics",Offer,89.17,11/17/2025,,,
Guelph,GZ,"Science, Neuroscience",Offer,95.17,12/15/2025,,,
Guelph,GZ,"Science, Neuroscience Co-op",Offer,94.5,12/15/2025,,,
Guelph,GZ,"Science, Biological & Medical Physics",Offer,88,12/15/2025,,,
Guelph,GZ,Health Sciences,Offer,93.4,2/2/2026,,,
Guelph,GZ,"Science, Physics (Co-op)",Offer,95.67,2/3/2026,,,2k scholarship
Guelph,GZ,"Science, Neuroscience Co-op",Offer,94.8,2/3/2026,,,
Guelph,GZ,"Science, Biological & Pharmaceutical Chemistry (coop)",Offer,94.67,2/3/2026,,,
Guelph,GZ,Science,Offer,94.33,2/3/2026,,,
Guelph,GZ,"Science, Biochemistry",Offer,93.5,2/3/2026,,,$1000 scholarship
Guelph,GZ,Science,Offer,92.83,2/3/2026,,,
Guelph,GZ,"Science, Biochemistry",Offer,91.2,2/3/2026,,,1k scholarship
Guelph,GZ,"Science, Biochemistry Honours Co-op",Offer,89.5,2/3/2026,,,
Guelph,GZ,"Science, Food Science",Offer,88,2/3/2026,,,Offer comes with co-op
Guelph,GZ,"Science, Biological & Pharmaceutical Chemistry",Offer,87,2/3/2026,,,
Guelph,GZ,"Science, Biomedical and Toxicology",Offer,85,2/3/2026,,,
Guelph,GZ,"Science, Biochemistry",Offer,91.1,2/5/2026,,,2k entrance scholarship
Guelph,GZ,"Science, Biological Science",Deferred,94.17,2/26/2026,,,Applied for Biomed sci and got deferred
Guelph,GZ,"Science, Biological Science",Offer,90.67,2/26/2026,,,
Guelph,GZ,"Science, Wildlife Biology & Conservation",Offer,89.66,2/26/2026,,,
Guelph,GZ,"Science, Biomedical Toxicology (co-op)",Offer,85,2/26/2026,,,
Guelph,GZ,"Science, Wildlife Biology & Conservation",Offer,91.83,3/4/2026,,,"Also received alternate offer to non-coop degree as well (and animal bio). AP Bio, Calc and English."
Guelph,GZ,"Science, Biochemistry",Offer,86.83,3/4/2026,,,
Guelph,GZ,"Science, Biological & Pharmaceutical Chemistry",Offer,84.5,3/4/2026,,,
Guelph,GZ,"Science, Molecular Biology and Genetics",Deferred,82.17,3/5/2026,,,"I did physics in summer, and AP Seminar in grade 11 (HSE4MA) which gave me six 4U/M courses before second semester midterm. I also took AP Research (HRE4MA) and AP Biology (no exam or anything). I was also deferred from MBG co-op but got in MFB co-op."
Guelph,GZ,"Science, Biological Science",Offer,88.67,3/5/2026,,,"It is a alternate Offer I got, I choose Biomedical science program (GZB)"
Guelph,GZ,"Science, Biological Science",Offer,88.5,3/5/2026,,,Alternative offer for Biomedical sciences
Guelph,GZ,"Science, Biochemistry Co-op",Offer,88,3/5/2026,,,
Guelph,GZ,"Science, Molecular Biology and Genetics",Offer,88,3/5/2026,,,"Applied to coop, got an alternate offer to just regular"
Guelph,GZ,"Science, Biological Science",Offer,88,3/5/2026,,,
Guelph,GZ,"Science, Molecular Biology and Genetics",Offer,88,3/5/2026,,,I sucked a chem so just really try in bio and functions
Guelph,GZ,"Science, Biochemistry Co-op",Offer,87.83,3/5/2026,,,
Guelph,GZ,"Science, Biochemistry",Offer,86,3/5/2026,,,
Guelph,GZ,Science,Offer,85.17,3/5/2026,,,
Guelph,GZ,"Science, Biochemistry",Offer,83,3/5/2026,,,
Guelph,GZ,"Science, Marine and Freshwater Biology",Offer,82.17,3/5/2026,,,"I did physics in summer, and AP Seminar in grade 11 (HSE4MA) which gave me six 4U/M courses before second semester midterm. I also took AP Research (HRE4MA) and AP Biology (no exam or anything)."
Guelph,GZ,"Science, Microbiology & Immunology",Offer,86.93,3/17/2026,,,"Alternate offer (no-coop), 70% conditional offer, honours major program"
Guelph,GZ,"Science, Human Health & Nutritional Sciences",Offer,90,3/18/2026,,,
Guelph,GZ,"Science, Microbiology & Immunology",Offer,87,3/18/2026,,,
Guelph,GZ,"Science, Human Health & Nutritional Sciences",Offer,93.8,3/19/2026,,,
Guelph,GZ,"Science, Neuroscience Co-op",Offer,86,3/31/2026,,"Mentioned Harvard course, volunteering with kids in a swimming pool etc.","AP Advanced functions, AP Chem, AP Bio, AP Calc. For my supp app I answered the questions directly, but i also connected it back to how i grew from it!"
Guelph,GZ,"Science, Biological Science",Offer,86,5/2/2026,,,
Guelph,GZ,"Science, Neuroscience",Offer,92.8,5/4/2026,,,
Guelph,GZ,"Science, Biological Science",Offer,90.67,5/4/2026,,"Club roles as exec and president, worked part-time, 100+ volunteer hours","Alternate offer, first choice is biomedical science"
Guelph,GZ,"Science, Neuroscience",Offer,90.6,5/4/2026,,,
Guelph,GZ,"Science, Neuroscience",Offer,90,5/4/2026,,,
Guelph,GZ,"Science, Biological Science",Offer,90,5/4/2026,,,
Guelph,GZ,"Science, Zoology",Offer,90,5/4/2026,,,Didn’t do spf
Guelph,GZ,"Science, Zoology",Offer,90,5/4/2026,,,Didn’t do spf
Guelph,GZ,"Science, Neuroscience",Offer,90,5/4/2026,,,
Guelph,GZ,"Science, Biological Science",Offer,89,5/4/2026,,,
Guelph,GZ,"Science, Biological Science",Offer,88.17,5/4/2026,,Strong  ECs,
Guelph,GZ,"Science, Biological Science",Offer,85.3,5/4/2026,,,
Guelph,GZ,"Science, Biological Science",Offer,85.16,5/4/2026,,"AAA baseball, Varsity baseball, Varsity Swim, Lifeguard & Instructor",
Guelph,GZ,"Science, Biological Science",Offer,85,5/4/2026,,,
Guelph,GZ,"Science, Biological Science",Offer,85,5/4/2026,,,
Guelph,GZ,"Science, Biological Science",Offer,83.5,5/4/2026,,,
Guelph,GZ,"Science, Zoology",Rejected,83.5,5/25/2026,,I had extenuating circumstances and I thought my SPF was quite good too,I have no idea why I was rejected even though i got into marine and freshwater bio with co op in march which is super similar
Guelph,GZA,Animal Biology,Offer,96.17,10/15/2025,,,
Guelph,GZA,Animal Biology,Offer,98.5,11/17/2025,,,$2000 entrance scholarship
Guelph,GZA,Animal Biology,Offer,94,2/3/2026,,,$1000 scholarship
Guelph,GZA,Animal Biology,Offer,93.83,2/3/2026,,,$1000 scholarship
Guelph,GZA,Animal Biology,Offer,92.8,2/3/2026,,,
Guelph,GZA,Animal Biology,Offer,92,3/5/2026,,"Volunteer at Veterinary Clinic, CO-OP At Veterinary Clinic",
Guelph,GZA,Animal Biology,Rejected,87.35,5/25/2026,,,kinda knew i wouldnt get in
Guelph,GZB,Bio-Medical Science,Offer,94.6,11/7/2025,,,
Guelph,GZB,Bio-Medical Science,Offer,98.5,11/17/2025,,,$2000 entrance scholarship
Guelph,GZB,Bio-Medical Science,Offer,97.67,11/17/2025,,,This was based off my grade 11 marks. My nondisclosure date for Sem 1 hadn’t passed yet
Guelph,GZB,Bio-Medical Science,Offer,97.5,11/17/2025,,,
Guelph,GZB,Bio-Medical Science,Offer,97.1,11/17/2025,,,
Guelph,GZB,Bio-Medical Science,Offer,96.5,11/17/2025,,,
Guelph,GZB,Bio-Medical Science,Offer,95.67,11/17/2025,,,All IB courses
Guelph,GZB,Bio-Medical Science,Offer,95.67,11/17/2025,,,
Guelph,GZB,Bio-Medical Science,Offer,95,11/17/2025,,,Received entrance scholarship of $2000
Guelph,GZB,Bio-Medical Science,Offer,95,11/17/2025,,,$2000 entrance scholarship
Guelph,GZB,Bio-Medical Science,Offer,98.67,12/15/2025,,,entrance scholarship of $2000!
Guelph,GZB,Bio-Medical Science,Offer,96.75,12/15/2025,,,
Guelph,GZB,Bio-Medical Science,Offer,94.75,12/15/2025,,,
Guelph,GZB,Bio-Medical Science,Offer,94,12/15/2025,,,
Guelph,GZB,Bio-Medical Science,Offer,95,1/8/2026,,I didn't do the supp app,2k scholarship
Guelph,GZB,Bio-Medical Science,Offer,94,1/8/2026,,,
Guelph,GZB,Bio-Medical Science,Offer,90,2/2/2026,,,
Guelph,GZB,Bio-Medical Science,Offer,94.8,2/3/2026,,,
Guelph,GZB,Bio-Medical Science,Offer,94.33,2/3/2026,,,
Guelph,GZB,Bio-Medical Science,Offer,94,2/3/2026,,,$1000 scholarship
Guelph,GZB,Bio-Medical Science,Offer,94.17,2/26/2026,,,
Guelph,GZB,Bio-Medical Science,Offer,93.8,2/26/2026,,,
Guelph,GZB,Bio-Medical Science,Offer,93.5,2/27/2026,,,
Guelph,GZB,Bio-Medical Science,Offer,93.2,2/27/2026,,,
Guelph,GZB,Bio-Medical Science,Offer,93.66,3/1/2026,,,
Guelph,GZB,Bio-Medical Science,Offer,92,3/4/2026,,,
Guelph,GZB,Bio-Medical Science,Deferred,87.67,3/5/2026,,,Deferred to Biological Science
Guelph,GZB,Bio-Medical Science,Offer,91.5,3/5/2026,,,
Guelph,GZB,Bio-Medical Science,Offer,91.5,3/5/2026,,,average was a 91.5 when I got accepted but has improved since
Guelph,GZB,Bio-Medical Science,Offer,86,3/31/2026,,"I mentioned my harvard certificate, volunteering with kids and how it shaped me, and when they asked about academic strengths, i didn't say ""smart"" or stuff like that, I talked about how the difficult part was balancing heavy AP science and math courses.","At first i got deferred in February, but I guess my supp app helped a lot? BE YOURSELF and show your thinking"
Guelph,GZB,Bio-Medical Science,Offer,94.67,4/15/2026,,,got 1k entrance scholarship
Guelph,GZB,Bio-Medical Science,Offer,92.5,5/4/2026,,,
Guelph,GZB,Bio-Medical Science,Offer,92.17,5/4/2026,,,"70% conditional, $1000 scholarship"
Guelph,GZB,Bio-Medical Science,Offer,91.83,5/4/2026,,Optional spf,
Guelph,GZB,Bio-Medical Science,Offer,91.6,5/4/2026,,,I got an alternative offer around early march. I had a 90 around the time.
Guelph,GZB,Bio-Medical Science,Offer,92.67,5/5/2026,,,
Guelph,GZK,Human Kinetics,Offer,92.83,2/2/2026,,,
Guelph,GZK,Human Kinetics,Offer,95.17,2/3/2026,,,
Guelph,GZK,Human Kinetics,Offer,94.33,2/3/2026,,,
Guelph,GZK,Human Kinetics,Offer,93,2/3/2026,,,
Guelph,GZK,Human Kinetics,Offer,91.3,2/3/2026,,,
Guelph,GZK,Human Kinetics,Offer,89,2/26/2026,,,
Guelph,GZK,Human Kinetics,Offer,87.5,3/4/2026,,,
Guelph,GZK,Human Kinetics,Offer,90.5,3/5/2026,,,
Guelph,GZK,Human Kinetics,Offer,88.17,5/4/2026,,Strong ECs,
Guelph,SBO,Accounting & Finance (Co-op),Offer,90,2/21/2026,,,
Guelph,WF,Health Sciences (Co-op and Regular),Offer,93.33,2/5/2026,,,
Guelph-Humber,GHK,Kinesiology,Offer,85,11/20/2025,,,
Guelph-Humber,GHK,Kinesiology,Offer,85.3,12/16/2025,,,
Guelph-Humber,GHK,Kinesiology AND Diploma in Fitness and Health Promotion,Offer,83.83,1/7/2026,,,
Guelph-Humber,GMP,Justice Studies AND Diploma in Police Foundations,Offer,80.5,12/12/2025,,,
Guelph-Humber,GMT,Applied Arts in Media & Communication Studies and Diploma in Media Communications,Offer,89.33,11/21/2025,,,Conditional offer.
Harvard,,"Studies of Women, Gender, and Sexuality",Offer,99.9,2/9/2026,,,
King's College London,,General Engineering,Offer,94.67,2/10/2026,,,"Full IB 40/45 (HL Math AA, Chemistry, English Lit; SL French ab, Physics, History)"
Lakehead,AAH,Nursing,Offer,95,12/1/2025,,,"I think I got in on the 28th of November, but only got the email 1st dec. Also, no mention of an entrance scholarship in the letter of admission. Gl all"
Lakehead,AAH,Nursing,Offer,88,12/14/2025,,,
Lakehead,AAH,Nursing,Offer,88.66,12/17/2025,,,"Conditional Offer (must maintain 70% average and minimum 60% in all pre-reqs Eng, Bio, Chem, Math)"
Lakehead,AK,Concurrent Education (Primary/Junior - Teach Kindergarten to Grades 6) (Environmental Sustainability (Arts & Sciences) (Orillia)),Offer,90.83,11/27/2025,,,Received after midterms
Lakehead,AK,Concurrent Education (P/J and History major),Offer,84.3,11/27/2025,,,
Lakehead,AK,Concurrent Education Primary Junior (Orillia),Offer,96,12/4/2025,,,
Lakehead,AL,Concurrent Education (I/S English Major),Offer,87.53,11/25/2025,,,
Lakehead,AL,Concurrent Education (I/S History TBAY),Offer,96.83,11/28/2025,,,Fast tracked G12 in G11.
Lakehead,ATT,Bachelor of Commerce,Offer,70.2,2/6/2026,,,"Jumping for joy, this was my reach school. boutta make millions and make it out of the hood fr"
Laurentian,LAK,Concurrent Education Arts - Junior/Intermediate,Offer,95.5,10/20/2025,,,
Laurentian,LAS,Concurrent Education with Outdoor Adventure Leadership,Offer,90,10/27/2025,,,
Laurentian,LCQ,Crimonology,Offer,82,12/18/2025,,,
Laurentian,LEE,Engineering - Mining,Offer,86.5,11/6/2025,,,"IB courses (HL Math, Physics, History). Don't do IB kids. Also got the Academic Excellence scholarship worth $6000."
Laurentian,LJB,concurent education with social work,Offer,80.83,10/21/2025,,,
Laurentian,LJD,Concurrent Education with Indigenous Social Work,Offer,84.33,3/20/2026,,Volunteer work with children,
Laurentian,LNE,Nursing,Offer,94.83,11/12/2025,,,
Laurentian,LNE,Nursing,Offer,88,12/1/2025,,,"$6000 conditional Scholarship - grade must be higher than 80% for $1000, 85-90% for $6000.  i think they used AI to determine Acceptance, my application was submitted on a Fri 1am with application fees payment via credit card from flywire to OUAC, however, an offer was given on Monday!  i was told that it will take 2-3 days for OUAC to receive the payment."
Laurentian,LNE,Nursing,Offer,92,2/17/2026,,,
Laurentian,LNE,Nursing,Offer,86.83,2/19/2026,,,
Laurentian,LNE,Nursing,Offer,91,3/12/2026,,,$12000 Scholarship (President Academic Excellence Award)
Laurentian,LNE,Nursing,Offer,80.83,5/6/2026,,,
Laurentian,LNO,Behavioural Neuroscience,Offer,85.66,10/15/2025,,,
Laurentian,LOE,Sports Administration,Offer,90.83,2/12/2026,,,
Laurentian,LOI,Business Administration - Marketing,Offer,91.33,10/24/2025,,,Received a 12k conditional scholarship (3k per year)
Laurentian,LRK,Concurrent Education Science – Junior/Intermediate,Offer,95.16,10/17/2025,,,
Laurentienne,LPC,Pharmaceutical sciences,Offer,92,11/4/2025,,,
Laurier,UAI,Women & Gender Studies,Offer,88,11/24/2025,,,
Laurier,UAL,Applied Health Science (BASc),Offer,87.5,10/16/2025,,didn't do ABS,70% conditional
Laurier,UAL,Applied Health Science (BASc),Offer,82.66,11/11/2025,,,
Laurier,UAL,Applied Health Science (BASc),Offer,73.5,11/12/2025,,,VP of Athletic Council; HOSA (4 Yrs) - Got round 2 every time but no ILC; Worked at a clinic and shadowed there
Laurier,UAL,Applied Health Science (BASc),Offer,82,1/10/2026,,,
Laurier,UAV,Arts (BA) and Masters Degree (MA or MSc) at Cardiff University (Archaeology & Heritage Studies),Offer,91,10/24/2025,,,Did not fill out ABS.
Laurier,UB,Business Administration (BBA),Offer,95.5,10/4/2025,,,
Laurier,UB,Business Administration (BBA),Offer,98.2,10/14/2025,,,
Laurier,UB,Business Administration (BBA),Offer,92.5,10/14/2025,,,
Laurier,UB,Business Administration (BBA),Offer,96,10/15/2025,,,
Laurier,UB,Business Administration (BBA),Offer,95.8,10/15/2025,,,
Laurier,UB,Business Administration (BBA),Offer,95.33,10/15/2025,,,
Laurier,UB,Business Administration (BBA),Offer,91,10/15/2025,,,
Laurier,UB,Business Administration (BBA),Offer,96.5,10/16/2025,,,
Laurier,UB,Business Administration (BBA),Offer,96.3,10/16/2025,,,
Laurier,UB,Business Administration (BBA),Offer,92.33,10/16/2025,,,$3k scholarship
Laurier,UB,Business Administration (BBA),Offer,94,10/17/2025,,,
Laurier,UB,Business Administration (BBA),Offer,90.5,10/18/2025,,,"Leadership Experience, Extracurriculars, etc"
Laurier,UB,Business Administration (BBA),Offer,97,10/22/2025,,,$4000/ year scholarship
Laurier,UB,Business Administration (BBA),Offer,96,10/22/2025,,,
Laurier,UB,Business Administration (BBA),Offer,93.88,10/22/2025,,,
Laurier,UB,Business Administration (BBA),Offer,98.17,10/23/2025,,Did not do optional supp app,$4000 scholarship
Laurier,UB,Business Administration (BBA),Offer,96.83,10/24/2025,,,
Laurier,UB,Business Administration (BBA),Offer,94.17,10/24/2025,,,AP Calculus AB
Laurier,UB,Business Administration (BBA),Offer,92.79,10/28/2025,,,"I didn't do the ABS; Asked to answer a few questions but I didn't even get to it; I completed some Grade 12 courses in Grade 11 which was probably factored in (Advanced Functions, Law, Economics, Social Ethics)"
Laurier,UB,Business Administration (BBA),Offer,94,11/5/2025,,,
Laurier,UB,Business Administration (BBA),Offer,92.3,11/5/2025,,,
Laurier,UB,Business Administration (BBA),Offer,97,11/6/2025,,,
Laurier,UB,Business Administration (BBA),Offer,95.17,11/6/2025,,Didn't complete,$4k renewable entrance scholarship. Already had one 4U course completed (ENG4U through summer school) at the time of the decision.
Laurier,UB,Business Administration (BBA),Offer,93,11/7/2025,,,86 grade 11 average
Laurier,UB,Business Administration (BBA),Offer,97.17,11/8/2025,,,$4000 entrance scholarship
Laurier,UB,Business Administration (BBA),Offer,96.5,11/8/2025,,,
Laurier,UB,Business Administration (BBA),Offer,95.33,11/8/2025,,,
Laurier,UB,Business Administration (BBA),Offer,94.6,11/8/2025,,,
Laurier,UB,Business Administration (BBA),Offer,94,11/8/2025,,,
Laurier,UB,Business Administration (BBA),Offer,93.33,11/8/2025,,"DECA Regionals Champion, IBT, work, volunteering",3k scholarship
Laurier,UB,Business Administration (BBA),Offer,93.33,11/8/2025,,,83 conditional
Laurier,UB,Business Administration (BBA),Offer,93,11/8/2025,,,
Laurier,UB,Business Administration (BBA),Offer,93,11/8/2025,,,
Laurier,UB,Business Administration (BBA),Offer,92.8,11/8/2025,,Did not complete,"3k Entrance scholarship, no 4U/M courses completed"
Laurier,UB,Business Administration (BBA),Offer,92.14,11/8/2025,,,"Did ABS; talked about SHSM coop, volunteering, and tutoring; 3k entrance scholarship; only g11 marks"
Laurier,UB,Business Administration (BBA),Offer,91.5,11/8/2025,,,
Laurier,UB,Business Administration (BBA),Offer,91.5,11/8/2025,,,
Laurier,UB,Business Administration (BBA),Offer,91,11/8/2025,,,
Laurier,UB,Business Administration (BBA),Offer,90.5,11/8/2025,,,
Laurier,UB,Business Administration (BBA),Offer,90,11/8/2025,,,"3k scholarship. 6 years of choir outside of school, helped start my school’s choir, participated in representative roles for my school’s drama department, participated in theatre outside of school for 1 year."
Laurier,UB,Business Administration (BBA),Offer,89,11/8/2025,,,"Coaching, leadership, many part time jobs, camp counsellor, 150+ volunteer hours"
Laurier,UB,Business Administration (BBA),Offer,89,11/8/2025,,,Data management completed in summer school (95%)
Laurier,UB,Business Administration (BBA),Offer,87.5,11/8/2025,,,
Laurier,UB,Business Administration (BBA),Offer,96,11/12/2025,,,
Laurier,UB,Business Administration (BBA),Offer,88,11/17/2025,,,
Laurier,UB,Business Administration (BBA),Offer,96,11/22/2025,,,
Laurier,UB,Business Administration (BBA),Offer,91.7,11/25/2025,,,
Laurier,UB,Business Administration (BBA),Offer,89.2,11/25/2025,,"Two exchange years, business owner generating 4 figures of income each month, 500+ work hours, leader at best buddies club","I had a 68% in grade 11 english, and some other poor grades too so I made sure to dial in for the grade 12 versions. On the AIF I talked about my experience at the best buddies club and navigating my emotions while working with people affected by disabilities. I have some pretty notable EC’s, but as long as you’re brief and honest you should be ok."
Laurier,UB,Business Administration (BBA),Offer,87.67,11/25/2025,,,
Laurier,UB,Business Administration (BBA),Offer,98,11/26/2025,,,
Laurier,UB,Business Administration (BBA),Offer,97,11/26/2025,,,
Laurier,UB,Business Administration (BBA),Offer,97,11/26/2025,,,
Laurier,UB,Business Administration (BBA),Offer,96.67,11/26/2025,,,$4000 entrance scholarship
Laurier,UB,Business Administration (BBA),Offer,96.16,11/26/2025,,Didn’t even do it - wasn’t going to bother since i knew my marks were way above the cutoff.,Honestly average is the only thing that matters. Get it above like a 92 to GUARANTEE a spot
Laurier,UB,Business Administration (BBA),Offer,95.67,11/26/2025,,,
Laurier,UB,Business Administration (BBA),Offer,95,11/26/2025,,,
Laurier,UB,Business Administration (BBA),Offer,94.83,11/26/2025,,"Talked about my high level hockey refereeing, scheduling a big hockey tournament",
Laurier,UB,Business Administration (BBA),Offer,94.67,11/26/2025,,AAA hockey,
Laurier,UB,Business Administration (BBA),Offer,94,11/26/2025,,,I filled out the optional supp
Laurier,UB,Business Administration (BBA),Offer,94,11/26/2025,,I filled out the optional supp,
Laurier,UB,Business Administration (BBA),Offer,93.33,11/26/2025,,,
Laurier,UB,Business Administration (BBA),Offer,93,11/26/2025,,,Did not do ABS.
Laurier,UB,Business Administration (BBA),Offer,93,11/26/2025,,I completed the supp app,$3000 scholarship
Laurier,UB,Business Administration (BBA),Offer,93,11/26/2025,,,
Laurier,UB,Business Administration (BBA),Offer,92.83,11/26/2025,,,Its my safety
Laurier,UB,Business Administration (BBA),Offer,92.5,11/26/2025,,,my average is inflated because I took co op and a rly easy online course in gr 11. my top 6 avg without them is an 89 and ik ppl with a worse avg than that who got in gl
Laurier,UB,Business Administration (BBA),Offer,92,11/26/2025,,,3k scholarship
Laurier,UB,Business Administration (BBA),Offer,92,11/26/2025,,,
Laurier,UB,Business Administration (BBA),Offer,91.16,11/26/2025,,,
Laurier,UB,Business Administration (BBA),Offer,91,11/26/2025,,,Submitted ABS
Laurier,UB,Business Administration (BBA),Offer,90,11/26/2025,,"DECA, secretary general for Model United Nations, Black history comittee, Track and Field, Academy Band",I had a 78 in advanced functions
Laurier,UB,Business Administration (BBA),Offer,90,11/26/2025,,,
Laurier,UB,Business Administration (BBA),Offer,90,11/26/2025,,,did functions and english 12u in grade 11
Laurier,UB,Business Administration (BBA),Offer,85,11/26/2025,,5 years work experience,(I am an indigenous student) + $3000 scholarship
Laurier,UB,Business Administration (BBA),Offer,94,11/28/2025,,,
Laurier,UB,Business Administration (BBA),Offer,92.5,11/29/2025,,,Given $3000 scholarship
Laurier,UB,Business Administration (BBA),Offer,89,11/29/2025,,,
Laurier,UB,Business Administration (BBA),Offer,95,12/4/2025,,,
Laurier,UB,Business Administration (BBA),Offer,91,12/10/2025,,,
Laurier,UB,Business Administration (BBA),Offer,95.17,12/19/2025,,,+ President's Gold Scholarship Award
Laurier,UB,Business Administration (BBA),Offer,90.75,12/19/2025,,,"AP Bio, AP Stats, AP English, AP Calc"
Laurier,UB,Business Administration (BBA),Offer,90.33,12/19/2025,,,
Laurier,UB,Business Administration (BBA),Offer,93.8,1/3/2026,,"startup(raised 30k USD), TKS, DECA, lifeguard/instructor job",
Laurier,UB,Business Administration (BBA),Offer,95,1/22/2026,,,
Laurier,UB,Business Administration (BBA),Offer,93.5,1/22/2026,,,
Laurier,UB,Business Administration (BBA),Offer,87,1/22/2026,,,
Laurier,UB,Business Administration (BBA),Offer,89.5,2/2/2026,,,
Laurier,UB,Business Administration (BBA),Offer,90,2/21/2026,,Started and managed piano business. Created and lead multiple events for school. Leader in clubs,
Laurier,UB,Business Administration (BBA),Offer,89.66,2/21/2026,,,
Laurier,UB,Business Administration (BBA),Offer,88.1,2/21/2026,,,
Laurier,UB,Business Administration (BBA),Offer,87.5,2/21/2026,,,
Laurier,UB,Business Administration (BBA),Offer,86.88,2/21/2026,,,
Laurier,UB,Business Administration (BBA),Offer,91.83,2/25/2026,,,
Laurier,UB,Business Administration (BBA),Offer,90.06,4/23/2026,,,
Laurier,UB,Business Administration (BBA),Deferred,86.83,5/14/2026,,"Strong supp app, but average below BBA range; grades seemed much more important.",Deferred to Economics (BA) with Management Option; conditional 75% top-six average
Laurier,UB,Business Administration (BBA),Deferred,83.5,5/14/2026,,Js questions,Deferred to business technology management +3k scholarship
Laurier,UB,Business Administration (BBA),Deferred,80.7,5/14/2026,,,Got deferred into BBTM at their Milton campus
Laurier,UBF,Business Administration (BBA) and Financial Mathematics and Analytics (BA) Double Degree,Offer,97.17,10/24/2025,,,
Laurier,UBF,Business Administration (BBA) and Financial Mathematics and Analytics (BA) Double Degree,Offer,96,10/24/2025,,,
Laurier,UBF,Business Administration (BBA) and Financial Mathematics and Analytics (BA) Double Degree,Offer,97.33,10/25/2025,,,
Laurier,UBF,Business Administration (BBA) and Financial Mathematics and Analytics (BA) Double Degree,Offer,94.5,11/4/2025,,,
Laurier,UBF,Business Administration (BBA) and Financial Mathematics and Analytics (BA) Double Degree,Offer,95.8,11/7/2025,,,4k scholarship
Laurier,UBF,Business Administration (BBA) and Financial Mathematics and Analytics (BA) Double Degree,Offer,93.4,11/8/2025,,,
Laurier,UBF,Business Administration (BBA) and Financial Mathematics and Analytics (BA) Double Degree,Offer,93.16,11/8/2025,,,
Laurier,UBF,Business Administration (BBA) and Financial Mathematics and Analytics (BA) Double Degree,Offer,95.6,11/27/2025,,Didn’t do,Completed 4 gr 12 courses in gr11
Laurier,UBF,Business Administration (BBA) and Financial Mathematics and Analytics (BA) Double Degree,Offer,94.5,11/27/2025,,,
Laurier,UBF,Business Administration (BBA) and Financial Mathematics and Analytics (BA) Double Degree,Offer,97,11/28/2025,,Didn’t complete,
Laurier,UBF,Business Administration (BBA) and Financial Mathematics and Analytics (BA) Double Degree,Offer,93.5,11/29/2025,,,99 MDM4U Final
Laurier,UBF,Business Administration (BBA) and Financial Mathematics and Analytics (BA) Double Degree,Offer,90,12/19/2025,,,
Laurier,UBF,Business Administration (BBA) and Financial Mathematics and Analytics (BA) Double Degree,Offer,98.5,1/23/2026,,,
Laurier,UBF,Business Administration (BBA) and Financial Mathematics and Analytics (BA) Double Degree,Offer,93.3,1/23/2026,,Did not complete.,$3000 entrance scholarship
Laurier,UBF,Business Administration (BBA) and Financial Mathematics and Analytics (BA) Double Degree,Offer,94.17,5/4/2026,,,
Laurier,UBF,Business Administration (BBA) and Financial Mathematics and Analytics (BA) Double Degree,Offer,92.5,5/4/2026,,I lit chat gpt the entire ABS if tha helps,
Laurier,UBF,Business Administration (BBA) and Financial Mathematics and Analytics (BA) Double Degree,Offer,93.67,5/5/2026,,,
Laurier,UBI,Biochemistry and Biotechnology,Offer,91,10/15/2025,,,$3000 scholarship
Laurier,UBI,Biochemistry and Biotechnology,Offer,91.67,10/24/2025,,,Offer was with management option and $3000 entrance scholarship. I had 5 grade 12 courses that I had already completed included in my top 6 average
Laurier,UBI,Biochemistry and Biotechnology,Offer,87.5,10/29/2025,,"HOSA Executive, Yearbook editor and cover designer.",
Laurier,UBI,Biochemistry and Biotechnology,Offer,85.67,12/1/2025,,,Didn't do ABS
Laurier,UBI,Biochemistry and Biotechnology,Deferred,80.3,5/16/2026,,,Deferred to core sciences
Laurier,UDS,Data Science (BSc) with Management,Offer,92.5,10/18/2025,,,
Laurier,UDS,Data Science (BSc),Offer,91.3,12/11/2025,,,pretty bad g11 good g12
Laurier,UDS,Data Science (BSc),Offer,92.5,1/14/2026,,,
Laurier,UHC,Chemistry,Offer,89.17,11/7/2025,,,3k Scholarship
Laurier,UHP,Psychology BA,Offer,95,10/16/2025,,,
Laurier,UHP,Psychology BA,Offer,95.5,10/23/2025,,,"$3,000 scholarship"
Laurier,UHX,Health Studies/Master's at Brighton Sussex Medical,Offer,91,11/12/2025,,,
Laurier,UHX,Health Studies/Master's at Brighton Sussex Medical,Offer,91.2,11/14/2025,,,
Laurier,UKP,Kinesiology,Offer,90.5,10/31/2025,,,
Laurier,UKP,Kinesiology,Offer,95.17,11/8/2025,,,
Laurier,UKP,Kinesiology,Offer,84,11/8/2025,,,
Laurier,UKP,Kinesiology,Offer,91.3,12/11/2025,,,
Laurier,UKP,Kinesiology,Offer,83.84,3/19/2026,,,
Laurier,ULA,Law Degree (LLB) at University of Sussex and Arts Degree (BA) at Laurier,Offer,86.8,10/15/2025,,,
Laurier,ULA,Law Degree (LLB) at University of Sussex and Arts Degree (BA) at Laurier,Offer,93.33,10/16/2025,,"DECA, IBT, Work, Volunteering",3k
Laurier,ULA,Law Degree (LLB) at University of Sussex and Arts Degree (BA) at Laurier,Offer,92,10/23/2025,,,"Laurier did have a supp app, however I did not do it."
Laurier,ULA,Law Degree (LLB) at University of Sussex and Arts Degree (BA) at Laurier,Offer,93.33,11/8/2025,,,"Conditional 75, 3k entrance scholarship"
Laurier,ULA,Law Degree (LLB) at University of Sussex and Arts Degree (BA) at Laurier,Offer,96.33,11/25/2025,,,
Laurier,UM,Music (BMus) - (Music - Electric Bass),Offer,96,3/15/2026,,,Completely bombed the audition but had a good interview.
Laurier,UQ,Criminlogy,Offer,82.35,10/28/2025,,,
Laurier,UQ,Arts (BA) - Law & Society,Offer,85,11/1/2025,,,
Laurier,UQ,Crimonology,Offer,82,12/17/2025,,,
Laurier,UQ,Arts (BA) - Law & Society,Offer,84.6,12/18/2025,,,
Laurier,UQ,Arts (BA) - Law & Society,Offer,80,12/19/2025,,,
Laurier,UQ,Youth and children studies,Offer,86,11/15/2025,,,
Laurier,UQA,Law Degree (LLB) at University of Sussex and Honours Bachelor of Arts Degree (BA) at Laurier,Offer,87.5,11/12/2025,,,
Laurier,UQC,Arts (BA) and Master of Business Administration (MBA),Offer,92,11/11/2025,,,
Laurier,UQC,Arts (BA) and Master of Business Administration (MBA),Offer,88,11/14/2025,,,
Laurier,UUE,User Experience Design,Offer,94.17,1/17/2026,,,Bruh i did the application yesterday and today i got in
Laurier,UWB,"Business Administration (BBA) and Computer Science (BCS) at University of Waterloo Double Degree, Waterloo Campus",Offer,98.3,5/8/2026,,,
Laurier,UWB,"Business Administration (BBA) and Computer Science (BCS) at University of Waterloo Double Degree, Waterloo Campus",Offer,96.5,5/8/2026,,"FTC robotics programmer, DECA cluster leader, part time job, talked about outreach in ftc, volunteering",regular high school
Laurier,UWB,"Business Administration (BBA) and Computer Science (BCS) at University of Waterloo Double Degree, Waterloo Campus",Offer,96.33,5/8/2026,,,"I am a full IB student (so when my IB exam results come in July 6 or 7, English, French, and both Maths are subject to change) ENG4UW was 93 MHF4UW was 97 MCV4UW was 97 SPH4UW was 97 HZT4UW (Theory of Knowledge) was 97 FSF4UW was 97"
Laurier,UWB,"Business Administration (BBA) and Computer Science (BCS) at University of Waterloo Double Degree, Waterloo Campus",Deferred,95,5/13/2026,,Lots of clubs and volunteering,Deferred to BBA x BSc Computer Science Laurier side only
Laurier,UWW,Business Administration (BBA) and Mathematics (BMath) at University of Waterloo Double Degree,Offer,97.5,5/8/2026,,got in anyways. it was probably my avg and my csmc distinction,"good luck, you guys got this :)"
Laurier,UWW,Business Administration (BBA) and Mathematics (BMath) at University of Waterloo Double Degree,Offer,96.33,5/8/2026,,,
Laurier,UWW,Business Administration (BBA) and Mathematics (BMath) at University of Waterloo Double Degree,Offer,95.33,5/8/2026,,,
Laurier,UWW,Business Administration (BBA) and Mathematics (BMath) at University of Waterloo Double Degree,Offer,95,5/8/2026,,"Decca provincials, junior achievement company program, cpa student ambassador, summer lifeguard for 2 years straight, ski coach for 2 years. Talked about my connection to the university as my grandparent worked there as a janitor.",I was so stressed because I got rejected from Mac Eng and I didn't think that I’d get the offer but in hindsight it really is better to just relax if you can once midterms are in. YOU GOT THIS!!!
Laurier,UXA,Business Administration (BBA) and Computer Science (BSc) Double Degree,Offer,94.5,11/5/2025,,,
Laurier,UXA,Business Administration (BBA) and Computer Science (BSc) Double Degree,Offer,94.6,11/8/2025,,,
Laurier,UXA,Business Administration (BBA) and Computer Science (BSc) Double Degree,Offer,96,11/29/2025,,,
Laurier,UXA,Business Administration (BBA) and Computer Science (BSc) Double Degree,Offer,93.17,11/29/2025,,,
Laurier,UXA,Business Administration (BBA) and Computer Science (BSc) Double Degree,Offer,92,11/29/2025,,"National team lacrosse, coding business, RBC internship",
Laurier,UXA,Business Administration (BBA) and Computer Science (BSc) Double Degree,Offer,91,2/21/2026,,,
Laurier,UXA,Business Administration (BBA) and Computer Science (BSc) Double Degree,Offer,92.2,5/14/2026,,"Clubs, sports, and volunteering",
Laurier,UZ,Arts (Political Science),Offer,86.8,10/15/2025,,,
Laurier,UZ,Arts (International Education Studies),Offer,90,10/21/2025,,,Got in based off grade 11 marks alone!
Laurier,UZ,Arts (French),Offer,87.6,10/22/2025,,,
Laurier,UZ,Arts (Archaeology & Heritage Studies),Offer,91,10/30/2025,,,Did not fill out ABS
Laurier,UZ,Arts (Communication Studies),Offer,95,11/3/2025,,"Varsity Cross Country Team (2 years); Varsity Track and Field Team (1 year); Participated and lettered through running 5000m, 3200m, 1600m, and all throwing events; Swim Manager (3 years); Managed the student-athletes in the varsity swim team. I tracked their attendance, necessary forms, and times; Cross Country Manager (2 years); Managed the student-athletes in the varsity cross country team by tracking their attendance, times, going to meets to get unofficial times, etc.; Red Cross Youth (2 years); Volunteered by spending time on posters, promoting blood drives locally, and fundraising for the Red Cross Korea organization; Hitch Hiker’s Guide (4 years); Helped with bake sales for fundraising and participated in the artwork submissions; Film Club (1 year); Helped create and film promotional videos for theatre productions and the school’s winter banquet; Ossembly Student Leaders (1.5 years); Part of a group of students responsible for creating presentations, lesson plans, and activities for the high school OASIS (non-Christian assembly) students every week; Theatre Hair and Make-up Crew; Theatre Hair and Make-up Crew Manager' Managing the different make-up looks for the school’s theatre productions, and organizing materials; ISS Rotary Club (2 years); Helped with volunteering at several shelters throughout 2023-2025; ConnectArt (2 years); A member of the student-led club for connecting children with different forms of art, such as creating music and paintings. Helped volunteer for booths to fundraise for the club twice a year; Children’s Face Painting Volunteer (4 years); Helped face-paint children for 3 hours at school fundraising booths twice a year since 2022; High school-wide art exhibition committee co-director (1 year); Co-directing student-led high school art exhibitions, creating a committee, planning dates, and organizing communication with the school; Prom Committee (1 year); Helped organize the Junior-Senior prom in 2025, creating the theme and planning out the decor. Helping envision the posters and create promotional materials.","AP courses for Group B applicants barely matter, unless you want them for your 4UM courses, 4+ score can be used as credit."
Laurier,UZ,Arts (with management option),Offer,83.5,11/6/2025,,,
Laurier,UZ,Arts (Communications Studies with Management Option),Offer,91,11/7/2025,,,
Laurier,UZ,Arts (undeclared),Offer,84.5,11/21/2025,,,
Laurier,UZ,Arts (Political Science),Offer,86.25,11/26/2025,,,
Laurier,UZ,Arts (Political Science),Offer,84.8,12/20/2025,,,
Laurier,UZ,Arts (Political Science),Offer,85.67,1/17/2026,,,$5000 entry scholarship
Laurier,UZ,Arts (BA),Offer,89.88,2/7/2026,,,
Laurier,UZB,"Arts (BA) and Master's Degree (MA, MAP or MIPP) With Managment Option",Offer,91,2/25/2026,,,
Laurier,UZD,Multid­isciplinary Studies (BA) with Law Degree (JD) at Griffith University,Offer,86.8,11/5/2025,,,
Laurier,UZE,Economics - Management Option,Offer,87,10/16/2025,,,
Laurier,UZE,Economics and financial management,Offer,90.5,10/24/2025,,,
Laurier,UZE,Economics - Management Option,Offer,93.33,11/8/2025,,,"Conditional 75, 3k entrance"
Laurier,UZE,Economics (Economics & Accounting),Offer,87.67,11/8/2025,,,
Laurier,UZF,Biology BSc,Offer,88.5,12/5/2025,,,3k entrance scholarship
Laurier,UZF,Biology BSc,Offer,85,12/20/2025,,,
Laurier,UZF,Biology BSc,Offer,82,1/19/2026,,,ABS supp app
Laurier,UZG,Computer Science (BSc),Offer,88,10/30/2025,,,
Laurier,UZG,Computer Science (BA or BSc),Offer,92,11/4/2025,,,"No supp, got in with 98 adv functions summer school, 88 physics, 90 computer science, and 92 biology summer school, same as tmu i just forgot to put summer school for bio, and over all 92, and 89.5 with 10 % deduct of adv functions"
Laurier,UZG,Computer Science (BA or BSc),Offer,95.83,11/8/2025,,,Full IB
Laurier,UZG,Computer Science (BSc),Offer,75,12/5/2025,,,
Laurier,UZG,Computer Science,Offer,92.5,1/15/2026,,,
Laurier,UZG,Computer Science (BA or BSc),Offer,87.67,1/19/2026,,,
Laurier,UZI,Financial Mathematics and Analytics,Offer,96.33,10/16/2025,,,
Laurier,UZI,Financial Mathematics and Analytics,Offer,92.3,10/16/2025,,,
Laurier,UZI,Financial Mathematics and Analytics,Offer,91,10/16/2025,,,$3000 scholarship
Laurier,UZI,Financial Mathematics and Analytics,Offer,89.83,10/16/2025,,,
Laurier,UZI,Financial Mathematics and Analytics,Offer,91.83,10/29/2025,,,
Laurier,UZI,Financial Mathematics and Analytics,Offer,92.5,1/15/2026,,,
Laurier,UZJ,Geography,Offer,90.2,11/7/2025,,,
Laurier,UZK,Health Sciences,Offer,96.3,10/16/2025,,,
Laurier,UZK,Health Sciences,Offer,96,10/16/2025,,,
Laurier,UZK,Health Sciences,Offer,93,10/16/2025,,,Applied as an Indigenous identifying person
Laurier,UZK,Health Sciences,Offer,92.6,10/16/2025,,,
Laurier,UZK,Health Sciences,Offer,93.83,10/22/2025,,,
Laurier,UZK,Health Sciences,Offer,91.16,10/22/2025,,,
Laurier,UZK,Health Sciences,Offer,91,10/22/2025,,,
Laurier,UZK,Health Sciences,Offer,96,10/24/2025,,,
Laurier,UZK,Health Sciences,Offer,89.93,10/27/2025,,,2.5k entrance scholarship
Laurier,UZK,Health Sciences,Offer,95.5,10/28/2025,,,3k scholarship
Laurier,UZK,Health Sciences,Offer,93,10/28/2025,,,
Laurier,UZK,Health Sciences,Offer,95.6,10/29/2025,,,"4k entrance scholarship, used 3 gr11 marks and 3 gr12 (offer received before midterms)"
Laurier,UZK,Health Sciences,Offer,93.5,10/30/2025,,,
Laurier,UZK,Health Sciences,Offer,91,10/31/2025,,,
Laurier,UZK,Health Sciences,Offer,87.33,10/31/2025,,,
Laurier,UZK,Health Sciences,Offer,92.17,11/5/2025,,,"Partial IB, two grade 12 courses in my top 6."
Laurier,UZK,Health Sciences,Offer,94.33,11/6/2025,,,
Laurier,UZK,Health Sciences,Offer,93.7,11/6/2025,,,
Laurier,UZK,Health Sciences,Offer,93.66,11/6/2025,,,3k entrance scholarship
Laurier,UZK,Health Sciences,Offer,92.6,11/6/2025,,,
Laurier,UZK,Health Sciences,Offer,89.16,11/6/2025,,,
Laurier,UZK,Health Sciences,Offer,88.83,11/6/2025,,,3k entrance scholarship
Laurier,UZK,Health Sciences,Offer,95.16,11/7/2025,,,Didn't do supp app
Laurier,UZK,Health Sciences,Offer,90,11/7/2025,,,
Laurier,UZK,Health Sciences,Offer,81,11/7/2025,,,
Laurier,UZK,Health Sciences,Offer,93,11/8/2025,,,
Laurier,UZK,Health Sciences,Offer,87.5,11/8/2025,,didn't complete it,"75% conditional, got in before sem 1 midterms went out, Waterloo campus"
Laurier,UZK,Health Sciences with Management Option,Offer,91.2,11/20/2025,,,Got $4k President’s Gold Scholarship (which is for 95+ avgs so idk how I got it)
Laurier,UZK,Health Sciences,Offer,94,12/6/2025,,,
Laurier,UZK,Health Sciences,Offer,93.67,12/6/2025,,,"4k presidents scholarship offer as well, confused because my average technically didnt reach the cut off"
Laurier,UZK,Health Sciences,Offer,93.67,12/6/2025,,,Got 4k presidents scholarship despite not reaching min. avg for it?? Also wrote AP lang exam and will be writing 3 more this year
Laurier,UZK,Health Sciences,Offer,93.67,12/6/2025,,,Got president's gold scholarship despite not reaching the 95% min.??
Laurier,UZK,Health Sciences,Offer,92,12/6/2025,,,ABS (didn't complete)
Laurier,UZK,Health Sciences,Offer,90,12/6/2025,,,
Laurier,UZK,Health Sciences,Offer,89.5,12/6/2025,,,"$3,000 scholarship"
Laurier,UZK,Health Sciences,Offer,87,12/6/2025,,,
Laurier,UZK,Health Sciences,Offer,86,12/6/2025,,,you're not doomed and you got this!!
Laurier,UZK,Health Sciences,Offer,85.3,12/6/2025,,,Good luck!
Laurier,UZK,Health Sciences,Offer,85,12/6/2025,,,
Laurier,UZK,Health Sciences,Offer,85,12/6/2025,,,Got a $2 500 admission scholarship (I can't believe I got this too LOL)
Laurier,UZK,Health Sciences,Offer,80.22,12/6/2025,,good ecs but not needed fs,
Laurier,UZK,Health Sciences,Offer,94,12/8/2025,,,
Laurier,UZK,Health Sciences,Offer,85.67,12/8/2025,,,Management option
Laurier,UZK,Health Sciences with Business Management Option,Offer,94,12/9/2025,,,
Laurier,UZK,Health Sciences,Offer,86.5,12/9/2025,,,"Conditional entrance scholarship of $2,500."
Laurier,UZK,Health Sciences,Offer,87.5,12/10/2025,,,
Laurier,UZK,Health Sciences,Offer,86.5,12/19/2025,,,"Do abs, and 2,500 dollar schoolarship"
Laurier,UZK,Health Sciences,Offer,82.83,12/20/2025,,,"I have 3U and 4U AP Biology, AP Seminar, and AP Research, (both 4M) and I had 3U AP Chemistry l but I got 62😭 and I have semester 2 regular chem now."
Laurier,UZK,"Health Sciences (BSc), Waterloo Campus",Offer,92,1/20/2026,,,
Laurier,UZK,Health Sciences,Offer,87.66,1/21/2026,,,completed the ABS form
Laurier,UZK,Health Sciences with Management Option,Offer,86,1/21/2026,,,$2.5k scholarship
Laurier,UZK,Health Sciences,Offer,85.25,1/21/2026,,"Model UN, Volunteering at an organization for people with special needs, LINK Crew",
Laurier,UZK,Health Sciences,Offer,84,2/27/2026,,,
Laurier,UZK,Health Sciences with Management Option,Offer,81.83,2/27/2026,,,"Didn't submit the optional supp app, but my pre reqs are above 85"
Laurier,UZK,Health Sciences,Offer,85,3/25/2026,,,I applied after Jan 15 and I got a response less than a week when I applied.
Laurier,UZK,Health Sciences,Offer,83.5,4/16/2026,,,
Laurier,UZL,Science,Offer,79.35,10/14/2025,,,
Laurier,UZL,Science,Offer,97,11/7/2025,,,
Laurier,UZL,Science,Offer,96,11/25/2025,,,
Laurier,UZL,Science,Offer,92,11/25/2025,,,3K entrance scholarship
Laurier,UZM,"Mathematics (BA or BSc), Waterloo Campus",Offer,87.67,1/21/2026,,,
Laurier,UZN,Psychology (BA or BSc),Offer,89,10/30/2025,,,didn't do supp app
Laurier,UZN,Psychology (BA or BSc),Offer,81.16,11/7/2025,,,
Laurier,UZN,Psychology (BA),Offer,89,12/12/2025,,,
Laurier,UZN,Psychology BSc,Offer,88.7,12/17/2025,,,$2500 entrance scholarship
Laurier,UZN,Psychology and Neuroscience BSC Waterloo Campus,Offer,76,12/17/2025,,,
Laurier,UZN,Psychology BA (with management option),Offer,88,1/22/2026,,,"2.5k$ entrance scholarship, Management option"
Laurier,UZP,Science Degree (BA or BSc) and Master of Business Administration (MBA),Offer,90.5,11/4/2025,,,
Laurier,UZP,Science Degree (BA or BSc) and Master of Business Admini­stration (MBA),Offer,83,3/20/2026,,,
Laurier,UZP,Arts Degree (BA) or Science Degree (BSc) + Master of Business Administration (MBA),Offer,85,4/17/2026,,,
Massachusetts Institute of Technology (MIT),,Mechanical Engineering,Offer,98.3,3/14/2026,,"USAJMO (Grade 9 & 10), USAMO (Grade 11), CWSF, ISEF Grand Award, Ingenious+ Regional Winner, Bunch of math contest stuff, CMO (& Math Camp 2025), CCO (didn't make Team Canada :( ), Diamond Challenge International 3rd Place, Blue Ocean T30. Biomedical Research Intern at Princeton for two years (used that for my projects). Some debate national awards. Non-profit (vague to avoid doxxing) which helped over 2,000 people and had $20,000 in funding, featured on CTV News, CBC and Global News. 2 Research Papers published in undergraduate journals.","Full-IB, Predicted 41/42, Math AA HL (7), Physics HL (7), English LAL HL (6), Chem HL (7), French SL (7), BM SL (7)"
McMaster,Btech,Btech,Rejected,90,5/6/2026,,,They hate me
McMaster,EP,Kinesiology,Offer,92.83,5/1/2026,,,Good luck CO '27!!!
McMaster,MAT,Automotive & Vehicle Engineering Technology I,Offer,92.1,3/4/2026,,"lifeguard, yearbook club, EV team, Part time job",please let me into eng 1
McMaster,MAT,Automotive & Vehicle Engineering Technology I,Offer,92,3/4/2026,,"First Robotics, Rocketry club, Eco club, EV car club, hockey",was my backup. looked neat during tour in Nov
McMaster,MAT,Automotive & Vehicle Engineering Technology I Co-op,Offer,96,3/5/2026,,"Teamp captain, Robotics Team Lead, Student Council",
McMaster,MAT,Automotive & Vehicle Engineering Technology,Offer,88,5/6/2026,,"President of the MSA, Certificates in multiple coding languages, 400 volunteer hours",
McMaster,MAT,Automotive & Vehicle Engineering Technology,Offer,83,5/6/2026,,,Thought i wouldnt get in
McMaster,MB,Business I (Accounting),Offer,95.5,11/26/2025,,,"$3K entrance scholarship, $2k DeGross Award of Excellence Scholarship"
McMaster,MB,Business I,Offer,90.16,12/12/2025,,,
McMaster,MB,Business I,Offer,93,12/18/2025,,,5k scholarship
McMaster,MB,Business I,Offer,98.5,12/19/2025,,,Did not do optional supp app
McMaster,MB,Business I,Offer,96.67,12/19/2025,,Didn't do,$5000 scholarship
McMaster,MB,Business I,Offer,96,12/19/2025,,,
McMaster,MB,Business I,Offer,96,12/19/2025,,,
McMaster,MB,Business I,Offer,96,12/19/2025,,i didnt do the optional supp app,
McMaster,MB,Business I (Finance),Offer,96,12/19/2025,,,
McMaster,MB,Business I (Finance),Offer,95.83,12/19/2025,,Didn't do,scholarship
McMaster,MB,Business I,Offer,95.83,12/19/2025,,Optional - didnt do,
McMaster,MB,Business I,Offer,95.67,12/19/2025,,,Im in IB
McMaster,MB,Business I,Offer,95.67,12/19/2025,,,
McMaster,MB,Business I,Offer,95.67,12/19/2025,,,
McMaster,MB,Business I (Accounting),Offer,95.17,12/19/2025,,"Temple volunteering, club president",
McMaster,MB,Business I,Offer,95,12/19/2025,,,
McMaster,MB,Business I,Offer,94.33,12/19/2025,,,5K in Scholarships
McMaster,MB,Business I,Offer,94.33,12/19/2025,,,
McMaster,MB,Business I,Offer,94.3,12/19/2025,,,Scholarship 3000 + 2000
McMaster,MB,Business I,Offer,94,12/19/2025,,,5K
McMaster,MB,Business I,Offer,93.67,12/19/2025,,,"optional supp I didn’t do, 5000 scholarship"
McMaster,MB,Business I (Finance),Offer,93,12/19/2025,,didn't do,$5000 entrance scholarship
McMaster,MB,Business I,Offer,92.67,12/19/2025,,Extra Curriculars and Awards,
McMaster,MB,Business I,Offer,92.67,12/19/2025,,,
McMaster,MB,Business I,Offer,92.66,12/19/2025,,,5k Entrance Awards
McMaster,MB,Business I,Offer,92.6,12/19/2025,,,5k entrance scholarship
McMaster,MB,Business I,Offer,92.3,12/19/2025,,,
McMaster,MB,Business I,Offer,92,12/19/2025,,,5k
McMaster,MB,Business I,Offer,92,12/19/2025,,,
McMaster,MB,Business I,Offer,92,12/19/2025,,,
McMaster,MB,Business I,Offer,92,12/19/2025,,Optional and didn’t do it,
McMaster,MB,Business I,Offer,92,12/19/2025,,,
McMaster,MB,Business I (Finance),Offer,91.5,12/19/2025,,,
McMaster,MB,Business l,Offer,91,12/19/2025,,,
McMaster,MB,Business I,Offer,90.8,12/19/2025,,,
McMaster,MB,Business l,Offer,87.33,12/19/2025,,,
McMaster,MB,Business I,Offer,86.67,12/19/2025,,,
McMaster,MB,Business I (Finance),Offer,92.67,12/20/2025,,,
McMaster,MB,Business I,Offer,92.5,12/20/2025,,,I had completed adv funcs in gr11 with a 94 which i think helped a lot.
McMaster,MB,Business I,Offer,92,12/27/2025,,,
McMaster,MB,Business I,Offer,96.6,2/6/2026,,Did not do.,5k scholarship. McMaster University Entrance Award(3k) + DeGroote School of Business Award of Excellence(2k).
McMaster,MB,Business I,Offer,95,2/6/2026,,Did not complete,
McMaster,MB,Business I,Offer,95,2/6/2026,,3 (400 word) questions,
McMaster,MB,Business I,Offer,91.5,2/10/2026,,,
McMaster,MB,Business I,Offer,91,2/22/2026,,,
McMaster,MB,Business I,Offer,87,2/24/2026,,,
McMaster,MB,Business I,Offer,91.83,2/25/2026,,,
McMaster,MB,Business I,Offer,90.4,2/25/2026,,,No scholarship or housing guarantee (yet)
McMaster,MB,Business I,Offer,89.8,2/25/2026,,Deca Mun treasurer,
McMaster,MB,Business I,Offer,89.5,2/25/2026,,,
McMaster,MB,Business I,Offer,89,2/25/2026,,"DECA President, IBT Executive, Varsity Soccer, Summer camp Counselling, Leadership programs",
McMaster,MB,Business I (Finance),Offer,88.95,2/25/2026,,,
McMaster,MB,Business I,Offer,87.5,2/25/2026,,,
McMaster,MB,Business I (Finance),Offer,89.5,2/26/2026,,Optional - didn't do,
McMaster,MB,Business I,Offer,87.2,2/26/2026,,"Didn’t do them, got in",
McMaster,MB,Business I (Strategic Management),Offer,87,2/26/2026,,Didn't do it,
McMaster,MB,Business I (Accounting),Offer,91,3/3/2026,,,4% boost
McMaster,MB,Business I,Offer,85.2,3/20/2026,,,
McMaster,MB,Business I,Offer,89.67,5/1/2026,,,
McMaster,MB,Business I,Offer,88.7,5/1/2026,,,
McMaster,MB,Business I,Offer,86.1,5/1/2026,,,Didnt do supp app. Did extenuating circumstances form
McMaster,MB,Business I,Offer,88,5/2/2026,,Didn't really mention ECs except for model UN and dance,
McMaster,MB,Business I,Offer,87.33,5/4/2026,,"SC President, Exec of 4 other clubs, coached two sports, played two sports, medaled in DECA provincials 2026. Membership of 11 total clubs, 200+ volunteer hours.",
McMaster,MB,Business I,Offer,86.83,5/12/2026,,Didn’t do it.,MHF4U 98% + MDM4U 99%
McMaster,MBH,Integrated Business & Humanities I,Offer,93,3/30/2026,,"ECs -chess (for fun), Figure skating, DECA, research project on poverty and drug use in Hamilton, MSA, Study App",Full Diploma IB student. You can do this <3
McMaster,MBH,Integrated Business & Humanities I,Offer,96,4/6/2026,,"Submitted resume with my ECs including Competitive dance, starting my own fundraising initiative, Deca trainer, Job as lifeguard/swim instructor, co president of club, student council.",
McMaster,MBH,Integrated Business & Humanities I,Offer,95.67,4/6/2026,,,
McMaster,MBH,Integrated Business & Humanities I,Offer,94.5,4/6/2026,,"Deca president, makreting intern, swim instructor,",
McMaster,MBH,Integrated Business & Humanities I,Offer,94.17,4/6/2026,,"Started a Micro Business,  Led younger students on a camping trip, Science Instructor for grades 1-3,",
McMaster,MBH,Integrated Business & Humanities I,Offer,94,4/6/2026,,talked about the 4 pillars of the program in my interview which was good,
McMaster,MBH,Integrated Business & Humanities I,Offer,91.8,5/4/2026,,"Tutoring work, Mentor for IBT program, Mock Trial Exec., DECA, Student TA (gr. 6-8), library volunteering, book clubs, band, art council exec","Took advanced night school after getting a mid ahh grade, supp app was way better than my grades..."
McMaster,MBH,Integrated Business & Humanities I,Offer,92.33,5/5/2026,,"hospital accounting volunteer, deca finance training vp, wrestling team captain, mains, also talked about lifeguard certs, french delf, and mun senior del + started a conference",
McMaster,MC,Computer Science I,Offer,95,2/27/2026,,,
McMaster,MC,Computer Science I,Offer,99.67,3/4/2026,,,"AP French, English Lit., Chem., Physics 1, Calc. AB"
McMaster,MC,Computer Science I,Offer,96.3,3/4/2026,,"Have been coding for over 5 years mods. Over 1500 commits on github - open-source contributor. Have created projects with 20K+ downloads, some other with 3K+ users, some other with 30 monthly active users. Lifeguard for 3 years. For Kira, I used stories from my lifeguarding experience, coding experience, and school.",
McMaster,MC,Computer Science I,Offer,93,5/6/2026,,,
McMaster,MCC,Computer Science I (Co-op),Offer,96,2/24/2026,,,
McMaster,MCC,Computer Science I (Co-op),Offer,97.5,3/3/2026,,Mid-Decent ECs,
McMaster,MCC,Computer Science I (Co-op),Offer,97.3,3/3/2026,,"International Engineering competition finalist, 1000+ hours, lots of Waterloo competitions, 9 clubs this year, 5 clubs last year, student council president",
McMaster,MCC,Computer Science I (Co-op),Offer,99.5,3/4/2026,,I absolutely choked on that video it was really bad (I was using it as prep for UofT's),
McMaster,MCC,Computer Science I (Co-op),Offer,99.33,3/4/2026,,Strong answers on all but one question,Did not do AwardSpring
McMaster,MCC,Computer Science I (Co-op),Offer,98.67,3/4/2026,,"talked about winning a few hackathons, lots of music involvement and how that's shaped my character","dont sweat kira, have a list of all your ec's and possible talking points on your wall or something so you are prepared to incorporate your ec's into your answer at any point"
McMaster,MCC,Computer Science I (Co-op),Offer,96,3/4/2026,,"-Played Hockey for 10 years , Peer tutor at high school, Works as an automotive technician for 5 years, Peer mentor",
McMaster,MCC,Computer Science I (Co-op),Offer,95.5,3/4/2026,,"Didn't talk about anything I actually did in the interview, questions were too abstract.",Promoted mass surveillance on KIRA interview (it worked lol)
McMaster,MCC,Computer Science I (Co-op),Offer,95.33,3/4/2026,,"FRC Team, Online certfications for ML and python, Volunteered at McMaster Engineeing facility.",Did not do AwardSpring
McMaster,MCC,Computer Science I (Co-op),Offer,95,3/4/2026,,"Hack the North Attendee, DeltaHacks Attendee, Founder of a hackathon, etc...",Also got into B.Tech program.
McMaster,MCC,Computer Science I (Co-op),Offer,94.67,3/4/2026,,,
McMaster,MCC,Computer Science I (Co-op),Offer,94.6,3/4/2026,,"Swim Team, Ski Club, STEAM Program, Brotherhood Leadership Program, video went great",
McMaster,MCC,Computer Science I (Co-op),Offer,94.5,3/4/2026,,,
McMaster,MCC,Computer Science I (Co-op),Offer,94.44,3/4/2026,,Mid-Good ECs. Mostly leadership initiatives. Very limited CS knowledge and expertise,
McMaster,MCC,Computer Science I (Co-op),Offer,94.33,3/4/2026,,,
McMaster,MCC,Computer Science I (Co-op),Offer,93,3/4/2026,,"Talked about founding school FBLC chapter and leading, President of Computer Science Club, the gym and working out.",english summer school
McMaster,MCC,Computer Science I (Co-op),Offer,93,3/4/2026,,Thought it went decently well,"i dont believe this is real, guaranteed res too; Main ecs: 250k+ view youtube channel; FRC Lead programmer & team coordinator; vex robotics lead programmer; badminton player; summer camp counsellor at stem camp."
McMaster,MCC,Computer Science I (Co-op),Offer,92.33,3/4/2026,,Interview went well. Some questions weren't related to ECs but for the ones that were I mentioned some hobby coding projects.,
McMaster,MCC,Computer Science I (Co-op),Offer,91,3/4/2026,,i thought it went really well,divine intervention
McMaster,MCC,Computer Science I (Co-op),Offer,90.33,3/4/2026,,World and Continental level athletics (niche sport though). Mentioned teaching said sport in written section. Mentioned winning an award at a small engineering competition. Spoke well and answered my questions confidently and clearly.,Avg could be slightly higher depending on how they calculate it.
McMaster,MCC,Computer Science I (Co-op),Offer,97.33,3/5/2026,,I wore a Pokémon shirt,Was this all worth it? I don't think so.
McMaster,MCC,Computer Science I (Co-op),Offer,95.8,3/5/2026,,nothing much,$40000 schollarships
McMaster,MCC,Computer Science I (Co-op),Offer,96,4/8/2026,,"Working at a temple, part of the school badminton team and internship at a tech company","Pretty mid interview overall, good written portion"
McMaster,MCC,Computer Science I (Co-op),Offer,95.16,5/6/2026,,"Talked about FRC, horrible delivery","Didn't take any sciences, submitted TEJ4 and ICS4"
McMaster,MCC,Computer Science I (Co-op),Offer,92.83,5/6/2026,,i was stuttering the entire time for one of the ques.,
McMaster,MCC,Computer Science I (Co-op),Offer,92.6,5/6/2026,,,
McMaster,MCC,Computer Science I (Co-op),Offer,91.83,5/6/2026,,"I honestly messed up the video. But my writing part was good. Throughout the entire supp app, I mostly was revolved around my experience with tech, programming and hardships that I learned to overcome,",Good luck guys.
McMaster,MCC,Computer Science I (Co-op),Offer,91.5,5/6/2026,,"Wrote about Cadets. Talked about school projects, orchestra and personal experience. Kinda rambled and didn't do well on the interview.",
McMaster,MCC,Computer Science I (Co-op),Rejected,84.67,5/6/2026,,,
McMaster,ME,Engineering I,Offer,95,3/4/2026,,"Was lowkey proud of my kira at the time, talked about why its important to take risks, being an immigrant, why its important to take leadership in group projects. I didn't talk about any ECs and I barely even have any",so unexpected
McMaster,ME,Engineering I,Offer,95,3/4/2026,,I thought I bombed it,
McMaster,ME,Engineering I,Offer,94.5,3/4/2026,,"BOMBED supp app only talked about my part time job in a fast food restaurant and my vp position in my school's fitness club, no other ecs.",
McMaster,ME,Engineering I,Offer,93,3/4/2026,,,
McMaster,ME,Engineering I,Offer,91.83,3/4/2026,,Talked about being President of Tutoring Club at my school for a couple questions.,I completely froze during my subapp for 15 seconds and started stuttering... still don't know how I got in.
McMaster,ME,Engineering I,Offer,95.83,3/5/2026,,Tbh I don’t think the interview matters that much,
McMaster,ME,Engineering I,Offer,95.83,3/5/2026,,If ur avg is high enough the interview isn’t that serious (95+),
McMaster,ME,Engineering I,Offer,95,3/11/2026,,,
McMaster,ME,Engineering I,Offer,97.5,3/17/2026,,Nah,
McMaster,ME,Engineering I,Offer,93.5,3/24/2026,,,IB - no HL Math AASL or Physics HL though
McMaster,ME,Engineering I,Offer,98.83,5/6/2026,,,"AP French, English Lit., Chem., Physics 1, Calc. AB"
McMaster,ME,Engineering I,Offer,94.33,5/6/2026,,,
McMaster,ME,Engineering I,Rejected,95.17,5/6/2026,,,
McMaster,ME,Engineering I,Rejected,94.5,5/6/2026,,,
McMaster,ME,Engineering I,Rejected,94,5/6/2026,,,
McMaster,ME,Engineering I,Rejected,94,5/6/2026,,Terrible supp app,
McMaster,ME,Engineering I,Rejected,91.33,5/6/2026,,Did alright. Mentioned wanting to join the CAF as an engineer after I graduated. Forgot to mention I did FRC for 2 years as a designer.,"Make sure you apply to safeties, guys"
McMaster,ME,Engineering I,Rejected,86.67,5/6/2026,,"Volunteer at a thrift store, leading a robotics club, mentoring young girls in track running.",
McMaster,MEC,Engineering I (Co-op),Offer,92.33,12/2/2025,,,
McMaster,MEC,Engineering I (Co-op),Offer,99,12/9/2025,,,
McMaster,MEC,Engineering I (Co-op),Offer,96.83,12/17/2025,,"Mentioned club exec, volunteering, overall smooth interview","Finished 2 APs, doing 5 more"
McMaster,MEC,Engineering I (Co-op),Offer,"3.96/4.0, A-Level A*A*A*A*",1/14/2026,,I don’t remember it very well because I didn’t care much about it. I breezed through the questions I don’t remember struggling or stuttering.,"Group B - Canadian citizen from Quebec, on an exchange year in Shanghai"
McMaster,MEC,Engineering I (Co-op),Offer,"3A*s , 1B (international A Levels)",2/6/2026,,,
McMaster,MEC,Engineering I (Co-op),Offer,96,2/20/2026,,"Head of IT and Innovation, WRO Nationals, Volunteering",
McMaster,MEC,Engineering I (Co-op),Offer,95,2/23/2026,,"My Supp app went super welll, I cooked on the questions. My ecs had nothing to do with engineering btw, my most notable one is that I founded a club for students of colour and I volunteered at my school often.","I am doing a full AP course work so that might also add to it, and I tried to talk about my MOST important Ecs on the interview"
McMaster,MEC,Engineering I (Co-op),Offer,95,2/23/2026,,"Ultimate Frisbee, Debate, Volunteering at Senior home",
McMaster,MEC,Engineering I (Co-op),Offer,94.83,2/23/2026,,,
McMaster,MEC,Engineering I (Co-op),Offer,A*A*AA (international A Levels),2/27/2026,,"attended math comps like SASMO, AMO, 3rd in national basketball league (school), self balancing robot project, virtual work experience for Heathrow Airport","conditional offer : maintain average ""B""s in all subjects (Math , Physics , CS , Further Math)"
McMaster,MEC,Engineering I (Co-op),Offer,97.67,3/3/2026,,"Just yapped. Talked about some engineering experience in a school course, not much else notable.",
McMaster,MEC,Engineering I (co-op),Offer,97.3,3/3/2026,,"International Engineering competition finalist, 1000+ hours, lots of Waterloo competitions, 9 clubs this year, 5 clubs last year, student council president",
McMaster,MEC,Engineering I (Co-op),Offer,97,3/3/2026,,none,did AP chem. thought my supp app was horrible but got in
McMaster,MEC,Engineering I (Co-op),Offer,100,3/4/2026,,Ngl I didn't talk about my ECs. I talked about how I would respond to certain situations.,Free choice
McMaster,MEC,Engineering I (Co-op),Offer,100,3/4/2026,,"Got lucky with my questions, they were easy to yap + incorporate ECs into.","I only have an 100 top 3 average (which is what mac uses for whatever reason), its not my true top 6."
McMaster,MEC,Engineering I (Co-op),Offer,99.33,3/4/2026,,Strong answers for all but one question,Did not do AwardSpring
McMaster,MEC,Engineering I (Co-op),Offer,99.3,3/4/2026,,,free choice + 3k
McMaster,MEC,Engineering I (Co-op),Offer,99.3,3/4/2026,,,
McMaster,MEC,Engineering I (Co-op),Offer,99,3/4/2026,,Talked about starting the intramural program at my school (did not mention other ECs),IB Diploma
McMaster,MEC,Engineering I (Co-op),Offer,99,3/4/2026,,Below average interview,Free choice
McMaster,MEC,Engineering I (Co-op),Offer,98.67,3/4/2026,,"only really talked about one EC, most of the questions were really open-ended and i honestly felt like i didn't do well at all",
McMaster,MEC,Engineering I (Co-op),Offer,98.67,3/4/2026,,Decent interview,Free choice
McMaster,MEC,Engineering I (Co-op),Offer,98.67,3/4/2026,,"talked about winning a few hackathons, lots of music involvement and how that's shaped my character","dont sweat kira, have a list of all your ec's and possible talking points on your wall or something so you are prepared to incorporate your ec's into your answer at any point"
McMaster,MEC,Engineering I (Co-op),Offer,98.67,3/4/2026,,"The interview went terrible imo. I kind of did it last minute with 0 preparation and I got cut off for one of the questions, and the answers I gave for the other ones aren't rly that good.",Good Luck everyone!
McMaster,MEC,Engineering I (Co-op),Offer,98.33,3/4/2026,,"Cadets, Research, School Newspaper and Podcast","5 on AP Physics 1, doing AP Chem, Phys 2, and Calc AB this year. do some practice interviews beforehand, they'll probably help out a lot."
McMaster,MEC,Engineering I (Co-op),Offer,98.33,3/4/2026,,,
McMaster,MEC,Engineering I (Co-op),Offer,98.3,3/4/2026,,,
McMaster,MEC,Engineering I (Co-op),Offer,98.16,3/4/2026,,Mid Interview,Free Choice
McMaster,MEC,Engineering I (Co-op),Offer,98,3/4/2026,,,Free choice
McMaster,MEC,Engineering I (Co-op),Offer,98,3/4/2026,,bad,
McMaster,MEC,Engineering I (Co-op),Offer,98,3/4/2026,,,
McMaster,MEC,Engineering I (Co-op),Offer,98,3/4/2026,,Good supp app mainly emphasized Entrepreneurship you need to practice for ts,Got 3k entrance and also did repeat a course (Mac doesn’t care)
McMaster,MEC,Engineering I (Co-op),Offer,98,3/4/2026,,,Got Free Choice
McMaster,MEC,Engineering I (Co-op),Offer,98,3/4/2026,,,
McMaster,MEC,Engineering I (Co-op),Offer,97.8,3/4/2026,,"Nothing too crazy, just athletic council vice president and like DECA provincial champion",
McMaster,MEC,Engineering I (Co-op),Offer,97.67,3/4/2026,,"FRC lead, Aerospace club co-pres, air cadet, employed",B.Tech
McMaster,MEC,Engineering I (Co-op),Offer,97.67,3/4/2026,,Good supp app.,Free Choice.
McMaster,MEC,Engineering I (Co-op),Offer,97.67,3/4/2026,,Interview wasn’t that good ngl,
McMaster,MEC,Engineering I (Co-op),Offer,97.66,3/4/2026,,Completely sold this one,
McMaster,MEC,Engineering I (Co-op),Offer,97.66,3/4/2026,,pres of relay4life,+Free Choice +$3k scholarship
McMaster,MEC,Engineering I (Co-op),Offer,97.6,3/4/2026,,,
McMaster,MEC,Engineering I (Co-op),Offer,97.5,3/4/2026,,,
McMaster,MEC,Engineering I (Co-op),Offer,97.5,3/4/2026,,I had no ECs because I only took school serious gr12 talked about sports and health problems,free choice
McMaster,MEC,Engineering I (Co-op),Offer,97.33,3/4/2026,,"Good written answer, mediocre oral",
McMaster,MEC,Engineering I (Co-op),Offer,97.33,3/4/2026,,"VP of Clash Royale Club, MUN Senior Secretariat of Training, FBLC Training Executive, Captain of Ultimate Frisbee Team, Captain of Badminton Team, 3x Gold Basketball Championship (School Basketball), Swimming OFSSA Qualifier, Lead Head Volunteering and Trainer for an NGO.",IB
McMaster,MEC,Engineering I (Co-op),Offer,97.3,3/4/2026,,"FRC lead, 2x DECA ICDC top 10",Btech just kicked in yo
McMaster,MEC,Engineering I (Co-op),Offer,97.25,3/4/2026,,"FIRST Robotics, Non profit founder, Summer COOP cybersecurity and ethical hacking, President of DECA and MUN, Founder of school robotics team. 2X math competition school champion",97.25 (Top 4)
McMaster,MEC,Engineering I (Co-op),Offer,97.25,3/4/2026,,I didn't mention too many ecs in my interview but spoke well,
McMaster,MEC,Engineering I (Co-op),Offer,97,3/4/2026,,Moderate ECs but had good written and video response,
McMaster,MEC,Engineering I (Co-op),Offer,97,3/4/2026,,lowk dont remembr,"doing AP courses, had both gr 12 maths completed before han; Submit KIRA on Jan 27th"
McMaster,MEC,Engineering I (Co-op),Offer,96.7,3/4/2026,,,"I thought I did horrible in my Kira, idk how I got in"
McMaster,MEC,Engineering I (Co-op),Offer,96.7,3/4/2026,,Mid interview,
McMaster,MEC,Engineering I (Co-op),Offer,96.67,3/4/2026,,,
McMaster,MEC,Engineering I (Co-op),Offer,96.67,3/4/2026,,,
McMaster,MEC,Engineering I (Co-op),Offer,96.67,3/4/2026,,I talked about illegal driving for one of my questions,
McMaster,MEC,Engineering I (Co-op),Offer,96.67,3/4/2026,,"Software Internship, Hackathons, Robotics Competition, Leadership role in 2 clubs, UW Math Distinction","Follow the STAR method for personal questions, which the supp app had a lot of"
McMaster,MEC,Engineering I (Co-op),Offer,96.6,3/4/2026,,,
McMaster,MEC,Engineering I (Co-op),Offer,96.5,3/4/2026,,BOMBED my interview.,
McMaster,MEC,Engineering I (Co-op),Offer,96.5,3/4/2026,,Robotics Vp DECA chapter exec Math club cofounder Prefect council member,AP Calc
McMaster,MEC,Engineering I (Co-op),Offer,96.5,3/4/2026,,,
McMaster,MEC,Engineering I (Co-op),Offer,96.5,3/4/2026,,Just aura farmed,
McMaster,MEC,Engineering I (Co-op),Offer,96.33,3/4/2026,,I think it went really well imo,
McMaster,MEC,Engineering I (Co-op),Offer,96.33,3/4/2026,,Sorta cooked but alg we got in,
McMaster,MEC,Engineering I (Co-op),Offer,96.33,3/4/2026,,"attended some workshops at UTM and performed science experiments for elementary school students, didn't talk about other ECS (other questions were more behavioural based)",Free choice (top 3 is 97) + 3k scholarship
McMaster,MEC,Engineering I (Co-op),Offer,96.2,3/4/2026,,,
McMaster,MEC,Engineering I (Co-op),Offer,96.16,3/4/2026,,,
McMaster,MEC,Engineering I (Co-op),Offer,96,3/4/2026,,,
McMaster,MEC,Engineering I (Co-op),Offer,96,3/4/2026,,yapped about frc and leadership roles,no loo :(
McMaster,MEC,Engineering I (Co-op),Offer,96,3/4/2026,,"Talked about clubs I am a president of (Arts Council, Chess Club)",I can't believe I got in this early!!!!!!
McMaster,MEC,Engineering I (Co-op),Offer,96,3/4/2026,,"Co-president Math club, robotics club member, and community service at local church",
McMaster,MEC,Engineering I (Co-op),Offer,96,3/4/2026,,was better than big uoft,lock in bro
McMaster,MEC,Engineering I (Co-op),Offer,96,3/4/2026,,Interview was decent.,wheres the big loo at dawg
McMaster,MEC,Engineering I (Co-op),Offer,96,3/4/2026,,,
McMaster,MEC,Engineering I (Co-op),Offer,95.83,3/4/2026,,,I hate KIRA
McMaster,MEC,Engineering I (Co-op),Offer,95.83,3/4/2026,,"Talked about my Duolingo streak 😭for the written component, trowkey forgot the verbal questions, but I know I did pretty good for all except 1 verbal question, which I just remember blabbering. Still made it in tho, and that's all that matters I guess.","This was offer 5/6 that I got. I got this one @ 6:22 PM I was so happy for this one. I made it to 'loo, but wanted to go to mac. I still have to try getting the 97% average for my sem 2 final marks to get that 3k scholarship tho. sem 1 finals (top 6): GRADE 11 ANTHRO [100], comp sci [97], english (online summer school) [93], leadership [88], physics [98], adv func [99], these are my marks, but I know mac don't look at grade 11 marks, so do with that what you will."
McMaster,MEC,Engineering I (Co-op),Offer,95.75,3/4/2026,,pretty mid interview,
McMaster,MEC,Engineering I (Co-op),Offer,95.67,3/4/2026,,"Talked abt Student Council (my role is the president), competitive swimming, probably spoke the clearest out of all my supp apps so it went well",
McMaster,MEC,Engineering I (Co-op),Offer,95.67,3/4/2026,,it was okay i talked a lot about my leadership ecs,
McMaster,MEC,Engineering I (Co-op),Offer,95.67,3/4/2026,,( Got cut off a few times and a lots of stutters),
McMaster,MEC,Engineering I (Co-op),Offer,95.5,3/4/2026,,,
McMaster,MEC,Engineering I (Co-op),Offer,95.5,3/4/2026,,"Sea Cadets, Treasurer of a club",IB
McMaster,MEC,Engineering I (Co-op),Offer,95.5,3/4/2026,,BOMBED IT LMAOO,
McMaster,MEC,Engineering I (Co-op),Offer,95.5,3/4/2026,,,
McMaster,MEC,Engineering I (Co-op),Offer,95.5,3/4/2026,,"Mentioned some of my EC's, but couldn't mention all of them during the interview.",Did not do AwardSpring; 95.5 (top 6 including 4 pre-reqs)
McMaster,MEC,Engineering I (Co-op),Offer,95.33,3/4/2026,,"Talked about a startup that I co-founded and won a national award for, a professor that I'd love to work with, and their research + how it relates to my interests.",IB
McMaster,MEC,Engineering I (Co-op),Offer,95.33,3/4/2026,,,
McMaster,MEC,Engineering I (Co-op),Offer,95.3,3/4/2026,,"I thought it was bad, didn't get to talk too much about EC's.",
McMaster,MEC,Engineering I (Co-op),Offer,95.2,3/4/2026,,,
McMaster,MEC,Engineering I (Co-op),Offer,95.1,3/4/2026,,extremely strong interview lol,full ib courseload
McMaster,MEC,Engineering I (Co-op),Offer,95,3/4/2026,,wasn't sure how well i did on my supp app so i didn't expect to get in in march. the supp app didn't really ask about ecs so the only time i got to talk about them was when it asked about handling issues in a team (talked about lack of commitment in my volleyball team). i also mentioned my job in one of the questions.,apparently mac eng uses your top 3 average for march acceptances. you got this good luck!!
McMaster,MEC,Engineering I (Co-op),Offer,95,3/4/2026,,"Talked about shad, competitions, contests, etc. Tried to be heavy on the teamwork and collaboration aspect",
McMaster,MEC,Engineering I (Co-op),Offer,95,3/4/2026,,,RAHHHHHHHH
McMaster,MEC,Engineering I (Co-op),Offer,94.83,3/4/2026,,"Got free choice; had great ECs, couldn't mention in interview, lowk bombed interview too. Luck... Also got CS same day. 3k scholarship + free choice too","Did IB, dropped 2nd sem gr. 12."
McMaster,MEC,Engineering I (Co-op),Offer,94.67,3/4/2026,,I barely prepared icl,
McMaster,MEC,Engineering I (Co-op),Offer,94.67,3/4/2026,,"VEX Robotics, Debate Team Exec, Varsity Basketball and XC Capt., Co-Founder of youth-ran cultural group, Leader in Parish community.","I'm currently in 5 AP courses (Precalc, Calc AB, Chem, Physics 1, and CS A)."
McMaster,MEC,Engineering I (Co-op),Offer,94.6,3/4/2026,,,
McMaster,MEC,Engineering I (Co-op),Offer,94.5,3/4/2026,,Didn't really talk about my ECs,
McMaster,MEC,Engineering I (Co-op),Offer,94.5,3/4/2026,,,
McMaster,MEC,Engineering I (Co-op),Offer,94.5,3/4/2026,,,IB
McMaster,MEC,Engineering I (Co-op),Offer,94.33,3/4/2026,,Community involvement,Physics + Math IB
McMaster,MEC,Engineering I (Co-op),Offer,94.33,3/4/2026,,Member of clash royale club and volunteer experiences,(98 top 3)
McMaster,MEC,Engineering I (Co-op),Offer,94,3/4/2026,,,
McMaster,MEC,Engineering I (Co-op),Offer,94,3/4/2026,,,
McMaster,MEC,Engineering I (Co-op),Offer,94,3/4/2026,,,
McMaster,MEC,Engineering I (Co-op),Offer,93.83,3/4/2026,,,
McMaster,MEC,Engineering I (Co-op),Offer,93.8,3/4/2026,,Had a great video where I talked about being a swim instructor and playing varsity soccer.,
McMaster,MEC,Engineering I (Co-op),Offer,93.67,3/4/2026,,"interview went okay, mostly talked about science fair project (had comp eng components)",
McMaster,MEC,Engineering I (Co-op),Offer,93.33,3/4/2026,,"I mentioned church volunteering, soccer thought I fumbled hard","93(top 5) 93.33(top 3) I had 2 prereq's and 3 other 4U courses, yolo you can do it !!"
McMaster,MEC,Engineering I (Co-op),Offer,93.33,3/4/2026,,,
McMaster,MEC,Engineering I (Co-op),Offer,93.3,3/4/2026,,,
McMaster,MEC,Engineering I (Co-op),Offer,93.3,3/4/2026,,It was decent (not amazing or terrible) - did it on the last day.,92.2 (93.3 Top 3); YOU GOT THIS!!
McMaster,MEC,Engineering I (Co-op),Offer,93.3,3/4/2026,,"Only talked about 2 EC’s: Cross country and Canadian Young Physicist Tournament (did not do good on both of them at all, I mentioned being last in every race…). I thought I did bad",Goodluck everyone and future applicants! I did no AP or IB courses
McMaster,MEC,Engineering I (Co-op),Offer,93.25,3/4/2026,,,you got this :]
McMaster,MEC,Engineering I (Co-op),Offer,93,3/4/2026,,,International student did G11 and 12 in Ontario
McMaster,MEC,Engineering I (Co-op),Offer,93,3/4/2026,,,
McMaster,MEC,Engineering I (Co-op),Offer,93,3/4/2026,,,Alright interview
McMaster,MEC,Engineering I (Co-op),Offer,93,3/4/2026,,,Conditional Offer (can't drop below 85% average)
McMaster,MEC,Engineering I (Co-op),Offer,93,3/4/2026,,"frc, was a co-founder figure.",
McMaster,MEC,Computer Science I (CO-OP),Offer,93,3/4/2026,,"Talked about how I ran my own startup, raised millions of dollars and talked about fighting ageism in tech and creating opportunities for others to do the same(Ran hackathons and nonprofits impacted over 1000 poeple in multiple countries.)",
McMaster,MEC,Engineering I (Co-op),Offer,93,3/4/2026,,,
McMaster,MEC,Engineering I (Co-op),Offer,93,3/4/2026,,,
McMaster,MEC,Engineering I (Co-op),Offer,92.83,3/4/2026,,answered 3/4 questions well,IB student
McMaster,MEC,Engineering I (Co-op),Offer,92.33,3/4/2026,,,"IB Student, 7 in Math"
McMaster,MEC,Engineering I (Co-op),Offer,92,3/4/2026,,"First Robotics, Rocketry club, Eco club, EV car club, hockey",checked out campus in Nov. did 3 SHSMs
McMaster,MEC,Engineering I (Co-op),Offer,91.8,3/4/2026,,It was mid tbh i think the most important thing is to just speak clearly + seem confident,
McMaster,MEC,Engineering I (Co-op),Offer,91.67,3/4/2026,,- Co-Editor for Yearbook Commitee (talked about resolving conflicts),
McMaster,MEC,Engineering I (Co-op),Offer,91,3/4/2026,,,
McMaster,MEC,Engineering I (Co-op),Offer,90.67,3/4/2026,,Interview went well,"100, 90, 82"
McMaster,MEC,Engineering I (Co-op),Offer,98.2,3/5/2026,,"Tutoring, STEM team event",
McMaster,MEC,Engineering I (Co-op),Offer,96.67,3/5/2026,,,
McMaster,MEC,Engineering I (Co-op),Offer,96.67,3/5/2026,,"Experience volunteering at a retirement home, experience as a soccer coach",
McMaster,MEC,Engineering l (Co-op),Offer,96,3/5/2026,,"school clubs and sports, Uw co op",
McMaster,MEC,Engineering I (Co-op),Offer,96,3/5/2026,,Nm just talked about Ec's,Not gonna list ecs cuz they have an interview so as long as you have some stem related experience you should be fine
McMaster,MEC,Engineering I (Co-op),Offer,94.5,3/5/2026,,I failed my subapp miserably(stopped talking 10 seconds in for 2 questions),
McMaster,MEC,Engineering I (Co-op),Offer,93,3/5/2026,,Nailed the supp app honestly,
McMaster,MEC,Engineering I (Co-op),Offer,82.36,3/5/2026,,Nothing,I escape from north korea
McMaster,MEC,Engineering I (Co-op),Offer,97,3/6/2026,,,just maintain a 95+
McMaster,MEC,Engineering I (Co-op),Offer,96.67,5/1/2026,,"Executive member of a teenager-ran coding program that: taught youth how to code, how to use circuits and prepared teenagers for future math competitions, including local ones, Euclids and CSIMC. Electronics lead for my highschool's robotics team; Placed 3rd for a local math competition; Duke of Edinburgh award program (bronze level); International student ambassador; Volunteered for community fridge",My top 6 were: Advanced English: 100; French: 100; Law (in french): 100; Precal 12: 94; Physics 12: 94; AP Calc AB: 92
McMaster,MEC,Engineering I (Co-op),Rejected,94,5/1/2026,,Sup app went well other than that I didn’t finished the written part completely. I talked about business ec’s but I didint have any eng ec’s.,It’s rough
McMaster,MEC,Engineering I (Co-op),Offer,96,5/4/2026,,frc,
McMaster,MEC,Engineering I (Co-op),Offer,95,5/5/2026,,Mentioned my years of programming experience as well as trying to appear confident and answering questions via examples that show leadership & teamwork.,
McMaster,MEC,Engineering I (Co-op),Offer,98,5/6/2026,,,
McMaster,MEC,Engineering I (Co-op),Offer,97.33,5/6/2026,,Talked about piano mostly,Free choice
McMaster,MEC,Engineering I (Co-op),Offer,96.83,5/6/2026,,"Not any crazy EC's, just answered the questions honestly. mentioned powerlifting, hack club,   FRC robotics.","Make sure you have good lighting on your face in the video, and no windows behind you/in front of the camera that make the quality worse, that likely almost messed me up."
McMaster,MEC,Engineering l (Co-op),Offer,96,5/6/2026,,Buns sup app apparently,🥷🥷😡😡
McMaster,MEC,Engineering l (Co-op),Offer,95.83,5/6/2026,,lowkey barely prepared for it since it was my last sup app. interview was mediocre.,i think mac eng is mostly just luck. dont be sad if you dont get in.
McMaster,MEC,Engineering I (Co-op),Offer,95.83,5/6/2026,,"For my interview, I mentioned: Student council, president of 2 clubs, worked at a summer camp,",
McMaster,MEC,Engineering I (Co-op),Offer,95.5,5/6/2026,,"spoke about my extracurricular activities in relation to the question (don't just list an ec for the sake of listing an ec - talk about your role, responsibility, and impact on you and the impact you made, only if it relates to the question).","very grateful to get in, especially after seeing the outcome of this round. Keep your head up and enjoy every moment!"
McMaster,MEC,Engineering I (Co-op),Offer,95.5,5/6/2026,,,
McMaster,MEC,Engineering I (Co-op),Offer,95.5,5/6/2026,,"The sup app was poor ngl, Written was nice, q2 froze, q1 was fine just yapped, q3 sams just yapped",
McMaster,MEC,Engineering I (Co-op),Offer,95,5/6/2026,,I BOMBED IT SO HARD,Just be yourself <3
McMaster,MEC,Engineering I (Co-op),Offer,94,5/6/2026,,,
McMaster,MEC,Engineering I (Co-op),Offer,93.67,5/6/2026,,,
McMaster,MEC,Engineering I (Co-op),Offer,93.5,5/6/2026,,Thought I just gave a great answer for the questions.,"Currently doing AP computer science, did AP bio"
McMaster,MEC,Engineering I (Co-op),Offer,93.33,5/6/2026,,,prob did well on my kira
McMaster,MEC,Engineering l (Co-op),Offer,93.3,5/6/2026,,spoke about volunteering at animal hospital and wrote about volunteering at homeless outreach organization,
McMaster,MEC,Engineering l (Co-op),Offer,93,5/6/2026,,I was def avrg at it,
McMaster,MEC,Engineering I (Co-op),Offer,93,5/6/2026,,,
McMaster,MEC,Engineering I (Co-op),Offer,92.8,5/6/2026,,"Felt good abt my interview, mentioned ecs like robotics and captain of field hockey",
McMaster,MEC,Engineering I (Co-op),Offer,91.83,5/6/2026,,i deff sucked at it,
McMaster,MEC,Engineering I (Co-op),Offer,91.5,5/6/2026,,"Interview went very well; mentioned leadership positions, growth, reflection, etc",
McMaster,MEC,Engineering I (Co-op),Rejected,99.3,5/6/2026,,"some q about failing, another sad question, and one about learning","again 99.3, but rejected, idk what they want."
McMaster,MEC,Engineering I (Co-op),Rejected,95.33,5/6/2026,,"I talked abt elon musk, know i was cookd then",
McMaster,MEC,Engineering I (Co-op),Rejected,95.33,5/6/2026,,"Apparently bad, forget everything",Cooked
McMaster,MEC,Engineering I (co-op),Rejected,95.33,5/6/2026,,Idk I didn't stutter or anything I thought it was prtty good,Lottery I swear
McMaster,MEC,Engineering I (Co-op),Rejected,95.33,5/6/2026,,"I had a good sup app, idk what happened",
McMaster,MEC,Engineering I (Co-op),Rejected,95.17,5/6/2026,,thought went well,
McMaster,MEC,Engineering I (Co-op),Rejected,95.16,5/6/2026,,"Spoke about my business (relating to computers). Also spoke about being a camp counselor, spoke about this twice, which is why I might have gotten rejected (try and speak about multiple ecs).",
McMaster,MEC,Engineering I (Co-op),Rejected,95,5/6/2026,,Eng-idol but had problems articulating (mid interview),sad
McMaster,MEC,Engineering I (Co-op),Rejected,94.67,5/6/2026,,"Mentioned ecs , mid interview",It is what it is✌️
McMaster,MEC,Engineering I (Co-op),Rejected,94.5,5/6/2026,,bombed it ig?,sonion😭
McMaster,MEC,Engineering I (Co-op),Rejected,94.5,5/6/2026,,,
McMaster,MEC,Engineering I (Co-op),Rejected,94.4,5/6/2026,,Thought my kira was good but I guess not 🥲,
McMaster,MEC,Engineering I (Co-op),Rejected,94.33,5/6/2026,,,
McMaster,MEC,Engineering I (Co-op),Rejected,94,5/6/2026,,,
McMaster,MEC,Engineering I (Co-op),Rejected,94,5/6/2026,,,"Dont really remember, Q4 casper but pretty sure not for mcmaster"
McMaster,MEC,Engineering I (Co-op),Rejected,94,5/6/2026,,got cooked,
McMaster,MEC,Engineering I (Co-op),Rejected,94,5/6/2026,,,
McMaster,MEC,Engineering I (Co-op),Rejected,94,5/6/2026,,,
McMaster,MEC,Engineering I (Co-op),Rejected,94,5/6/2026,,,
McMaster,MEC,Engineering I (Co-op),Rejected,93.83,5/6/2026,,,Lwk bombed it
McMaster,MEC,Engineering I (Co-op),Rejected,93.7,5/6/2026,,Dont remember much but talked about strong ecs like starting my business and multiple jobs,
McMaster,MEC,Engineering I (Co-op),Rejected,93.67,5/6/2026,,"exec of finance, robotics, stem, aerospace clubs, 300+ hours volunteering for a daycare",
McMaster,MEC,Engineering I (Co-op),Rejected,93.33,5/6/2026,,,
McMaster,MEC,Engineering I (Co-op),Rejected,93.3,5/6/2026,,,
McMaster,MEC,Engineering I (Co-op),Rejected,93.2,5/6/2026,,"McMaster isn’t too heavy on ECs but I did mention leadership in MSA, Robotics, etc… when asked about scenario based questions in my written responses.",Video interview was very problem solving based. Practice questions are nothing related to it — good for prepping your voice ig.
McMaster,MEC,Engineering I (Co-op),Rejected,92.33,5/6/2026,,"My sup app was pretty mid, but I saw ppl getting rejected with 95s so I'm not really surprised",im sad
McMaster,MEC,Engineering I (Co-op),Rejected,92.3,5/6/2026,,cooked 💔,
McMaster,MEC,Engineering I (Co-op),Rejected,91.5,5/6/2026,,"Wrote about Cadets. Talked about school projects, orchestra and personal experience. Kinda rambled and didn't do well on the interview. Got into CS though.",
McMaster,MEC,Engineering I (Co-op),Rejected,91.17,5/6/2026,,"western ivey case comp videographer, computer builder, club pres",
McMaster,MEC,Engineering I (Co-op),Rejected,91,5/6/2026,,"Talked about my Model UN experiences in supp app, but all questions were pretty random","lowkey did not expect to get in as I couldn't list any of my ECs, and interview questions were very very random"
McMaster,MEC,Engineering I (Co-op),Rejected,90.8,5/6/2026,,I rlly thought my supp app was amazing.....Wasnt enough I guess :(,I am in IB
McMaster,MEC,Engineering I (Co-op),Rejected,90.67,5/6/2026,,,got cooked. my #1 and I got rejected so now idk what I'm gonna do.
McMaster,MEC,Engineering I (Co-op),Rejected,90.5,5/6/2026,,"thought it went well, i guess not? pres of clubs, worked part-time, volunteered alot","I see people who have 95s got rejected, actually wild. alot of people got accepted in march tho which im guessing is why."
McMaster,MEC,Engineering I (Co-op),Rejected,90.5,5/6/2026,,"tutoring, 3+ years of robotics, summer job, school council grade rep",ggwp wasnt too surprised
McMaster,MEC,Engineering I (Co-op),Rejected,88,5/6/2026,,,
McMaster,MEC,Engineering I (Co-op),Rejected,94.1,5/7/2026,,I thought the interview went pretty well.,"McMaster this year was really on something. No one I knew including my self got into this program even with good avgs. McMaster can take that rejection and put it where the sun don’t shine, because I got into Waterloo instead 😛."
McMaster,MEC,Engineering I (Co-op),Rejected,90.66,5/7/2026,,,
McMaster,MEC,Engineering I (Co-op),Offer,97.67,5/8/2026,,"Black belt, Ontario Karate gold medallist (kumite), music, track&field, youth mental health",
McMaster,MEC,Engineering I (Co-op),Offer,96.3,5/8/2026,,,
McMaster,MEC,Engineering I (Co-op),Rejected,97,5/8/2026,,,DAWG WHY? literally what does mcmaster want from me
McMaster,MEC,Engineering I (Co-op),Rejected,94.17,5/8/2026,,ECs don't matter,"IB math AA SL, IB French SL. For the KIRA talent, practice, don't stutter, know what to say for the main themes (teamwork, leadership, etc.)  Someone with a lower avg than me got into ibiomed because their KIRA was good."
McMaster,MEC,Engineering I (Co-op),Rejected,92.67,5/8/2026,,Terrible,
McMaster,MEC,Engineering I (Co-op),Rejected,92.5,5/14/2026,,,
McMaster,MEE,Environmental and Earth Sciences Gateway,Offer,98,2/25/2026,,,AP
McMaster,MEE,Environmental and Earth Sciences Gateway,Offer,97,2/25/2026,,,"Idk which average they used, top 3 was 97 but top 6 is 93.6"
McMaster,MEE,Environmental and Earth Sciences Gateway,Offer,92.33,2/25/2026,,,
McMaster,MEE,Environmental and Earth Sciences Gateway,Offer,92.25,2/25/2026,,,
McMaster,MEE,Environmental and Earth Sciences Gateway,Offer,91.83,2/25/2026,,,
McMaster,MEE,Environmental and Earth Sciences Gateway,Offer,91.33,2/25/2026,,,
McMaster,MEE,Environmental and Earth Sciences Gateway,Offer,89.83,2/25/2026,,,
McMaster,MEE,Environmental and Earth Sciences Gateway,Offer,89,2/25/2026,,,
McMaster,MEE,Environmental and Earth Sciences Gateway,Offer,88.4,2/25/2026,,,I am not sure what average they used since I had completed 5 courses by February. Top 5 including pre requisite was 88.4 idk how I got this but top 3 only was 85
McMaster,MEE,Environmental and Earth Sciences Gateway,Offer,88,2/25/2026,,,
McMaster,MEE,Environmental and Earth Sciences Gateway,Offer,88,5/1/2026,,,
McMaster,MEE,Environmental and Earth Sciences Gateway,Offer,88,5/1/2026,,,
McMaster,MEE,Environmental and Earth Sciences Gateway,Offer,87.67,5/1/2026,,,Never Give Up!!!!!
McMaster,MEE,Environmental and Earth Sciences Gateway,Offer,86.83,5/12/2026,,,Condition: 80% final top-six average
McMaster,MEE,Environmental and Earth Sciences Gateway,Rejected,83.5,5/26/2026,,,ass
McMaster,MEH,Integrated Biomedical Engineering & Health Sciences,Offer,98.67,3/4/2026,,,
McMaster,MEH,Integrated Biomedical Engineering & Health Sciences,Offer,97.5,3/4/2026,,"Didn’t talk exclusively about any ecs, or related to Mac, just gave genuine answers without stumbling and looking into the camera",No AP or IB
McMaster,MEH,Integrated Biomedical Engineering & Health Sciences,Offer,97,3/4/2026,,"community youth council pres, ski instructor",ib
McMaster,MEH,Integrated Biomedical Engineering & Health Sciences,Offer,96,3/4/2026,,"president of student council, basketball coach, head karate instructor for 2yrs, 2x national karate champion (team canada 2x)",Full IB course load
McMaster,MEH,Integrated Biomedical Engineering & Health Sciences,Offer,97.5,5/6/2026,,"Nothing much quite frankly, talked about experiences from teaching part time & leadership in choir rehearsals...thought it was an okay supp app but far from excellent","Currently in AP calculus AB, already completed AP macro, micro and comp sci a"
McMaster,MEH,Integrated Biomedical Engineering & Health Sciences,Rejected,92.5,5/6/2026,,,
McMaster,MEH,Integrated Biomedical Engineering & Health Sciences,Rejected,92.17,5/6/2026,,Supp app was kind of mid,
McMaster,MEI,Integrated Biomedical Engineering & Health Sciences (Co-op),Offer,97.8,2/3/2026,,"student council leadership, team science project",3k entrance scholarship
McMaster,MEI,Integrated Biomedical Engineering & Health Sciences (Co-op),Offer,99.83,2/10/2026,,,"$3,000 scholarship"
McMaster,MEI,Integrated Biomedical Engineering & Health Sciences (Co-op),Offer,100,3/4/2026,,,Free Choice
McMaster,MEI,Integrated Biomedical Engineering & Health Sciences (Co-op),Offer,98.67,3/4/2026,,,"IB, $24K in scholarships :D"
McMaster,MEI,Integrated Biomedical Engineering & Health Sciences (Co-op),Offer,98.6,3/4/2026,,"A club president, nothing much else",
McMaster,MEI,Integrated Biomedical Engineering & Health Sciences (Co-op),Offer,98.3,3/4/2026,,,
McMaster,MEI,Integrated Biomedical Engineering & Health Sciences (Co-op),Offer,98,3/4/2026,,"Talked about HOSA, science fair research, exec for a couple of school clubs, part time work, SHAD, and a couple other things",21K scholarship + guaranteed summer research experience. Written portion for KIRA was pretty good and was able to squeeze in a lot of info about my ECs. Bombed the verbal portions so I lowk didn't think I would get in.
McMaster,MEI,Integrated Biomedical Engineering & Health Sciences (Co-op),Offer,97.3,3/4/2026,,,French immersion
McMaster,MEI,Integrated Biomedical Engineering & Health Sciences (Co-op),Offer,97.25,3/4/2026,,talked about an exec position for a club for written and talked generally for the other 3 video questions it was ok,yay
McMaster,MEI,Integrated Biomedical Engineering & Health Sciences (Co-op),Offer,97.25,3/4/2026,,I don't really remember what I talked about but I was happy with how I answered the written & two of the orals. I felt like I messed up the first oral question (some stuttering/not my most cohesive answer) but I tried to have a good message,
McMaster,MEI,Integrated Biomedical Engineering & Health Sciences (Co-op),Offer,97,3/4/2026,,,
McMaster,MEI,Integrated Biomedical Engineering & Health Sciences (Co-op),Offer,97,3/4/2026,,Moderate ECs but had good written and video response,
McMaster,MEI,Integrated Biomedical Engineering & Health Sciences (Co-op),Offer,97,3/4/2026,,"AP, Co-founder of 2 clubs, DECA, lots of volunteering with non-profits, motion graphics designer",
McMaster,MEI,Integrated Biomedical Engineering & Health Sciences (Co-op),Offer,96.67,3/4/2026,,"didn't talk about my ECs, gave genuine answers (went pretty smoothly imo, also wore more business wear)","francophone school, good luck :)"
McMaster,MEI,Integrated Biomedical Engineering & Health Sciences (Co-op),Offer,96.66,3/4/2026,,"VEX Robotics competition organizer and high school competitor with many awards, hosted STEM Advocacy workshops for equality, a lot more ECs which I didn't get a chance to mention...",Full IB Diploma
McMaster,MEI,Integrated Biomedical Engineering & Health Sciences (Co-op),Offer,96.3,3/4/2026,,,
McMaster,MEI,Integrated Biomedical Engineering & Health Sciences (Co-op),Offer,95.7,3/4/2026,,"talked about leadership positions in clubs, DECA",
McMaster,MEI,Integrated Biomedical Engineering & Health Sciences (Co-op),Offer,95.33,3/4/2026,,Thought I did fairly poorly all things considered,"IB (HL Math AA, HL English Lit, HL Chemistry, SL Physics, SL Economics, SL French B)"
McMaster,MEI,Integrated Biomedical Engineering & Health Sciences (Co-op),Offer,95.3,3/4/2026,,"Talked about a startup that I co-founded and won a national award for, a professor I'd love to work with, and their research + how it relates to my interests.",IB
McMaster,MEI,Integrated Biomedical Engineering & Health Sciences (Co-op),Offer,94.3,3/4/2026,,"Can’t remember exactly as I did all my Kira interviews at once, but I probably talked about creating/leading Coding club, Juggling my jobs and Calculus Biology and Chemistry in one grade 12 semester, IB diploma or how I went from a 66 on my first Econ test to a 96 on the final exam in grade 11.",
McMaster,MEI,Integrated Biomedical Engineering & Health Sciences (Co-op),Offer,90,3/4/2026,,missionary trip to Uganda and mentioned about it in my supp app,anything is possibkle
McMaster,MEI,Integrated Biomedical Engineering & Health Sciences (Co-op),Offer,88.67,3/4/2026,,competitive athlete ( talked about resilience and how it played a major role in my life) + talked about SHAD + talked about how I used to believe I didn't need to depend on anyone as a flaw,genuinely might've been a mistake. i got a 60-70 in physics gr 11 and they didn't even have my gr 12 physics mark (which i night schooled). i also got an 86 in bio but 98 and 99 in chem calc and english. ong i think my sup app carried gng. i applied for fun.
McMaster,MEI,Integrated Biomedical Engineering & Health Sciences (Co-op),Offer,98.5,3/5/2026,,"lifeguarding, some awards (national), did research at western u in hs",
McMaster,MEI,Integrated Biomedical Engineering & Health Sciences (Co-op),Offer,97,5/6/2026,,,
McMaster,MEI,Integrated Biomedical Engineering & Health Sciences (Co-op),Offer,90.17,5/6/2026,,"Interview went very well; mentioned my leadership extracurriculars, talked about growth and reflection, etc",This is my dream program and I'm genuinely flabbergasted that I got in; DON'T LOSE HOPE
McMaster,MEI,Integrated Biomedical Engineering & Health Sciences (Co-op),Rejected,95.83,5/6/2026,,mediocre interview. got into regular eng though,
McMaster,MEI,Integrated Biomedical Engineering & Health Sciences (Co-op),Rejected,95.7,5/6/2026,,,
McMaster,MEI,Integrated Biomedical Engineering & Health Sciences (Co-op),Rejected,94.5,5/6/2026,,,If ur in a similar position I got into Waterloo BME and UofT TrackOne. There’s still hope for you!
McMaster,MEI,Integrated Biomedical Engineering & Health Sciences (Co-op),Rejected,94,5/6/2026,,,
McMaster,MEI,Integrated Biomedical Engineering & Health Sciences (Co-op),Rejected,92.17,5/6/2026,,Supp app was kind of mid,
McMaster,MH,Humanities I (Communication Studies),Offer,90.01,11/14/2025,,,
McMaster,MH,Humanities I (English/Cultural Studies),Offer,96.33,12/18/2025,,,"3,000 entrance scholarship"
McMaster,MH,Humanities I,Offer,96,12/18/2025,,,
McMaster,MH,Humanities I (Greek & Roman Studies),Offer,94.5,12/18/2025,,,
McMaster,MH,Humanities I,Offer,92.67,12/18/2025,,,IB certificate!
McMaster,MH,Humanities I,Offer,85.33,12/18/2025,,,1000$ scholarship
McMaster,MH,Humanities I,Offer,97,12/19/2025,,,
McMaster,MH,Humanities I,Offer,86.83,12/19/2025,,,
McMaster,MH,Humanities I (Communication Studies),Offer,86.7,12/19/2025,,,
McMaster,MH,Humanities I,Offer,82.4,2/26/2026,,,
McMaster,MH,Humanities I,Offer,87,3/11/2026,,,
McMaster,MH,Humanities I,Offer,82.33,5/1/2026,,,
McMaster,MIS,Honours Integrated Science,Offer,92.83,3/9/2026,,,conditional 85%
McMaster,MIS,Honours Integrated Science,Offer,97.33,4/1/2026,,"Talked about Robotics, Shad, DECA, and space interests",
McMaster,MIS,Honours Integrated Science,Offer,97.17,4/1/2026,,"I talked about the program specifically (it’s Big iSib program, small class sizes, interdisciplinary approach). I am an executive member of my school’s social justice committee. I created a volunteer opportunity to make meal packages for those suffering from poverty.",
McMaster,MIS,Honours Integrated Science,Offer,94.8,4/1/2026,,,
McMaster,MIS,Honours Integrated Science,Offer,93,4/1/2026,,Just being honest about who I am and what I hope to gain from this. Make sure to put effort into research design idea and making it personal to your own struggles/experiences,Did IB in grade 11
McMaster,MIS,Honours Integrated Science,Offer,92.75,4/1/2026,,N/A,N/A
McMaster,MIS,Honours Integrated Science,Offer,93,5/5/2026,,"President of Social Justice Council, Model UN director, hockey player",
McMaster,MIS,Honours Integrated Science,Offer,90.67,5/5/2026,,,IB
McMaster,MIS,Honours Integrated Science,Rejected,97.67,5/5/2026,,"Talked about my goal to get my PhD for neuroscience study of gifted individuals, group experiences in drama club, valuing creativity and connection in collaborative experiences. For a suggestion of a first-year lab I suggested research on the efficacy of SSRIs for different groups (male/female).","IB student, predicted at least 42/45 (7s for every course, but I don't know about my TOK/EE marks). HL biology, english langlit and business. SL chemistry, math aa, french B. T; ook physics in summer school, 95 for the grade 11 course, 93 for the grade 12 one."
McMaster,MIS,Honours Integrated Science,Rejected,94.67,5/5/2026,,,
McMaster,MIS,Honours Integrated Science,Rejected,89,5/5/2026,,,
McMaster,ML,Social Sciences I,Offer,84,11/6/2025,,,Dropped out of Laurier first sem. Took a year off
McMaster,ML,Social Sciences I,Offer,96,11/24/2025,,,
McMaster,ML,Social Sciences I,Offer,95.17,12/18/2025,,,"+ $3,000"
McMaster,ML,Social Sciences I,Offer,92,12/18/2025,,,
McMaster,ML,Social Sciences I,Offer,90,12/18/2025,,,
McMaster,ML,Social Sciences I,Offer,90,12/18/2025,,,
McMaster,ML,Social Sciences I,Offer,94.5,1/28/2026,,,
McMaster,ML,Social Sciences I,Offer,93,1/28/2026,,,- Full IB Diploma so had all 6 grade 12 courses by my first semester
McMaster,ML,Social Sciences I,Offer,91.67,1/28/2026,,,
McMaster,ML,Social Sciences I,Offer,88.77,1/28/2026,,,
McMaster,ML,Social Sciences I,Offer,92.2,2/2/2026,,,
McMaster,ML,Social Sciences I,Offer,95.5,2/12/2026,,,
McMaster,ML,Social Sciences I,Offer,96,2/24/2026,,,
McMaster,ML,Social Sciences I,Offer,95.25,2/24/2026,,,
McMaster,ML,Social Sciences I,Offer,93.5,2/24/2026,,,$3000 scholarship
McMaster,ML,Social Sciences I,Offer,93.17,2/24/2026,,,$3000 scholarship
McMaster,ML,Social Sciences I (psychology),Offer,92.75,2/24/2026,,,"1,000$ entrance scholarship"
McMaster,ML,Social Sciences I,Offer,92,2/24/2026,,,
McMaster,ML,Social Sciences I,Offer,91.73,2/24/2026,,,
McMaster,ML,Social Sciences I,Offer,91,2/24/2026,,,
McMaster,ML,Social Sciences I,Offer,90.66,2/24/2026,,,Conditional
McMaster,ML,Social Sciences I,Offer,90,2/24/2026,,,
McMaster,ML,Social Sciences I,Offer,87.5,2/24/2026,,,
McMaster,ML,Social Sciences I,Offer,87.33,2/24/2026,,,
McMaster,ML,Social Sciences I,Offer,87,2/24/2026,,,
McMaster,ML,Social Sciences I,Offer,92.6,2/25/2026,,,
McMaster,ML,Social Sciences I,Offer,88,2/25/2026,,,"87,85,92"
McMaster,ML,Social Sciences I,Offer,87,2/25/2026,,,
McMaster,ML,Social Sciences I,Offer,87,3/11/2026,,,
McMaster,ML,Social Sciences I,Offer,91.83,5/4/2026,,,$1000 scholarship
McMaster,ML,Social Sciences I,Offer,91.5,5/4/2026,,,$1000 scholarship
McMaster,ML,Social Sciences I (Political Science specialization in Public Law & Judicial Studies),Offer,90.16,5/4/2026,,,
McMaster,ML,Social Sciences I,Offer,87.2,5/4/2026,,,
McMaster,ML,Social Sciences I,Offer,87,5/4/2026,,,uhhhh 14
McMaster,ML,Social Sciences I,Offer,86,5/4/2026,,,
McMaster,ML,Social Sciences I,Offer,86,5/4/2026,,,
McMaster,ML,Social Sciences I,Offer,91,5/5/2026,,,Top 3 including prereqs (91) top 6 avg is (88.16)
McMaster,ML,Social Sciences I,Offer,88,5/5/2026,,,
McMaster,ML,Social Sciences I,Offer,83,5/5/2026,,Won international basketball championship - religious sporting tournament,
McMaster,ML,Social Sciences I,Offer,82.33,5/21/2026,,,
McMaster,MLE,Economics I,Offer,91.73,2/24/2026,,,
McMaster,MLE,Economics I,Offer,90.2,2/24/2026,,,
McMaster,MLE,Economics I,Offer,85.5,2/25/2026,,,
McMaster,MLH,Health & Society I,Offer,93,2/24/2026,,,Doesn't say if coop included
McMaster,MLH,Health & Society I,Offer,92,2/24/2026,,,$1K Scholarship
McMaster,MLH,Health & Society I,Offer,93,2/25/2026,,,
McMaster,MLS,Life Sciences Gateway,Offer,99.38,11/6/2025,,,"A total of 4 APs (Bio, Chem, Lang, and Psych) in Grade 11, currently taking 5 APs (Micro, Macro, Envi Sci, Calc AB, and Stats) for Grade 12."
McMaster,MLS,Life Sciences Gateway,Offer,94,12/3/2025,,,"thank you mcmaster i love you. got my semester average from 83 to 93. bitch you can do anything, believe in yourself"
McMaster,MLS,Life Sciences Gateway,Offer,95.83,12/5/2025,,,IB 43/45
McMaster,MLS,Life Sciences Gateway,Offer,98,12/18/2025,,,"Science Global Scholars Award $10,000 and McMaster University Entrance Award $3,000"
McMaster,MLS,Life Sciences Gateway,Offer,95.17,12/18/2025,,,"Science Global Scholars Award $10,000"
McMaster,MLS,Life Sciences Gateway,Offer,95,12/18/2025,,,
McMaster,MLS,Life Sciences Gateway,Offer,99,1/15/2026,,,
McMaster,MLS,Life Sciences Gateway,Offer,96,1/28/2026,,,"No clue how I got in so easily. First semester of Grade 12 went extremely smoothly, had a horrendous Grade 11 year. Currently taking AP Calculus AB (during the semester after my acceptance). Believe in yourself, you never know if its truly over if you don't try"
McMaster,MLS,Life Sciences Gateway,Offer,98.67,2/25/2026,,,
McMaster,MLS,Life Sciences Gateway,Offer,99,2/26/2026,,,
McMaster,MLS,Life Sciences Gateway,Offer,99,2/26/2026,,,
McMaster,MLS,Life Sciences Gateway,Offer,98.67,2/26/2026,,,"Have completed 1 AP, currently doing 4 more"
McMaster,MLS,Life Sciences Gateway,Offer,98.33,2/26/2026,,,
McMaster,MLS,Life Sciences Gateway,Offer,98.25,2/26/2026,,,"3k entrance scholarship; 98.25 top 4 12U, 99.33 top 3 12U (not sure which one they count)"
McMaster,MLS,Life Sciences Gateway,Offer,98.17,2/26/2026,,,"genuinely so happy and grateful right now. ib student, 44/45 predicted. work hard, have faith, and GOOD LUCK TO EVERYONE!! rooting for you guys <3"
McMaster,MLS,Life Sciences Gateway,Offer,97.67,2/26/2026,,,$3000 entrance scholarship
McMaster,MLS,Life Sciences Gateway,Offer,97.33,2/26/2026,,,
McMaster,MLS,Life Sciences Gateway,Offer,97,2/26/2026,,,
McMaster,MLS,Life Sciences Gateway,Offer,97,2/26/2026,,,
McMaster,MLS,Life Sciences Gateway,Offer,97,2/26/2026,,,
McMaster,MLS,Life Sciences Gateway,Offer,96.75,2/26/2026,,,
McMaster,MLS,Life Sciences Gateway,Offer,96.7,2/26/2026,,,
McMaster,MLS,Life Sciences Gateway,Offer,96.5,2/26/2026,,,
McMaster,MLS,Life Sciences Gateway,Offer,96.5,2/26/2026,,,
McMaster,MLS,Life Sciences Gateway,Offer,96.33,2/26/2026,,,
McMaster,MLS,Life Sciences Gateway,Offer,96.33,2/26/2026,,,
McMaster,MLS,Life Sciences Gateway,Offer,96.33,2/26/2026,,,
McMaster,MLS,Life Sciences Gateway,Offer,96.2,2/26/2026,,,
McMaster,MLS,Life Sciences Gateway,Offer,96.2,2/26/2026,,,
McMaster,MLS,Life Sciences Gateway,Offer,96,2/26/2026,,,
McMaster,MLS,Life Sciences Gateway,Offer,96,2/26/2026,,,
McMaster,MLS,Life Sciences Gateway,Offer,96,2/26/2026,,,
McMaster,MLS,Life Sciences Gateway,Offer,96,2/26/2026,,,
McMaster,MLS,Life Sciences Gateway,Offer,96,2/26/2026,,,
McMaster,MLS,Life Sciences Gateway,Offer,95.83,2/26/2026,,,
McMaster,MLS,Life Sciences Gateway,Offer,95.5,2/26/2026,,,
McMaster,MLS,Life Sciences Gateway,Offer,95.5,2/26/2026,,,Took partial IB for the sciences (Chem SL and Bio HL)
McMaster,MLS,Life Sciences Gateway,Offer,95.4,2/26/2026,,,
McMaster,MLS,Life Sciences Gateway,Offer,95.3,2/26/2026,,,"i’m lowk shocked i got in considering most of the other ppl this round had 97? i’ve completed all of my 12u/m courses that they r considering tho, so that might be why"
McMaster,MLS,Life Sciences Gateway,Offer,95,2/26/2026,,,"94.2 avg including Gr11 chem and english, 95 excluding"
McMaster,MLS,Life Sciences Gateway,Offer,95,2/26/2026,,,
McMaster,MLS,Life Sciences Gateway,Offer,95,2/26/2026,,,
McMaster,MLS,Life Sciences Gateway,Offer,95,2/26/2026,,,
McMaster,MLS,Life Sciences Gateway,Offer,95,2/26/2026,,,"IB: Math AA SL, Chem HL, Bio SL, French B SL, History HL, Eng LL HL"
McMaster,MLS,Life Sciences Gateway,Offer,95,2/26/2026,,,IB
McMaster,MLS,Life Sciences Gateway,Offer,94.33,2/26/2026,,,i think this is the first round of life sci offers
McMaster,MLS,Life Sciences Gateway,Offer,93.83,2/26/2026,,,
McMaster,MLS,Life Sciences Gateway,Offer,91.8,2/26/2026,,,they def missclicked on me 😭 IB student compelted adv func + calc and antro last year
McMaster,MLS,Life Sciences Gateway,Offer,98,2/27/2026,,,
McMaster,MLS,Life Sciences Gateway,Offer,97.33,2/27/2026,,,
McMaster,MLS,Life Sciences Gateway,Offer,95.66,2/27/2026,,,
McMaster,MLS,Life Sciences Gateway,Offer,95.4,2/27/2026,,,
McMaster,MLS,Life Sciences Gateway,Offer,92,3/2/2026,,,I am surprised I got it lol
McMaster,MLS,Life Sciences Gateway,Offer,93.83,3/3/2026,,,
McMaster,MLS,Life Sciences Gateway,Offer,94.33,4/14/2026,,,
McMaster,MLS,Life Sciences Gateway,Offer,95.33,5/2/2026,,,
McMaster,MLS,Life Sciences Gateway,Offer,97.33,5/4/2026,,,
McMaster,MLS,Life Sciences Gateway,Offer,96.33,5/4/2026,,,
McMaster,MLS,Life Sciences Gateway,Offer,95.83,5/4/2026,,,
McMaster,MLS,Life Sciences Gateway,Offer,95.8,5/4/2026,,,
McMaster,MLS,Life Sciences Gateway,Offer,95.5,5/4/2026,,,
McMaster,MLS,Life Sciences Gateway,Offer,95.5,5/4/2026,,,
McMaster,MLS,Life Sciences Gateway,Offer,95.5,5/4/2026,,,
McMaster,MLS,Life Sciences Gateway,Offer,95.4,5/4/2026,,,
McMaster,MLS,Life Sciences Gateway,Offer,95.33,5/4/2026,,,"93 before midterms, didn't get in first round, got in second round (few days ago) with 95.33"
McMaster,MLS,Life Sciences Gateway,Offer,95.33,5/4/2026,,,
McMaster,MLS,Life Sciences Gateway,Offer,95.33,5/4/2026,,,"2 IB courses (SL Math AA, SL Bio)"
McMaster,MLS,Life Sciences Gateway,Offer,95.17,5/4/2026,,,
McMaster,MLS,Life Sciences Gateway,Offer,95.17,5/4/2026,,,
McMaster,MLS,Life Sciences Gateway,Offer,95.17,5/4/2026,,,"Doing AP Calc, AP Physics, AP Biology. Did AP Lang and AP Stats last year."
McMaster,MLS,Life Sciences Gateway,Offer,95.16,5/4/2026,,,
McMaster,MLS,Life Sciences Gateway,Offer,95,5/4/2026,,,
McMaster,MLS,Life Sciences Gateway,Offer,95,5/4/2026,,,This is my post midterms avg. before midterms it was a 91.5
McMaster,MLS,Life Sciences Gateway,Offer,95,5/4/2026,,,wohoo
McMaster,MLS,Life Sciences Gateway,Offer,95,5/4/2026,,,
McMaster,MLS,Life Sciences Gateway,Offer,95,5/4/2026,,,xl
McMaster,MLS,Life Sciences Gateway,Offer,94.83,5/4/2026,,,
McMaster,MLS,Life Sciences Gateway,Offer,94.67,5/4/2026,,,
McMaster,MLS,Life Sciences Gateway,Offer,94.67,5/4/2026,,,
McMaster,MLS,Life Sciences Gateway,Offer,94.67,5/4/2026,,,AP Chem
McMaster,MLS,Life Sciences Gateway,Offer,94.67,5/4/2026,,,"AP student, lang, lit, bio, comp. govt"
McMaster,MLS,Life Sciences Gateway,Offer,94.67,5/4/2026,,,
McMaster,MLS,Life Sciences Gateway,Offer,94.67,5/4/2026,,,
McMaster,mls,Life Sciences Gateway,Offer,94.5,5/4/2026,,,
McMaster,MLS,Life Sciences Gateway,Offer,94.5,5/4/2026,,,
McMaster,MLS,Life Sciences Gateway,Offer,96,5/5/2026,,,
McMaster,MLS,Life Sciences Gateway,Rejected,91.17,5/6/2026,,,
McMaster,MLS,Life Sciences Gateway,Offer,95.5,5/7/2026,,,
McMaster,MLS,Life Sciences Gateway,Rejected,90.8,5/7/2026,,,
McMaster,MLS,Life Sciences Gateway,Rejected,96,5/8/2026,,,
McMaster,MLS,Life Sciences Gateway,Rejected,91,5/8/2026,,,
McMaster,MLS,Life Sciences Gateway,Rejected,90,5/8/2026,,,IB
McMaster,MLS,Life Sciences Gateway,Rejected,89.83,5/8/2026,,,"Hi sorry, I meant to do this submission for life sciences not health sciences. Can you please remove the response you put just a few minutes ago? Thank you"
McMaster,MLS,Life Sciences Gateway,Rejected,89,5/8/2026,,,
McMaster,MLS,Life Sciences Gateway,Rejected,89,5/8/2026,,,Last choice
McMaster,MLS,Life Sciences Gateway,Rejected,85.3,5/8/2026,,,can’t say i’m surprised
McMaster,MLS,Life Sciences Gateway,Rejected,83.5,5/8/2026,,,i only applied for shits and giggles
McMaster,MLS,Life Sciences Gateway,Rejected,83,5/8/2026,,,🥳
McMaster,MLS,Life Sciences Gateway,Offer,95.33,5/12/2026,,,
McMaster,MLS,Life Sciences Gateway,Offer,94.16,5/19/2026,,,
McMaster,MLS,Life Sciences Gateway,Offer,92.33,5/26/2026,,,uhm i'm surprised I even got it lol. I thought the cut off was higher this year considering the grades i've seen😭
McMaster,MLS,Life Sciences Gateway,Rejected,94.33,5/26/2026,,,
McMaster,MLS,Life Sciences Gateway,Rejected,94.33,5/26/2026,,,have no idea why I got rejected...
McMaster,MLS,Life Sciences Gateway,Rejected,94.17,5/26/2026,,,
McMaster,MLS,Life Sciences Gateway,Rejected,94,5/26/2026,,,
McMaster,MLS,Life Sciences Gateway,Rejected,93.83,5/26/2026,,,
McMaster,MLS,Life Sciences Gateway,Rejected,93.67,5/26/2026,,,
McMaster,MLS,Life Sciences Gateway,Rejected,93.5,5/26/2026,,,
McMaster,MLS,Life Sciences Gateway,Rejected,93.5,5/26/2026,,,
McMaster,MLS,Life Sciences Gateway,Rejected,93.17,5/26/2026,,,guy with a 92.8 got accepted on may 28 on may 26
McMaster,MLS,Life Sciences Gateway,Rejected,93,5/26/2026,,,
McMaster,MLS,Life Sciences Gateway,Rejected,93,5/26/2026,,,getting a rejection letter 5 days before the deadline is disappointing
McMaster,MLS,Life Sciences Gateway,Rejected,92.82,5/26/2026,,,
McMaster,MLS,Life Sciences Gateway,Rejected,92.66,5/26/2026,,,
McMaster,MLS,Life Sciences Gateway,Rejected,92.5,5/26/2026,,,
McMaster,MLS,Life Sciences Gateway,Rejected,91.8,5/26/2026,,,yeah idk why i applied lowkey
McMaster,MLS,Life Sciences Gateway,Rejected,91.6,5/26/2026,,,
McMaster,MLS,Life Sciences Gateway,Rejected,89,5/26/2026,,,
McMaster,MN,Nursing I,Rejected,91,3/31/2026,,,I didn't do the supp app don't be like me :(
McMaster,MN,Nursing I,Offer,95,4/30/2026,,Q3,
McMaster,MN,Nursing I,Offer,97.3,5/6/2026,,Q4,
McMaster,MN,Nursing I,Offer,97,5/6/2026,,Q4,
McMaster,MN,Nursing I,Offer,96.5,5/6/2026,,Q4,$1000 scholarship
McMaster,MN,Nursing I,Offer,96.5,5/6/2026,,Q4,
McMaster,MN,Nursing I,Offer,96.33,5/6/2026,,Q3,
McMaster,MN,Nursing I,Offer,95.67,5/6/2026,,Q4,I'm in the IB program (they care a lot ab second sem midterms so even if you messed up first sem dw you can still have a redemption arc!! - taken from personal experience)
McMaster,MN,Nursing I,Offer,95.6,5/6/2026,,Q4,
McMaster,MN,Nursing I,Offer,95.6,5/6/2026,,Q2,2nd quartile but still got in main site
McMaster,MN,Nursing I,Offer,95.5,5/6/2026,,Q3,
McMaster,MN,Nursing I,Offer,95.167,5/6/2026,,Q2,
McMaster,MN,Nursing I,Offer,95,5/6/2026,,Q4,
McMaster,MN,Nursing I,Offer,95,5/6/2026,,Q4,
McMaster,MN,Nursing I,Offer,95,5/6/2026,,Q4,"It’s not that bad honestly, as long as u study a little and watch some yt videos on the format u got it"
McMaster,MN,Nursing I,Offer,95,5/6/2026,,Q4,
McMaster,MN,Nursing I,Offer,94.83,5/6/2026,,Q4,
McMaster,MN,Nursing I,Offer,94.83,5/6/2026,,Quartile 1 💀💀💀,Don't lose hope 😭
McMaster,MN,Nursing I,Offer,94.7,5/6/2026,,Q4,
McMaster,MN,Nursing I,Offer,94.5,5/6/2026,,Q2,"I got Q2 on the CASPer, its just an ethics exam. (If you get Q2, there is still hope for you!)"
McMaster,MN,Nursing I,Offer,94.5,5/6/2026,,Q4,
McMaster,MN,Nursing I,Offer,94.16,5/6/2026,,Q3,
McMaster,MN,Nursing I,Offer,94.05,5/6/2026,,Q4,
McMaster,MN,Nursing I,Offer,94,5/6/2026,,Q3,
McMaster,MN,Nursing I,Offer,93.88,5/6/2026,,Q4,
McMaster,MN,Nursing I,Offer,93.83,5/6/2026,,Q3,
McMaster,MN,Nursing I,Offer,93.6,5/6/2026,,Q4,
McMaster,MN,Nursing I,Offer,93.6,5/6/2026,,Q4,"partial IB program (Biology hl, English hl, Psych sl)"
McMaster,MN,Nursing I,Offer,93.5,5/6/2026,,Q4,
McMaster,MN,Nursing I,Offer,93.1,5/6/2026,,Q4,
McMaster,MN,Nursing I,Offer,91.8,5/6/2026,,Q4,
McMaster,MN,Nursing I,Offer,97,5/7/2026,,Q4,
McMaster,MN,Nursing I,Offer,96.5,5/7/2026,,Q2,OSSD
McMaster,MN,Nursing I,Offer,93.5,5/7/2026,,Q4,
McMaster,MN,Nursing I,Offer,93,5/7/2026,,Q2,
McMaster,MN,Nursing I,Offer,95,5/8/2026,,Q4,
McMaster,MN,Nursing I,Rejected,89.1,5/12/2026,,,
McMaster,MN,Nursing I,Rejected,89.1,5/12/2026,,,Should have applied to Momac site!
McMaster,MN,Nursing I,Offer,96.33,5/27/2026,,,
McMaster,MN,Nursing I,Offer,93.17,5/27/2026,,Q3,
McMaster,MN,Nursing I,Offer,89.3,5/27/2026,,Q3,Submitted special consideration
McMaster,MN,Nursing I,Rejected,92.5,5/27/2026,,Q3,For main site you needed atleast a 93+
McMaster,MN,Nursing I,Rejected,92.16,5/27/2026,,Q4,
McMaster,MN,Nursing I,Rejected,91,5/27/2026,,Q4,
McMaster,MN,Nursing I,Rejected,88.8,5/27/2026,,Q4,
McMaster,MN,Nursing I,Rejected,88.1,5/27/2026,,Q2,
McMaster,MN,Nursing I,Offer,92.5,6/3/2026,,Q3,I originally got rejected on may 27 but on June 3rd they sent me an acceptance offer
McMaster,MN,Nursing I,Offer,98.2,6/5/2026,,Q2,
McMaster,MN,Nursing I,Rejected,93.6,6/25/2026,,,
McMaster,MNM,Nursing I (BScN) - Mohawk,Offer,94.83,5/6/2026,,Q4,
McMaster,MNM,Nursing I (BScN) - Mohawk,Offer,93.5,5/6/2026,,Q4,
McMaster,MNM,Nursing I (BScN) - Mohawk,Offer,93.33,5/6/2026,,Q2,
McMaster,MNM,Nursing I (BScN) - Mohawk,Offer,92.6,5/6/2026,,Q3,
McMaster,MNM,Nursing I (BScN) - Mohawk,Offer,91.8,5/6/2026,,Q3,
McMaster,MNM,Nursing I (BScN) - Mohawk,Offer,90.5,5/6/2026,,Q4,School Peer Tutoring Club: Peer Tutor; School Science Club Marketing Lead
McMaster,MNM,Nursing l (BScN) - Mohawk,Offer,90,5/6/2026,,Q2,
McMaster,MNM,Nursing l (BScN) - Mohawk,Offer,90,5/6/2026,,,
McMaster,MNM,Nursing l (BScN) - Mohawk,Offer,92.83,5/12/2026,,Q4,Waitlisted for MN but they are the exact same so who cares.
McMaster,MNM,Nursing I (BScN) - Mohawk,Offer,88.8,5/27/2026,,Q4,
McMaster,MNM,Nursing I (BScN) - Mohawk,Offer,88.1,5/27/2026,,Q2,
McMaster,MNS,Honours Health Sciences,Offer,97.5,5/6/2026,,,44/45 IB PG
McMaster,MNS,Honours Health Sciences,Offer,97,5/6/2026,,I didnt write it in a creative way but my ideas were pretty unique and niche!,
McMaster,MNS,Honours Health Sciences,Rejected,98,5/6/2026,,thank you for the music,tyrese haliburton game 7
McMaster,MNS,Honours Health Sciences,Rejected,94.33,5/6/2026,,My supp app essays were both pretty mid (I did 1A and 2A). Didn't really talk about ECs at all which may have done me in.,I did the essays like a month in advance but I was working on several scholarship applications (didn't get any of them lmao) so to be honest I got cooked for a reason. Can't say I'm terribly upset about this one though as I didn't expect to get in.
McMaster,MNS,Honours Health Sciences,Offer,97.8,5/7/2026,,questions 1a and 2b; name dropped olympiads ec in my essay lol,applied for funsies but got lucky! might attend (?)
McMaster,MNS,Honours Health Sciences,Offer,97.5,5/7/2026,,"No mention of any ECs, used fairly “informal” writing, just tried to write a walk-through of my thought process.",
McMaster,MNS,Honours Health Sciences,Offer,97,5/7/2026,,"q1a and q2b, didn’t mention any ECs, answered pretty directly (did use analogies)","francophone school, good luck :)"
McMaster,MNS,Honours Health Sciences,Offer,96.7,5/7/2026,,"- My first one was unique and connected to myself, the second one I answered really straightforward but made some interesting points that would take time to get.","- I Didnt think I would get in, have faith in yourself!"
McMaster,MNS,Honours Health Sciences,Offer,96.5,5/7/2026,,"it wasn't well written at all, but I think my ideas were pretty good and authentic",
McMaster,MNS,Honours Health Sciences,Offer,95.83,5/7/2026,,,
McMaster,MNS,Honours Health Sciences,Offer,95.83,5/7/2026,,Did Questions 1B and 2B,I'm a lucky fella
McMaster,MNS,Honours Health Sciences,Offer,95.8,5/7/2026,,Gave a clear concept and layered reasoning. Do not be vague is all I’ll say,1 of 2 from my school
McMaster,MNS,Honours Health Sciences,Offer,95.6,5/7/2026,,"q1a and 2a, talked about a childhood hobby","war is over, all the best guys!!"
McMaster,MNS,Honours Health Sciences,Offer,95.5,5/7/2026,,"Did not mention EC's. Did q1a and q2b. my language was not advanced, i'd say my ideas were pretty creative, for the first one i mentioned some of my experience as a rationale to why i made gpa system. And for the last one i did not mention my personal experience, i answered kind of role playing idk if that made it stand out lol. but i really did analyse the heck out of the situation! But I truly made it honest to myself and values.",
McMaster,MNS,Honours Health Sciences,Offer,94.81,5/7/2026,,I answered 1b and 2a,
McMaster,MNS,Honours Health Sciences,Offer,94.16,5/7/2026,,"Did not mention ecs, talked about a car crash and how it changed me",
McMaster,MNS,Honours Health Sciences,Offer,93.5,5/7/2026,,did question 1a and 2a,
McMaster,MNS,Honours Health Sciences,Offer,93.25,5/7/2026,,1A 2A,idek how i got in bro
McMaster,MNS,Honours Health Sciences,Offer,92.8,5/7/2026,,I didn't mention ECs but I did use personal experiences and examples,I honestly wrote it the week it was due and honestly just tried to use personal example to make myself seem more original. see yall at mac in september.
McMaster,MNS,Honours Health Sciences,Offer,91.5,5/7/2026,,,
McMaster,MNS,Honours Health Sciences,Offer,91.33,5/7/2026,,Did not mention ecs just talked about personal experiences,
McMaster,MNS,Honours Health Sciences,Offer,90.17,5/7/2026,,,
McMaster,MNS,Honours Health Sciences,Rejected,99.3,5/7/2026,,"i sent the wrong code before, but i did my own sys for gpa, + explained flaws of current gpa, and neuropath i connected to myself",jover.
McMaster,MNS,Honours Health Sciences,Rejected,99.16,5/7/2026,,,
McMaster,MNS,Honours Health Sciences,Rejected,99,5/7/2026,,dont feel bad if you get rejected gng,
McMaster,MNS,Honours Health Sciences,Rejected,98.89,5/7/2026,,nothing because the questions sucked and had nothing to do with ecs,stupid mac health sci
McMaster,MNS,Honours Health Sciences,Rejected,98.8,5/7/2026,,,
McMaster,MNS,Honours Health Sciences,Rejected,98.67,5/7/2026,,did not understand the assignment ig,
McMaster,MNS,Honours Health Sciences,Rejected,98,5/7/2026,,,
McMaster,MNS,Honours Health Sciences,Rejected,97.5,5/7/2026,,thought my supp app was pretty decent,
McMaster,MNS,Honours Health Sciences,Rejected,97.5,5/7/2026,,,
McMaster,MNS,Honours Health Sciences,Rejected,97.33,5/7/2026,,,
McMaster,MNS,Honours Health Sciences,Rejected,97.2,5/7/2026,,"1B, 2A. I made myself vulnerable by explaining an experience and how that changed my view on the world . 2A was pretty generic IMO, i thought I analyzed the data pretty good...",Its truly a lottery system.
McMaster,MNS,Honours Health Sciences,Rejected,97,5/7/2026,,"Thought I did pretty well, but nothing revolutionary.",
McMaster,MNS,Honours Health Sciences,Rejected,97,5/7/2026,,,
McMaster,MNS,Honours Health Sciences,Rejected,96.7,5/7/2026,,,
McMaster,MNS,Honours Health Sciences,Rejected,96.5,5/7/2026,,,
McMaster,MNS,Honours Health Sciences,Rejected,96.5,5/7/2026,,,
McMaster,MNS,Honours Health Sciences,Rejected,96.33,5/7/2026,,,
McMaster,MNS,Honours Health Sciences,Rejected,96,5/7/2026,,No ECs were mentioned.,
McMaster,MNS,Honours Health Sciences,Rejected,95.83,5/7/2026,,,
McMaster,MNS,Honours Health Sciences,Rejected,95.5,5/7/2026,,Had 2 people apart of admissions read it. Both said it was nasty. Still got rejected,
McMaster,MNS,Honours Health Sciences,Rejected,95.5,5/7/2026,,Didn't include any personal examples or experiences - wrote my responses in an hour just answering the questions as I thought best.,IBDP student
McMaster,MNS,Honours Health Sciences,Rejected,95.33,5/7/2026,,,
McMaster,MNS,Honours Health Sciences,Rejected,95,5/7/2026,,talked about growing up in the trenches and academic comeback journey,i was proud of my supp but i knew rejection was inevitable and i’m still happy to have gotten into other top choices
McMaster,MNS,Honours Health Sciences,Rejected,95,5/7/2026,,I just tried to be creative with my answers and logical,
McMaster,MNS,Honours Health Sciences,Rejected,94.8,5/7/2026,,,
McMaster,MNS,Honours Health Sciences,Rejected,94.5,5/7/2026,,The questions are meant to be hard btw,
McMaster,MNS,Honours Health Sciences,Rejected,94.5,5/7/2026,,,
McMaster,MNS,Honours Health Sciences,Rejected,94.17,5/7/2026,,,
McMaster,MNS,Honours Health Sciences,Rejected,94.1,5/7/2026,,,thought i did amazing on the supp app. all lottery based. im mad.
McMaster,MNS,Honours Health Sciences,Rejected,94,5/7/2026,,Did not mention ECs,
McMaster,MNS,Honours Health Sciences,Rejected,94,5/7/2026,,"no mention of ecs, did q1b q2a",wrote my supp app in like an hour lol i accidentally forgot about it
McMaster,MNS,Honours Health Sciences,Rejected,93.83,5/7/2026,,,
McMaster,MNS,Honours Health Sciences,Rejected,93.8,5/7/2026,,Mentioned ECs,Through my responses were solid. Had MHS students grade my supp app and they said they were solid responses. Ig IB deflated my grades
McMaster,MNS,Honours Health Sciences,Rejected,93.67,5/7/2026,,"Honestly, i thought i did great on my supp app",
McMaster,MNS,Honours Health Sciences,Rejected,93.33,5/7/2026,,,
McMaster,MNS,Honours Health Sciences,Rejected,93.17,5/7/2026,,,
McMaster,MNS,Honours Health Sciences,Rejected,93,5/7/2026,,i wrote about my personal expirence and opinions.. but ig they did not like it.,
McMaster,MNS,Honours Health Sciences,Rejected,92.33,5/7/2026,,,
McMaster,MNS,Honours Health Sciences,Rejected,91.33,5/7/2026,,,
McMaster,MNS,Honours Health Sciences,Rejected,82,5/7/2026,,,I applied for fun 😝 knew I was gonna get rejected anyways
McMaster,MNS,Honours Health Sciences,Rejected,89.83,5/8/2026,,,Was my dream program and pretty hurt about it but life moves on
McMaster,MPS,Chemical and Physical Sciences Gateway,Offer,95.11,2/25/2026,,,
McMaster,MPS,Chemical and Physical Sciences Gateway,Offer,94.6,2/25/2026,,,
McMaster,MPS,Chemical and Physical Sciences Gateway,Offer,94.33,2/25/2026,,,
McMaster,MPS,Chemical and Physical Sciences Gateway,Offer,93.2,2/25/2026,,,
McMaster,MPS,Chemical and Physical Sciences Gateway,Offer,92.25,2/25/2026,,,
McMaster,MPS,Chemical and Physical Sciences Gateway,Offer,92.17,2/25/2026,,,
McMaster,MPS,Chemical and Physical Sciences Gateway,Offer,91.6,2/25/2026,,,
McMaster,MPS,Chemical and Physical Sciences Gateway,Offer,90.66,2/25/2026,,,
McMaster,MPS,Chemical and Physical Sciences Gateway,Offer,97.6,2/26/2026,,,
McMaster,MPS,Chemical and Physical Sciences Gateway,Offer,96.67,2/26/2026,,,
McMaster,MPS,Chemical and Physical Sciences Gateway,Offer,90.75,3/11/2026,,,
McMaster,MPS,Chemical and Physical Sciences Gateway,Offer,91,5/1/2026,,,
McMaster,MPS,Chemical and Physical Sciences Gateway,Offer,90.83,5/1/2026,,,
McMaster,MPS,Chemical and Physical Sciences Gateway,Offer,90.66,5/1/2026,,,
McMaster,MPS,Chemical and Physical Sciences Gateway,Offer,87.5,5/1/2026,,,
McMaster,MPS,Chemical and Physical Sciences Gateway,Offer,85.5,5/1/2026,,,
McMaster,MPT,Automation Systems Engineering Technology,Offer,92,3/4/2026,,wrote about volunteering at homeless outreach org and spoke about volunteering at animal hospital,
McMaster,MPT,Automation Systems Engineering Technology,Offer,96,3/5/2026,,,
McMaster,MPT,Automation Systems Engineering Technology,Offer,83,5/6/2026,,"Didn't talk about any ecs, my questions were about skills and personal goals","got in with a 83, amazing"
McMaster,MRS,Medical Radiation Sciences,Offer,98.33,2/25/2026,,,
McMaster,MRS,Medical Radiation Sciences,Offer,97.3,2/25/2026,,,
McMaster,MRS,Medical Radiation Sciences,Offer,97.3,2/25/2026,,,
McMaster,MRS,Medical Radiation Sciences,Offer,95.5,2/25/2026,,,
McMaster,MRS,Medical Radiation Sciences,Offer,95,2/25/2026,,,
McMaster,MRS,Medical Radiation Sciences,Offer,95,2/25/2026,,,
McMaster,MRS,Medical Radiation Sciences,Offer,94.75,2/25/2026,,,
McMaster,MRS,Medical Radiation Sciences,Offer,94.3,2/25/2026,,,
McMaster,MRS,Medical Radiation Sciences,Offer,94.25,2/25/2026,,,
McMaster,MRS,Medical Radiation Sciences,Offer,94.22,2/25/2026,,,Non required supp app
McMaster,MRS,Medical Radiation Sciences,Offer,94,2/25/2026,,,
McMaster,MRS,Medical Radiation Sciences,Offer,93.5,2/25/2026,,,
McMaster,MRS,Medical Radiation Sciences,Offer,93.4,4/10/2026,,,"$3000 scholarship. IB student with a predicted 38/45, but don't think that was taken into consideration. I am from Alberta and potentially get a 4% boost."
McMaster,MRS,Medical Radiation Sciences,Offer,96.17,5/1/2026,,,
McMaster,MRS,Medical Radiation Sciences,Offer,95,5/1/2026,,,
McMaster,MRS,Medical Radiation Sciences,Offer,95,5/1/2026,,,
McMaster,MRS,Medical Radiation Sciences,Offer,94.83,5/1/2026,,,
McMaster,MRS,Medical Radiation Sciences,Rejected,93.33,5/26/2026,,,
McMaster,MTT,Biotechnology CO-OP,Offer,88,3/4/2026,,,
McMaster,MV,Kinesiology,Offer,93.25,2/25/2026,,,
McMaster,MV,Kinesiology,Offer,98.25,2/26/2026,,,"3k scholarship; 98.25 top 4 completed 12U courses, 99.33 top 3"
McMaster,MV,Kinesiology,Offer,97.67,2/26/2026,,,
McMaster,MV,Kinesiology,Offer,97.3,2/26/2026,,,
McMaster,MV,Kinesiology,Offer,96.5,2/26/2026,,,
McMaster,MV,Kinesiology,Offer,96,2/26/2026,,,
McMaster,MV,Kinesiology,Offer,95.3,2/26/2026,,,IBDP candidate
McMaster,MV,Kinesiology,Offer,95,2/26/2026,,,Haven't completed 2 of the pre-requisite courses yet but managed to get in
McMaster,MV,Kinesiology,Offer,94,2/26/2026,,,
McMaster,MV,Kinesiology,Offer,94,2/26/2026,,,
McMaster,MV,Kinesiology,Offer,93.67,2/26/2026,,,
McMaster,MV,Kinesiology,Offer,93.33,2/26/2026,,,
McMaster,MV,Kinesiology,Offer,92.6,2/26/2026,,,
McMaster,MV,Kinesiology,Offer,92,2/26/2026,,,
McMaster,MV,Kinesiology,Offer,93.67,3/3/2026,,,
McMaster,MV,Kinesiology,Offer,92.11,3/11/2026,,,Make sure your Advanced Functions grade is high if you want to get into the Feb Round!
McMaster,MV,Kinesiology,Offer,95.33,5/1/2026,,,
McMaster,MV,Kinesiology,Offer,94.3,5/1/2026,,,
McMaster,MV,Kinesiology,Offer,93.83,5/1/2026,,,
McMaster,MV,Kinesiology,Offer,93.83,5/1/2026,,,
McMaster,MV,Kinesiology,Offer,93.83,5/1/2026,,,
McMaster,MV,Kinesiology,Offer,93.33,5/1/2026,,,
McMaster,MV,Kinesiology,Offer,92.8,5/1/2026,,,
McMaster,MWC,Leadership and Civic Studies,Offer,92.2,3/5/2026,,,
McMaster,MX,Arts & Science I,Offer,93,3/30/2026,,,
McMaster,MX,Arts & Science I,Offer,98,5/5/2026,,"Talked about specific things I find interesting and how the program lets me explore those. Any ECs are useful material to talk about even if they have nothing. to do with arts or science, QUALITY over quantity.",
McMaster,MX,Arts & Science I,Offer,96,5/5/2026,,Just be genuine and show your interest for the program.,
McMaster,MX,Arts & Science I,Offer,94.67,5/5/2026,,,
McMaster,MX,Arts & Science I,Offer,94.5,5/5/2026,,,
McMaster,MX,Arts & Science I,Offer,94.5,5/5/2026,,They were pretty broad questions so super fun to answer and explore! (don't use chatgpt and just be authentic!) Show your passion for the program and truly connect with its main idea of learning as the most important thing.,IB diploma student
McMaster,MY,Midwifery,Offer,94.33,5/6/2026,,"Talked about my experiences volunteering at a hospital and personal challenges (death of friends/family). Didn't make a big deal of mentioning it, just wove it into my narrative as I was answering the questions.","Doing AP Bio, Physics, Calc. Did AP Lang and Stats last year."
McMaster,MZ,Mathematics and Statistics Gateway,Offer,96,12/12/2025,,,
McMaster,MZ,Mathematics and Statistics Gateway,Offer,90,12/19/2025,,,International student
McMaster,MZ,Mathematics and Statistics Gateway,Offer,100,2/25/2026,,,"$3000 scholarship. If the avg is based on my top 3, it is 100. If it is top 6 substituting gr 11 if needed, it is 99."
McMaster,MZ,Mathematics and Statistics Gateway,Offer,97.6,2/25/2026,,,good luck everyone
McMaster,MZ,Mathematics and Statistics Gateway,Offer,97.33,2/25/2026,,,
McMaster,MZ,Mathematics and Statistics Gateway,Offer,97.33,2/25/2026,,,
McMaster,MZ,Mathematics and Statistics Gateway,Offer,96.17,2/25/2026,,,
McMaster,MZ,Mathematics and Statistics Gateway,Offer,96,2/25/2026,,,Already completed all pre-reqs before starting Gr.12
McMaster,MZ,Mathematics and Statistics Gateway,Offer,96,2/25/2026,,,
McMaster,MZ,Mathematics and Statistics Gateway,Offer,94.83,2/25/2026,,,
McMaster,MZ,Mathematics and Statistics Gateway,Offer,94,2/25/2026,,,
McMaster,MZ,Mathematics and Statistics Gateway,Offer,93.8,2/25/2026,,,
McMaster,MZ,Mathematics and Statistics Gateway,Offer,93.73,2/25/2026,,,
McMaster,MZ,Mathematics and Statistics Gateway,Offer,93,2/25/2026,,,
McMaster,MZ,Mathematics and Statistics Gateway,Offer,92.8,2/25/2026,,,
McMaster,MZ,Mathematics and Statistics Gateway,Offer,92.67,2/25/2026,,,
McMaster,MZ,Mathematics and Statistics Gateway,Offer,92.33,2/25/2026,,,Conditional offer
McMaster,MZ,Mathematics and Statistics Gateway,Offer,92,2/25/2026,,,
McMaster,MZ,Mathematics and Statistics Gateway,Offer,91.83,2/25/2026,,,
McMaster,MZ,Mathematics and Statistics Gateway,Offer,91.73,2/25/2026,,,
McMaster,MZ,Mathematics and Statistics Gateway,Offer,91.67,2/25/2026,,,
McMaster,MZ,Mathematics and Statistics Gateway,Offer,91,2/25/2026,,,BANNNNG SON
McMaster,MZ,Mathematics and Statistics Gateway,Offer,91,2/25/2026,,,
McMaster,MZ,Mathematics and Statistics Gateway,Offer,91,2/25/2026,,,I had advanced functions and calculus completed already
McMaster,MZ,Mathematics and Statistics Gateway,Offer,90.33,2/25/2026,,,
McMaster,MZ,Mathematics and Statistics Gateway,Offer,89.33,2/25/2026,,,
McMaster,MZ,Mathematics and Statistics Gateway,Offer,95.83,2/26/2026,,,
McMaster,MZ,Mathematics and Statistics Gateway,Offer,94.8,2/26/2026,,,
McMaster,MZ,Mathematics and Statistics Gateway,Offer,89,3/27/2026,,,"Transfer student from a different university. If you apply to transfer to a level 1 program at mac (restarting first year in my case), then they only look at your grade 12 marks to make the decision. Since I had already completed all my grade 12 courses, I was able to get a decision within a week of applying."
McMaster,MZ,Mathematics and Statistics Gateway,Offer,94,5/1/2026,,,
McMaster,MZ,Mathematics and Statistics Gateway,Offer,91.5,5/1/2026,,,
McMaster,MZ,Mathematics and Statistics Gateway,Offer,88,5/1/2026,,,
McMaster,MZ,Mathematics and Statistics Gateway,Offer,87.67,5/1/2026,,,
McMaster,MZ,Mathematics and Statistics Gateway,Offer,85.33,5/1/2026,,,
McMaster,MZ,Mathematics and Statistics Gateway,Offer,85.33,5/1/2026,,,
McMaster,MZ,Mathematics and Statistics Gateway,Offer,87.5,5/2/2026,,,expected it. feels good but oh well
McMaster,TMX,Computer Science,Offer,97.33,1/26/2026,,"International Engineering competition finalist, 1000+ hours, lots of Waterloo competitions, 9 clubs this year, 5 clubs last year, student council president",
Mount Allison,,Bachelor of Science,Offer,96.5,10/31/2025,,,
Mount Allison,,Biopsychology,Offer,85,10/31/2025,,,"received large scholarship, still waiting for full details of package"
New York University,,Politics,Offer,96.25,3/25/2026,,"Common app essay and activities section, NYU-specific prompt, STARS for grade input",biggest curveball of my grade 12 career. also got offered to start my degree at NYU London for the inaugural cohort of scholars there
Nipissing,PA,Gender Studies,Offer,74,10/22/2025,,,used only my grade 11 marks
Nipissing,PE,Concurrent Bachelor of Arts/Bachelor of Education - Primary/Junior,Offer,95,12/5/2025,,,
Nipissing,PEB,Concurrent Education Child and Family Studies,Offer,96,12/5/2025,,,
Nipissing,PEB,Concurrent Bachelors of Art/Bachelor of Education Intermediate/Senior,Offer,87,12/5/2025,,,"Entrance scholarship of $1,500"
Nipissing,PSN,Nursing,Offer,92,3/13/2026,,,
Nipissing,PSN,Nursing,Offer,86,3/13/2026,,,
Nipissing,PSN,Nursing,Offer,86,3/13/2026,,,
Nipissing,PSN,Nursing,Waitlisted,80.83,5/14/2026,,,
OCAD,HED,Environmental Design: Interior Design,Offer,90.6,3/10/2026,,"Included 9 examples, including two 3D models + statement of intent",
OCAD,HIM,Intergrated Media,Offer,95.5,3/11/2026,,10 art works+artist intent,
Ontario Tech,DAU,Criminology and Justice : Criminal Justice,Offer,89,12/16/2025,,,
Ontario Tech,DBG,Business - Accounting,Offer,85,10/15/2025,,,
Ontario Tech,DBL,Marine Biology (Co-op),Offer,,11/24/2025,,,(87.00 ENG4U) (72.00 MHF4U) (86.00 CLN4U) (60.00 SCH3U) (SBI3U 84.00) (93.00 ENG3U)
Ontario Tech,DCA,Automotive Engineering,Offer,81,11/19/2025,,,
Ontario Tech,DCA,Automotive Engineering,Offer,83,1/5/2026,,,$1000 entry scholarship
Ontario Tech,DCA,Automotive Engineering (BEng/BEngM) (Co-op),Offer,80.5,3/17/2026,,,
Ontario Tech,DCD,Computer Science,Offer,91,10/28/2025,,,
Ontario Tech,DCD,Computer Science,Offer,93.6,11/26/2025,,,
Ontario Tech,DCE,Electrical Engineering,Offer,96,11/17/2025,,,$4000 entrance scholarship
Ontario Tech,DCE,Electrical Engineering,Offer,88.67,11/18/2025,,,
Ontario Tech,DCE,Electrical Engineering,Offer,92,11/21/2025,,,
Ontario Tech,DCE,Electrical Engineering,Offer,90,11/30/2025,,,
Ontario Tech,DCE,Electrical Engineering,Offer,91.33,12/8/2025,,,
Ontario Tech,DCF,Business - Finance,Offer,93.6,11/26/2025,,,
Ontario Tech,DCG,Business - Accounting (BCom) (Co-op),Offer,85.25,11/11/2025,,,
Ontario Tech,DCI,Mathematics for Science and Industry,Offer,95.5,11/24/2025,,,
Ontario Tech,DCI,Mathematics for Science and Industry,Offer,95,1/23/2026,,,
Ontario Tech,DCN,Mechanical Engineering,Offer,84,10/24/2025,,,if anyone wondering the condition is i keep a 70 average in my top 6
Ontario Tech,DCN,Mechanical Engineering,Offer,88.8,11/19/2025,,,
Ontario Tech,DCN,Mechanical Engineering,Offer,92,11/21/2025,,,
Ontario Tech,DCN,Mechanical Engineering (Co-op),Offer,95.16,11/24/2025,,,
Ontario Tech,DCN,Mechanical Engineering (Co-op),Offer,86.25,12/2/2025,,,
Ontario Tech,DCN,Mechanical Engineering,Offer,90.5,1/23/2026,,,
Ontario Tech,DCN,Mechanical Engineering (Co-op),Offer,91,2/14/2026,,,
Ontario Tech,DCN,Mechanical Engineering (Co-op),Offer,84,3/24/2026,,,conditional hella low 70% combined and all courses have to be above 60% also $1000 entrance scholarship
Ontario Tech,DCN,Mechanical Engineering (Co-op),Offer,79,4/7/2026,,,
Ontario Tech,DCO,Mechatronics Engineering,Offer,93.5,10/21/2025,,,
Ontario Tech,DCO,Mechatronics Engineering,Offer,95,10/28/2025,,,like sub 24h after grades submitted
Ontario Tech,DCO,Mechatronics Engineering (Co-op),Offer,88.5,11/17/2025,,,OnTech lowkey accepts everyone <3
Ontario Tech,DCO,Mechatronics Engineering (Co-op),Offer,88.5,11/17/2025,,,OnTech lowkey accepts everyone <3
Ontario Tech,DCO,Mechatronics Engineering (Co-op),Offer,94,11/18/2025,,,
Ontario Tech,DCO,Mechatronics Engineering,Offer,84,11/24/2025,,,
Ontario Tech,DCO,Mechatronics Engineering,Offer,88.3,11/26/2025,,,
Ontario Tech,DCT,Technology management (Bachelor of commerce),Offer,81,11/19/2025,,,"It's an easy average, you just need 70s and above lmao"
Ontario Tech,DCW,Software Engineering,Offer,91.17,11/17/2025,,,It feels like Ontario Tech is accepting everyone. I have friends with averages in the low 80s who also were immediately accepted.
Ontario Tech,DCW,Software Engineering,Offer,90,11/17/2025,,,
Ontario Tech,DCW,Software Engineering,Offer,92,11/21/2025,,,
Ontario Tech,DEC,Mechatronics Engineering,Offer,84.2,11/10/2025,,,idk why I even applied but confidence boosted imo
Ontario Tech,DEC,Mechanical Engineering,Offer,91.7,2/4/2026,,,
Ontario Tech,DEE,Electrical Engineering,Offer,90.6,11/5/2025,,,
Ontario Tech,DEH,Mechatronics Engineering - coop,Offer,93,11/12/2025,,,
Ontario Tech,DEI,Industrial Engineering,Offer,84.4,1/26/2026,,,
Ontario Tech,DEN,Nuclear Engineering (coop),Offer,93.8,11/14/2025,,,Early Admission Grade 11 mark
Ontario Tech,DEU,Comprehensive Engineering,Offer,95,11/17/2025,,,
Ontario Tech,DEW,Software Engineering (with Co-op),Offer,93.67,11/14/2025,,,Its a grades only program
Ontario Tech,DHH,Health Sciences (BHSc) - Human Health Science,Offer,86.66,1/27/2026,,,
Ontario Tech,DHL,Medical Laboratory Science,Offer,90.5,10/16/2025,,,
Ontario Tech,DHL,Medical Laboratory Science,Offer,94.6,11/5/2025,,,
Ontario Tech,DHL,Medical Laboratory Science,Offer,91.5,11/6/2025,,,
Ontario Tech,DHL,Medical Laboratory Science,Offer,88.7,11/7/2025,,,
Ontario Tech,DHL,Medical Laboratory Science,Offer,95.6,11/10/2025,,,
Ontario Tech,DHL,Medical Laboratory Science,Offer,84,11/24/2025,,,
Ontario Tech,DHL,Medical Laboratory Science,Offer,93.5,1/5/2026,,,
Ontario Tech,DHN,Nursing,Offer,87.1,10/21/2025,,,
Ontario Tech,DHN,Nursing,Offer,85.67,10/27/2025,,,
Ontario Tech,DHN,Nursing,Offer,86.33,11/7/2025,,,
Ontario Tech,DHN,Nursing,Offer,95.67,11/21/2025,,,
Ontario Tech,DHN,Nursing,Offer,91.2,12/20/2025,,,
Ontario Tech,DHN,Nursing,Offer,80,2/4/2026,,,
Ontario Tech,DHN,Nursing,Offer,88,2/12/2026,,,
Ontario Tech,DHN,Nursing,Offer,91,3/13/2026,,,
Ontario Tech,DHN,Nursing,Offer,91,3/16/2026,,,
Ontario Tech,DHN,Nursing,Offer,91,3/16/2026,,,
Ontario Tech,DHN,Nursing,Offer,84,3/25/2026,,,
Ontario Tech,DHN,Nursing,Offer,89,4/23/2026,,,
Ontario Tech,DHN,Nursing,Offer,88.16,4/23/2026,,,
Ontario Tech,DHN,Nursing,Offer,83.83,4/27/2026,,,
Ontario Tech,DHN,Nursing,Offer,90.5,5/8/2026,,,
Ontario Tech,DHS,Health Sciences - Human Health Sci,Offer,92.5,10/21/2025,,,
Ontario Tech,DHS,Health Sciences,Offer,88,10/28/2025,,,
Ontario Tech,DHS,Health Sciences,Offer,92,10/31/2025,,,
Ontario Tech,DHS,Health Sciences - Human Health Sci,Offer,63,11/7/2025,,,
Ontario Tech,DHS,Health Sciences,Offer,85,11/13/2025,,,
Ontario Tech,DHS,Health Sciences,Offer,87.5,11/28/2025,,,
Ontario Tech,DHS,Health Sciences,Offer,93.4,1/15/2026,,,
Ontario Tech,DHU,Health Sciences: public health,Offer,88,11/13/2025,,,
Ontario Tech,DIM,Mechatronics Engineering (Co-op),Offer,88,1/21/2026,,,
Ontario Tech,DIT,Networking and Information Technology Security,Offer,93,10/24/2025,,,
Ontario Tech,DIT,Networking and Information Technology Security,Offer,92.3,11/7/2025,,,First offer!
Ontario Tech,DKN,Kinesiology (BHSc),Offer,75,10/17/2025,,,
Ontario Tech,DKN,Kinesiology,Offer,86.5,11/24/2025,,,
Ontario Tech,DKN,Kinesiology,Offer,80,12/19/2025,,,
Ontario Tech,DKN,Kinesiology,Offer,79.5,1/12/2026,,,
Ontario Tech,DNC,Nuclear Engineering (Co-op),Offer,90,11/13/2025,,,
Ontario Tech,DNC,Nuclear Engineering,Offer,95,11/18/2025,,,
Ontario Tech,DNC,Nuclear Engineering (Co-op),Offer,93.5,11/19/2025,,,
Ontario Tech,DNC,Nuclear Engineering (Co-op),Offer,69.8,2/13/2026,,,
Ontario Tech,DPC,Physics (co-op),Offer,87,11/8/2025,,,
Ontario Tech,DSB,Biological Science,Offer,88,11/13/2025,,,
Ontario Tech,DSN,Forensic Science,Offer,86.3,10/21/2025,,,
Ontario Tech,DSN,Forensic Science,Offer,95.5,11/14/2025,,,
Ontario Tech,DST,Educational Studies,Offer,87.67,11/6/2025,,,
Ontario Tech,DWC,Pharmaceutical Chemistry (Co-op),Offer,89.33,11/17/2025,,,Came 4 days after midterms were submitted.
Ontario Tech,,Criminology and Justice - Policing in Society,Offer,90.5,11/7/2025,,,
Oxford,,"Biochemistry, MBiochem",Rejected,98.89,11/19/2025,,"Two time Canada-Wide Science Fair medallist, work in a lab, taken biochem enrichment courses, participated in research competitions, selected as a semi-finalist for the Ellison Undergrad Scholarship",I'm in my school board's gifted program for the OSSD
Oxford,,Engineering,Rejected,97,11/26/2025,,"President of Athletic Council, 1590 SAT, 5's on 3 APs",
Purdue University,,Aero & Astro Engineering,Offer,97,1/15/2026,,,
Purdue University - West Lafayette,,Computer Science,Offer,98.17,4/30/2026,,2 internships ; 300+ volunteer hours ; JA start-up - VP of Finance - invited to Rotman CDL ; made an app; hackathon winner ; CSMC Distinction ; DECA Exec; Commerce Club President,AP Calc BC and Lit
Queen Mary of London,,Computer Science and Artificial Intelligence,Offer,90,2/13/2026,,,"London, UK"
Queen Mary of London,,Pharmacology,Offer,90,2/26/2026,,,"London, UK"
Queen's,QA,Arts,Offer,96,10/23/2025,,,
Queen's,QA,Arts,Offer,96.2,11/5/2025,,,
Queen's,QA,Arts (Drama),Offer,97.3,11/12/2025,,,"Yay!! Early admission. Two grade 12 courses in my top six, but the rest are all gr 11. No info on scholarships. Good luck!!!"
Queen's,QA,Arts (History Major),Offer,96.8,11/12/2025,,,"I fast tracked my G12 in G11, no info on scholarships."
Queen's,QA,Arts (English),Offer,96.33,11/12/2025,,,
Queen's,QA,Arts,Offer,97,11/26/2025,,,
Queen's,QA,Arts,Offer,97,11/26/2025,,,7000 scholarship
Queen's,QA,Arts,Offer,96.5,12/11/2025,,,
Queen's,QA,Arts (Economics),Offer,97,12/17/2025,,,
Queen's,QA,Arts (Political Studies),Offer,96.25,12/17/2025,,,
Queen's,QA,Arts,Offer,96,12/17/2025,,,
Queen's,QA,Arts,Offer,95.8,12/17/2025,,,"60K, International"
Queen's,QA,Arts,Offer,95.5,12/17/2025,,,IB diploma program + Night school :D
Queen's,QA,Arts (Sociology),Offer,95.17,12/17/2025,,,
Queen's,QA,Arts,Offer,92.16,12/17/2025,,,
Queen's,QA,Arts (Economics),Offer,93,1/14/2026,,,
Queen's,QA,Arts,Offer,95.83,1/21/2026,,,
Queen's,QA,Arts (Political Science),Offer,91.67,1/21/2026,,,
Queen's,QA,Arts (Psychology),Offer,90.8,1/21/2026,,,
Queen's,QA,Arts (Political Studies) - Honours,Offer,93.17,1/26/2026,,,
Queen's,QA,Arts,Offer,94.17,1/29/2026,,,
Queen's,QA,Arts (Psychology),Offer,90.8,2/1/2026,,,
Queen's,QA,Arts (Political Studies),Offer,94.8,2/4/2026,,,
Queen's,QA,Arts (Economics),Offer,85.2,2/18/2026,,,
Queen's,QA,Arts,Offer,91,3/4/2026,,,
Queen's,QA,Arts (Political Science),Offer,92.3,3/5/2026,,,
Queen's,QA,Arts (Film and Media),Offer,90,3/5/2026,,,
Queen's,QA,Arts (Economics),Offer,98.33,3/11/2026,,,Got the principal's scholarship for $7000
Queen's,QA,Arts (Economics),Offer,96,3/11/2026,,,I didn't get an offer letter in my email- I had to check OUAC and SOLUS!
Queen's,QA,Arts,Offer,93.4,3/11/2026,,,
Queen's,QA,Arts,Offer,91.83,3/11/2026,,,
Queen's,QA,Arts (Film and Media),Offer,91.5,3/11/2026,,,
Queen's,QA,Arts (Economics),Offer,84,3/11/2026,,Quebec cegep,
Queen's,QA,Arts (Psychology),Offer,88.3,3/25/2026,,,they didn’t send any email so i just found out 2 weeks later  😭😭
Queen's,QA,Arts,Offer,88.83,3/26/2026,,,
Queen's,QA,Arts (Psychology),Offer,90,4/1/2026,,,
Queen's,QA,Arts,Offer,88,4/1/2026,,,
Queen's,QA,Arts,Waitlisted,88.5,5/13/2026,,,
Queen's,QA,Arts,Waitlisted,91,5/14/2026,,,
Queen's,QA,Arts (Political Studies),Waitlisted,90.16,5/14/2026,,,
Queen's,QA,Arts (Political Science),Waitlisted,92,5/15/2026,,,
Queen's,QB,Concurrent Education/Arts,Offer,96.7,10/15/2025,,,
Queen's,QB,Concurrent Education/Arts,Offer,93.3,11/3/2025,,,IB
Queen's,QB,Concurrent Education/Arts,Offer,96.5,11/12/2025,,,
Queen's,QB,Concurrent Education/Arts,Offer,96.83,12/17/2025,,,"Fast Tracked G12 in G11, guaranteed residence."
Queen's,QB,Concurrent Education/Arts,Offer,96.2,12/17/2025,,,
Queen's,QB,Concurrent Education/Arts,Offer,96,12/17/2025,,,
Queen's,QB,Concurrent Education/Arts,Offer,95.5,12/17/2025,,,"IB diploma program + 2 night school courses (Families in Canada and Kinesiology) for funsies. Got the French con-ed first at 11 am, then this arts one, before finally receiving what I'd originally believed was the only thing I'd get today: the general arts program :sob: Yippee!"
Queen's,QB,Concurrent Education/Arts,Offer,95,12/17/2025,,,
Queen's,QB,Concurrent Education/Arts,Offer,96,1/21/2026,,,
Queen's,QB,Concurrent Education/Arts,Offer,96,1/21/2026,,,
Queen's,QB,Concurrent Education/Arts,Offer,94,1/22/2026,,,IB
Queen's,QB,Concurrent Education/Arts,Offer,96.67,3/11/2026,,,
Queen's,QB,Concurrent Education/Arts,Offer,95,3/11/2026,,,
Queen's,QB,Concurrent Education/Arts,Offer,95,3/11/2026,,,I applied after equal consideration so I'm surprised I got an offer already.
Queen's,QB,Concurrent Education/Arts,Offer,94.33,3/11/2026,,,94.33 (including grade 11 top6)
Queen's,QB,Concurrent Education/Arts,Offer,94.3,3/11/2026,,,"5 Gr. 12 marks (3 final, 2 midterm) + Gr. 11 English"
Queen's,QB,Concurrent Education/Arts,Offer,94,3/11/2026,,,
Queen's,QB,Concurrent Education/Arts,Offer,93.3,3/25/2026,,,
Queen's,QBF,Concurrent Education/French,Offer,98.3,12/17/2025,,,
Queen's,QBF,Concurrent Education/French,Offer,97.14,12/17/2025,,,Admitted based on 3 midterm grade 12 marks and 2 grade 11 marks; $7000 scholarship
Queen's,QBF,Concurrent Education/French,Offer,95.5,12/17/2025,,,"Only adding this on here to support the spreadsheet because I was using it so much-refreshing it everyday... Like I said on my previous entry, IB + night school :D Good luck everyone!!"
Queen's,QBF,Concurrent Education/French,Offer,96,1/21/2026,,,
Queen's,QBF,Concurrent Education/French,Offer,93,5/2/2026,,,
Queen's,QC,Smith Commerce,Offer,96.2,12/17/2025,,I felt my video was strong - talked for the entire time,
Queen's,QC,Smith Commerce,Offer,94.33,12/17/2025,,"Honestly, I didn't think I did that well, but I guess I did. I mainly just talked about what I learned from the questions they asked.",
Queen's,QC,Smith Commerce,Offer,89.5,12/17/2025,,"food bank volunteer, accounting internship",I think i did good on my supp app
Queen's,QC,Smith Commerce,Offer,89,12/17/2025,,,
Queen's,QC,Smith Commerce,Offer,88.4,12/17/2025,,"Just be yourself, supp app > grades.",
Queen's,QC,Smith Commerce,Offer,83,12/17/2025,,Just be yourself,I talked during most the interview and felt it went well
Queen's,QC,Smith Commerce,Offer,96,1/29/2026,,Be confident and answer the speaking prompt through a specific scenario you have encountered and use the last 45~30 ish seconds to talk about how you can apply these skills elsewhere and at queens!,
Queen's,QC,Smith Commerce,Offer,98.2,2/4/2026,,"Followed the PREP and STAR format, make sure to show growth in experiences.",
Queen's,QC,Smith Commerce,Offer,96.5,2/4/2026,,,
Queen's,QC,Smith Commerce,Offer,99.16,2/25/2026,,"national level athlete, student council executive",Partial IB
Queen's,QC,Smith Commerce,Offer,97,2/25/2026,,,
Queen's,QC,Smith Commerce,Offer,97,2/25/2026,,"Fundraiser exec, learning from fail then creating a successful one, and stud co prez conflict management",10 AP Courses
Queen's,QC,Smith Commerce,Offer,97,2/25/2026,,"what impact i made through my ecs and gave numbers, STAR method",
Queen's,QC,Smith Commerce,Offer,95.83,2/25/2026,,talked about pharmacy job and a case comp,practice timed writing a lot and focus on growth!
Queen's,QC,Smith Commerce,Offer,97,3/4/2026,,,
Queen's,QC,Smith Commerce,Offer,94,3/4/2026,,"Talked about initiatives as Co-President, talked about leadership as Varsity soccer captain.","1 AP, honestly didn't think my supplemental app went well and didn't think I was gonna get in, stay hopeful!"
Queen's,QC,Smith Commerce,Offer,91,3/4/2026,,"sports team captain, talked about work -I cant remember exactly",
Queen's,QC,Smith Commerce,Offer,96.5,3/5/2026,,,
Queen's,QC,Smith Commerce,Offer,96.2,3/5/2026,,Wrote about XC Captain Talked about TEDx Club -> leadership lessons in both,just map your two best ECs onto the supp app and prepare notes
Queen's,QC,Smith Commerce,Offer,98.67,3/11/2026,,Nothing much,
Queen's,QC,Smith Commerce,Offer,98.33,3/11/2026,,i think i talked about my roles as a drama club exec and something about being president of my volunteering club,"ib student, 44/45 predicted (?)"
Queen's,QC,Smith Commerce,Offer,98.33,3/11/2026,,"President of a club, Head of Promotions for another. Had a response prepared for the written portion that I tweaked depending on the question.",Use specific examples and practice using the rubric published. They grade it based on the rubric so even if you respond well it doesn't matter if you don't hit the criteria.
Queen's,QC,Smith Commerce,Offer,98,3/11/2026,,Jewellery business + Deca president+ ICDC,"Make sure you speak well and sound confident in your video. Most people have similar extracurriculars, it’s about how you present yourself!"
Queen's,QC,Smith Commerce,Offer,97,3/11/2026,,Supp app done in early Feb. Questions are random. You might not be able to show your strongest ECs. My advice is to follow the rubric and show maturity and critically thinking.,IB
Queen's,QC,Smith Commerce,Offer,97,3/11/2026,,,
Queen's,QC,Smith Commerce,Offer,97,3/11/2026,,"Student council, camp counsellor",
Queen's,QC,Smith Commerce,Offer,97,3/11/2026,,"DECA VP, financial analyst for startup, non-profit founder",The supp app was only two questions just have good energy and be yourself
Queen's,QC,Smith Commerce,Offer,95.5,3/11/2026,,"Wrote about content creation in the 10 min writing portion, spoke about Model UN in the 2 min interview",
Queen's,QC,Smith Commerce,Offer,95.4,3/11/2026,,"talked abt deca for the written portion, JS talked abt how I didn’t even make provs for 2 years and then got top 10 in writtens and orals in gr 12😭","Honestly didn’t think I would get it, talking abt deca is so basic, but I definitely know how to talk so maybe my video was good? im in shock tbh"
Queen's,QC,Smith Commerce,Offer,95.17,3/11/2026,,"Talked about public speaking non-profit in responses. For written question, I typed as fast as possible and made sure to not overthink since there was only 10 minutes.",No APs completed and 91 in calc
Queen's,QC,Smith Commerce,Offer,95,3/11/2026,,Authentic voice + detailed and well developed experiences,
Queen's,QC,Smith Commerce,Offer,95,3/11/2026,,Talked about being a lifeguard/swim instructor and being apart of student government.,Just be yourself and talk to events that you can truly speak to.
Queen's,QC,Smith Commerce,Offer,98,3/25/2026,,"Coaching, case competitions, and programming",
Queen's,QC,Smith Commerce,Offer,95,3/26/2026,,"DECA for 4 years and ICDC qualifier (didn't really talk about this though), 150+ volunteer hours, 200h summer co-op (for SHSM). Talked mainly about volunteering and creative passions such as art and writing",IB Diploma + Business SHSM
Queen's,QC,Smith Commerce,Offer,98,4/1/2026,,DECA into Club head for written. Ski instructor for video,
Queen's,QC,Smith Commerce,Offer,97.3,4/1/2026,,Follow the rubrik and make sure u have good grades and ur in,
Queen's,QC,Smith Commerce,Offer,97,4/1/2026,,Sports/Club President of a Student Association,
Queen's,QC,Smith Commerce,Offer,96,4/1/2026,,I talked about my job as a lifeguard and being a competitive dancer.,
Queen's,QC,Smith Commerce,Offer,95.6,4/1/2026,,"talked about coaching youth basketball for written, competing in DECA for video",IB program
Queen's,QC,Smith Commerce,Offer,95.3,4/1/2026,,"OFSAA coaching, Working Full Time",Gap Year
Queen's,QC,Smith Commerce,Offer,73.8,4/8/2026,,"Talked about Deca, my part time job, my volunteering since grade 9, and also my struggle with my autism","THIS IS REAL DON’T TAKE DOWN PLEASE. I got in today with my average (idek how lmao 😭), im guaranteed residence and didn’t win any scholarships (applied for MAA and also the personal form). Hope this helps <3"
Queen's,QC,Smith Commerce,Offer,96.7,4/14/2026,,"Started a business, helping local artists break into retail, managing $40K+ in inventory; Varsity Basketball; Case Competitions",
Queen's,QC,Smith Commerce,Offer,96,4/14/2026,,,
Queen's,QC,Smith Commerce,Offer,95.5,4/14/2026,,Talked about being on student council for both,
Queen's,QC,Smith Commerce,Offer,95,4/14/2026,,Co-op experience & sport team,
Queen's,QC,Smith Commerce,Offer,96.8,5/13/2026,,Literally worst interview of my entire life,girl i dont know HOW i got in thank god i guess LOL
Queen's,QC,Smith Commerce,Offer,96.33,5/13/2026,,I talked about being a part of Student Council and Relay for Life. I honestly thought I threw it but I guess not!,
Queen's,QC,Smith Commerce,Offer,96,5/13/2026,,All I can say is don’t stress and practice. Make sure to talk with confidence.,
Queen's,QC,Smith Commerce,Offer,96,5/13/2026,,,
Queen's,QC,Smith Commerce,Offer,95.83,5/13/2026,,"Talked about DECA, nonprofit work, and summer job in public speaking.",Conditional of 80%
Queen's,QC,Smith Commerce,Offer,95.83,5/13/2026,,,just be good at communicating
Queen's,QC,Smith Commerce,Offer,95.8,5/13/2026,,"OFSAA Ski Champ, Baseball Umpire Captain",Connect your ecs to Queens and how you will stand out in their program. Have a strong opening/closing.
Queen's,QC,Smith Commerce,Offer,95.33,5/13/2026,,,
Queen's,QC,Smith Commerce,Offer,94.66,5/13/2026,,"My best advice to ppl applying to qcomm would be to genuinely reflect on your experiences and what you learned, like how you grew yk and use the rubric as a guide when writing doing ur supplemental you really don't need crazy extra curriculars as long as you can talk about them well. i think my supps were ok my video interview  i talked about this climate change nonprofit im on the marketing team for and how i worked with people with from different perspectives/backgrounds what i learned from it and how its helped me grow and improve.  my written essay was talking about helping kids with transitioning from middle school to high school (was a program at my school)",
Queen's,QC,Smith Commerce,Offer,91,5/13/2026,,"Not much, mainly Concert band and Best Buddies club","Queen's love private schools, make sure you take at least one (genuine advice)."
Queen's,QC,Smith Commerce,Rejected,98.8,5/13/2026,,"Vice president of student council, doing play, second degree black belt",
Queen's,QC,Smith Commerce,Offer,96.33,5/14/2026,,"Girl guides, tutoring business, what not",Practice QC's types of questions online before hand. Structure like STAR is nice too
Queen's,QC,Smith Commerce,Rejected,94.6,5/14/2026,,supp app was not good,
Queen's,QC,Smith Commerce,Rejected,94,5/14/2026,,Interview went well I thought,
Queen's,QC,Smith Commerce,Rejected,93.87,5/14/2026,,,
Queen's,QC,Smith Commerce,Rejected,93.67,5/14/2026,,,"For 09s, lock in for this supp app. You cannot just rely on your ECs for Queens as the questions may not be applicable to your experiences. Also, do it early but prepare! Practice older questions and make sure your avg AND supp app are good. Learn from me, you got this"
Queen's,QC,Smith Commerce,Rejected,93.33,5/14/2026,,"Represented Canada Twice at 2 International Competitions; Top 10 at the 2024 FIDE World School Chess Championships; National Master at Chess; ARCT Diploma in Piano; Founder/Owner of Community Chess Club Raising Over $10,000 to organizations like CHEO, Alzheimer's Society of Canada, etc.",Accepted my Waterloo/Laurier Math/BBA Dual Degree Offer the Day Before (Most Likely why I got rejected); 2 IB Courses in Top 6 (Advanced Functions SL and TOK); MCV4U Mark was only a 86
Queen's,QC,Smith Commerce,Rejected,86.83,5/14/2026,,Poor written response,
Queen's,QC,Smith Commerce,Rejected,83.5,5/14/2026,,Kira was eh at most,
Queen's,QC,Smith Commerce,Waitlisted,97.33,5/14/2026,,"I think I mentioned a local sports club I was apart of where I started a tournament between ~10 teams across the province and taught younger players, a small business I worked at where I worked up to a manager-type position as well as doing accounting for them, my own small business where I made ~15k, and that should be everything I mentioned. For the written portion, I remember following the rubric/criteria posted on their website while being myself.","Queens sucks because they send ~90% of offers before april 15 (before 2nd sem midterms). My average went from 90 to 97.3 after those midterms and was waitlisted, so it sucks how you have to do well in grade 11/early grade 12 if you want to go to queens. Hopefully they change this for all you 09s. For the supp app, be yourself and really show who you truly are, you can talk the best & most in depth about whatever you're most passionate about."
Queen's,QC,Smith Commerce,Waitlisted,97,5/14/2026,,"i don't even remember what i talked and wrote about, i just wanted to finish my sup apps (last sup app i did)",
Queen's,QC,Smith Commerce,Waitlisted,95.67,5/14/2026,,,
Queen's,QC,Smith Commerce,Waitlisted,95.67,5/14/2026,,,
Queen's,QC,Smith Commerce,Waitlisted,94.5,5/14/2026,,,
Queen's,QC,Smith Commerce,Rejected,86.5,5/15/2026,,,
Queen's,QC,Smith Commerce,Waitlisted,95.22,5/15/2026,,"messed up on supp app, wasn't very coherent",
Queen's,QC,Smith Commerce,Offer,94.8,6/3/2026,,"worst interview ever, tried to talk about soccer coaching 4 years, exec yearbook member, summer job",
Queen's,QC,Smith Commerce,Offer,94.12,6/3/2026,,just talked abt my summer camp experience and how it felt moving to a new school,I was waitlisted mid-May and got in June 3 and have 2 days to accept my offer. I already had a residence guarantee from one of the other queens programs I applied to
Queen's,QD,Computing,Offer,99,11/12/2025,,,"Surprised to get it so early!! I thought the earliest round would be in December,,, They literally only looked at my grade 11 marks because my grade 12 midterms haven't even been uploaded yet - it's being uploaded next week LOL good luck everyone!!"
Queen's,QD,Computing,Offer,97.33,11/12/2025,,,
Queen's,QD,Computing,Offer,97,11/12/2025,,,
Queen's,QD,Computing,Offer,93,12/11/2025,,,
Queen's,QD,Computing,Offer,98.4,12/17/2025,,,"AP French, English Lit., Chem., Physics 1, Calc. AB"
Queen's,QD,Computing,Offer,97.67,12/17/2025,,,75% conditional
Queen's,QD,Computing,Offer,97.16,12/17/2025,,,I did not have Grade 11 courses because I came here this year and started Grade 12 courses immediately lol. My top 6 included finished courses (finals) + midterm results
Queen's,QD,Computing,Offer,95,12/17/2025,,,
Queen's,QD,Computing,Offer,94.67,12/17/2025,,,
Queen's,QD,Computing,Offer,94.6,12/17/2025,,,
Queen's,QD,Computing,Offer,94,12/17/2025,,,
Queen's,QD,Computing,Offer,93,12/17/2025,,,
Queen's,QD,Computing,Offer,92.33,12/17/2025,,,
Queen's,QD,Computing,Offer,86.33,12/17/2025,,,GG
Queen's,QD,Computing,Offer,90,1/14/2026,,,Chem and physics online
Queen's,QD,Computing,Offer,87.67,1/15/2026,,,
Queen's,QD,Computing,Offer,86,1/15/2026,,,
Queen's,QD,Computing,Offer,95,1/21/2026,,,IB Program
Queen's,QD,Computing,Offer,92.33,1/21/2026,,,IBDP
Queen's,QD,Computing,Offer,92,1/21/2026,,,- Full IB Diploma student so I had six grade 12 grades by first semester midterms
Queen's,QD,Computing,Offer,87.2,1/21/2026,,,
Queen's,QD,Computing,Offer,86.16,1/21/2026,,,"Wow! I was going to ""lock in"" sem 2, but I dont even need to lol."
Queen's,QD,Computing,Offer,83.2,1/21/2026,,,"had strong comp-sci, data, world religions and advanced functions mark, still grateful but  tryna lock in to end in the 90-93 range for my main program which is eng, retaking calc in-person for sem 2 which should change my overall top 6 for applied programs"
Queen's,QD,Computing,Offer,81.33,1/21/2026,,,idk how tf i got in
Queen's,QD,Computing,Offer,85,2/21/2026,,,
Queen's,QD,Computing,Offer,90.83,3/11/2026,,,
Queen's,QD,Computing,Offer,89.5,4/1/2026,,,
Queen's,QE,Smith Engineering - Common First Year,Offer,99.6,11/6/2025,,,
Queen's,QE,Smith Engineering - Common First Year,Offer,98.6,11/6/2025,,,
Queen's,QE,Smith Engineering - Common First Year,Offer,98.6,11/6/2025,,,
Queen's,QE,Smith Engineering - Common First Year,Offer,98.67,11/12/2025,,,Conditional 80%
Queen's,QE,Smith Engineering - Common First Year,Offer,98,11/12/2025,,,Didn't expect an offer from Queens so soon! My school didn't even upload my midterms yet!
Queen's,QE,Smith Engineering - Common First Year,Offer,99,12/17/2025,,,
Queen's,QE,Smith Engineering - Common First Year,Offer,98.83,12/17/2025,,,
Queen's,QE,Smith Engineering - Common First Year,Offer,98.6,12/17/2025,,,Received Principal's Scholarship ($7k) for high admission avg
Queen's,QE,Smith Engineering - Common First Year,Offer,98,12/17/2025,,,In Ontario doing IB (IB >> AP) IB sucks rn icel
Queen's,QE,Smith Engineering - Common First Year,Offer,97.6,12/17/2025,,,
Queen's,QE,Smith Engineering - Common First Year,Offer,97.59,12/17/2025,,,Full IB Diploma
Queen's,QE,Smith Engineering - Common First Year,Offer,97.4,12/17/2025,,,
Queen's,QE,Smith Engineering - Common First Year,Offer,97.2,12/17/2025,,,"AP French, English Lit., Chem., Physics 1, Calc. AB"
Queen's,QE,Smith Engineering - Common First Year,Offer,95.67,12/17/2025,,,I only had the midterm for SPH3U which was a 94.
Queen's,QE,Smith Engineering - Common First Year,Offer,95.17,12/17/2025,,,"I am an IB student, but I submitted my converted scores, and btw best of luck if your applying."
Queen's,QE,Smith Engineering - Common First Year,Offer,90.2,12/17/2025,,,Did Ap Chemistry for a 5.
Queen's,QE,Smith Engineering - Common First Year,Offer,87.4,12/17/2025,,,Holy smokes it a miracle
Queen's,QE,Smith Engineering - Common First Year,Offer,97,12/18/2025,,,
Queen's,QE,Smith Engineering - Common First Year,Offer,98,1/14/2026,,,
Queen's,QE,Smith Engineering - Common First Year,Offer,94.3,1/14/2026,,,
Queen's,QE,Smith Engineering - Common First Year,Offer,93,1/14/2026,,,
Queen's,QE,Smith Engineering - Common First Year,Offer,92.5,1/14/2026,,,
Queen's,QE,Smith Engineering - Common First Year,Offer,97.6,1/15/2026,,,
Queen's,QE,Smith Engineering - Common First Year,Offer,97.2,1/15/2026,,,
Queen's,QE,Smith Engineering - Common First Year,Offer,96.33,1/15/2026,,,"IB (HL Math AA, HL English Lit, HL Chemistry, SL Physics, SL Economics, SL French B)"
Queen's,QE,Smith Engineering - Common First Year,Offer,99,1/21/2026,,,
Queen's,QE,Smith Engineering - Common First Year,Offer,98.6,1/21/2026,,,
Queen's,QE,Smith Engineering - Common First Year,Offer,98.2,1/21/2026,,,
Queen's,QE,Smith Engineering - Common First Year,Offer,97.6,1/21/2026,,,
Queen's,QE,Smith Engineering - Common First Year,Offer,97.6,1/21/2026,,,70s in grade 11 chem physics and functions just retook them in summer and locked in this sem
Queen's,QE,Smith Engineering - Common First Year,Offer,97.5,1/21/2026,,,
Queen's,QE,Smith Engineering - Common First Year,Offer,97.2,1/21/2026,,,
Queen's,QE,Smith Engineering - Common First Year,Offer,97,1/21/2026,,,
Queen's,QE,Smith Engineering - Common First Year,Offer,97,1/21/2026,,,
Queen's,QE,Smith Engineering - Common First Year,Offer,97,1/21/2026,,,
Queen's,QE,Smith Engineering - Common First Year,Offer,97,1/21/2026,,,
Queen's,QE,Smith Engineering - Common First Year,Offer,96.8,1/21/2026,,,IB but used Ontario Grades
Queen's,QE,Smith Engineering - Common First Year,Offer,96.6,1/21/2026,,,
Queen's,QE,Smith Engineering - Common First Year,Offer,96,1/21/2026,,,
Queen's,QE,Smith Engineering - Common First Year,Offer,95.5,1/21/2026,,,
Queen's,QE,Smith Engineering - Common First Year,Offer,95,1/21/2026,,,"This was offer 3/6 that I got. I got this one @ 11:31 AM sem 1 midterms (top 6): GRADE 11 ANTHRO [100], comp sci [97], english (online summer school) [93], leadership [87], physics [97], adv func [96]"
Queen's,QE,Smith Engineering - Common First Year,Offer,94.67,1/21/2026,,,
Queen's,QE,Smith Engineering - Common First Year,Offer,94.2,1/21/2026,,,
Queen's,QE,Smith Engineering - Common First Year,Offer,94,2/14/2026,,,"I got in touch with one of the AO's, they helped me out with advice"
Queen's,QE,Smith Engineering - Common First Year,Offer,93,2/18/2026,,,
Queen's,QE,Smith Engineering - Common First Year,Offer,96,3/5/2026,,,
Queen's,QE,Smith Engineering - Common First Year,Offer,94,3/5/2026,,,filled extenuating circumstances form
Queen's,QE,Smith Engineering - Common First year,Offer,94,3/10/2026,,,
Queen's,QE,Smith Engineering - Common First year,Offer,97.75,3/11/2026,,,"AP French, English Lit., Chem., Physics 1, Calc. AB (previous form response for QE has incorrect offer date, sorry!!)"
Queen's,QE,Smith Engineering - Common First Year,Offer,96.5,3/11/2026,,,IB
Queen's,QE,Smith Engineering - Common First year,Offer,96,3/11/2026,,,
Queen's,QE,Smith Engineering - Common First Year,Offer,96,3/11/2026,,,
Queen's,QE,Smith Engineering - Common First Year,Offer,95.2,3/11/2026,,"EC's were first tech robotics, 200+ hours volunteered at various places, 2 years of work experience as a camp counsellor, band for 4 years, badminton for 4 years (only local level), and a couple of projects (OpenCV based game, quadruped and hexapod)",Won commitment bursary and work study bursary.
Queen's,QE,Smith Engineering - Common First Year,Offer,95.2,3/11/2026,,,
Queen's,QE,Smith Engineering - Common First year,Offer,94.8,3/11/2026,,,
Queen's,QE,Smith Engineering - Common First Year,Offer,94.8,3/11/2026,,,"(94.8 if advanced functions was doubled, 94.2 if using gr.11 functions as a placeholder for calculus)."
Queen's,QE,Smith Engineering - Common First Year,Offer,94.6,3/11/2026,,,"no money ;(,"
Queen's,QE,Smith Engineering - Common First year,Offer,94.33,3/11/2026,,,
Queen's,QE,Smith Engineering - Common First Year,Offer,94.2,3/11/2026,,,
Queen's,QE,Smith Engineering - Common First Year,Offer,94,3/11/2026,,,sweet
Queen's,QE,Smith Engineering - Common First year,Offer,93.8,3/11/2026,,,93.8 top 5;Thank G
Queen's,QE,Smith Engineering - Common First Year,Offer,93.6,3/11/2026,,,
Queen's,QE,Smith Engineering - Common First year,Offer,93.4,3/11/2026,,,IB courses
Queen's,QE,Smith Engineering - Common First year,Offer,93.2,3/11/2026,,,finished all prereqs
Queen's,QE,Smith Engineering - Common First Year,Offer,93.2,3/11/2026,,,
Queen's,QE,Smith Engineering - Common First Year,Offer,93,3/11/2026,,,Received the Chancellors Nomination from my school
Queen's,QE,Smith Engineering - Common First year,Offer,93,3/11/2026,,,
Queen's,QE,Smith Engineering - Common First Year,Offer,96.33,3/18/2026,,,
Queen's,QE,Smith Engineering - Common First Year,Offer,96,3/22/2026,,,
Queen's,QE,Smith Engineering - Common First Year,Offer,96,4/1/2026,,,
Queen's,QE,Smith Engineering - Common First Year,Offer,94.5,4/1/2026,,,
Queen's,QE,Smith Engineering - Common First Year,Offer,94.3,4/1/2026,,,
Queen's,QE,Smith Engineering - Common First Year,Offer,93.4,4/1/2026,,,"I didnt get an email i checked my portal the day after the offers, my top 5 is using adv function twice as a place holder for calc."
Queen's,QE,Smith Engineering - Common First Year,Offer,93.2,4/1/2026,,,
Queen's,QE,Smith Engineering - Common First Year,Offer,92.8,4/1/2026,,,92.8 top 5 computed using SPH3U instead of SPH4U and MHF4U instead of MCV4U since I'm taking classes this semester and we don't have midterms results.
Queen's,QE,Smith Engineering - Common First Year,Offer,92.8,4/1/2026,,,
Queen's,QE,Smith Engineering - Common First Year,Offer,92.6,4/1/2026,,,
Queen's,QE,Smith Engineering - Common First Year,Offer,92.5,4/1/2026,,,
Queen's,QE,Smith Engineering - Common First Year,Offer,92.4,4/1/2026,,,
Queen's,QE,Smith Engineering - Common First Year,Offer,92.4,4/1/2026,,,
Queen's,QE,Smith Engineering - Common First Year,Offer,92.4,4/1/2026,,,
Queen's,QE,Smith Engineering - Common First Year,Offer,92.3,4/1/2026,,,
Queen's,QE,Smith Engineering - Common First Year,Offer,95,4/14/2026,,,IB certificate program
Queen's,QE,Smith Engineering - Common First Year,Offer,94,4/14/2026,,,
Queen's,QE,Smith Engineering - Common First Year,Offer,93,4/14/2026,,,
Queen's,QE,Smith Engineering - Common First Year,Offer,92.6,4/14/2026,,,
Queen's,QE,Smith Engineering - Common First Year,Offer,92,4/14/2026,,,
Queen's,QE,Smith Engineering - Common First Year,Waitlisted,90,5/13/2026,,,Physics and chem online
Queen's,QE,Smith Engineering - Common First Year,Waitlisted,85,5/13/2026,,,
Queen's,QE,Smith Engineering - Common First Year,Waitlisted,95.33,5/14/2026,,,
Queen's,QE,Smith Engineering - Common First Year,Waitlisted,94,5/14/2026,,,
Queen's,QE,Smith Engineering - Common First Year,Waitlisted,94,5/14/2026,,,
Queen's,QE,Smith Engineering - Common First Year,Waitlisted,93.8,5/14/2026,,,They're trolling me
Queen's,QE,Smith Engineering - Common First Year,Waitlisted,92.4,5/14/2026,,,Was doing AP bio and AP computer science
Queen's,QE,Smith Engineering - Common First Year,Waitlisted,92,5/14/2026,,,Several good engineering ECs
Queen's,QE,Smith Engineering - Common First Year,Waitlisted,91.83,5/14/2026,,,
Queen's,QE,Smith Engineering - Common First Year,Waitlisted,91.8,5/14/2026,,,
Queen's,QE,Smith Engineering - Common First Year,Waitlisted,91.8,5/14/2026,,,stop edging us
Queen's,QE,Smith Engineering - Common First Year,Waitlisted,90.6,5/14/2026,,,
Queen's,QE,Smith Engineering - Common First Year,Waitlisted,90.5,5/14/2026,,,
Queen's,QE,Smith Engineering - Common First Year,Waitlisted,87.2,5/14/2026,,,
Queen's,QE,Smith Engineering - Common First Year,Waitlisted,87.2,5/14/2026,,,I don't think its happening.
Queen's,QE,Smith Engineering - Common First Year,Waitlisted,87.14,5/14/2026,,,
Queen's,QE,Smith Engineering - Common First Year,Waitlisted,91.2,5/15/2026,,,
Queen's,QEC,Direct Entry Computer Engineering,Offer,95.33,11/8/2025,,,
Queen's,QEC,Direct Entry Computer Engineering,Offer,96.8,12/17/2025,,,
Queen's,QEC,Direct Entry Computer Engineering,Offer,96.6,12/17/2025,,,
Queen's,QEC,Direct Entry Computer Engineering,Offer,94,12/17/2025,,,rahhhhhhh
Queen's,QEC,Direct Entry Computer Engineering,Offer,97.2,1/15/2026,,,
Queen's,QEC,Direct Entry Computer Engineering,Offer,97,1/21/2026,,,
Queen's,QEC,Direct Entry Computer Engineering,Offer,96.8,1/21/2026,,,
Queen's,QEC,Direct Entry Computer Engineering,Offer,95.5,1/21/2026,,,
Queen's,QEC,Direct Entry Computer Engineering,Offer,95.1,1/21/2026,,,
Queen's,QEC,Direct Entry Computer Engineering,Offer,94.67,1/21/2026,,,
Queen's,QEC,Direct Entry Computer Engineering,Offer,94.6,1/21/2026,,,
Queen's,QEC,Direct Entry Computer Engineering,Offer,94.4,1/21/2026,,,
Queen's,QEC,Direct Entry Computer Engineering,Offer,94.17,1/21/2026,,,
Queen's,QEC,Direct Entry Computer Engineering,Offer,94,1/21/2026,,,
Queen's,QEC,Direct Entry Computer Engineering,Offer,94,1/21/2026,,,Full IB Course load
Queen's,QEC,Direct Entry Computer Engineering,Offer,93.4,1/21/2026,,,
Queen's,QEC,Direct Entry Computer Engineering,Offer,93,1/21/2026,,,"99 advanced functions midterm, ap english gr 11, gr 11 average 92"
Queen's,QEC,Direct Entry Computer Engineering,Offer,96.6,1/29/2026,,,
Queen's,QEC,Direct Entry Computer Engineering,Offer,88,2/2/2026,,,Only done 4 subjects; Hopefully Mac is accepting if I bring my average to a 93
Queen's,QEC,Direct Entry Computer Engineering,Offer,95,2/12/2026,,,"I don't think my IB grades have been sent to OUAC yet, so this is just OSSD grades"
Queen's,QEC,Direct Entry Computer Engineering,Offer,86.6,2/25/2026,,,
Queen's,QEC,Direct Entry Computer Engineering,Offer,94.2,3/5/2026,,,"Offer got sent March 5th(According to OUAC).Didn't get an email, and SOLUS and OUAC wasn't update till March 13th."
Queen's,QEC,Direct Entry Computer Engineering,Offer,91.16,3/5/2026,,,
Queen's,QEC,Direct Entry Computer Engineering,Offer,95,3/11/2026,,,"Admissions is random, don't be discouraged if you don't get in earlier rounds. My friends and I all have similar averages (low to mid 90s) and we only got accepted to CE in the March round"
Queen's,QEC,Direct Entry Computer Engineering,Offer,94,3/11/2026,,,
Queen's,QEC,Direct Entry Computer Engineering,Offer,87,3/11/2026,,,
Queen's,QEC,Direct Entry Chemical Engineering,Offer,86.8,3/11/2026,,,
Queen's,QEC,Direct Entry Computer Engineering,Offer,96,3/12/2026,,,
Queen's,QEC,Direct Entry Computer Engineering,Offer,86,4/10/2026,,,
Queen's,QEC,Direct Entry Computer Engineering,Rejected,91.6,5/14/2026,,,
Queen's,QEH,Direct Entry Chemical Engineering,Offer,97.17,12/17/2025,,,Average wouldve been 98.2 if not for gr 11 english. got a 7k admission bursary.
Queen's,QEH,Direct Entry Chemical Engineering,Offer,96.8,4/1/2026,,,
Queen's,QEH,Direct Entry Chemical Engineering,Offer,94.4,4/14/2026,,,
Queen's,QEH,Direct Entry Chemical Engineering,Offer,93,4/14/2026,,,
Queen's,QEM,Direct Entry Mechatronics and Robotics Engineering,Offer,95,11/12/2025,,,
Queen's,QEM,Direct Entry Mechatronics and Robotics Engineering,Offer,94.5,11/12/2025,,,
Queen's,QEM,Direct Entry Mechatronics and Robotics Engineering,Offer,88.5,11/12/2025,,,
Queen's,QEM,Direct Entry Mechatronics and Robotics Engineering,Offer,97,12/17/2025,,,
Queen's,QEM,Direct Entry Mechatronics and Robotics Engineering,Offer,97,12/17/2025,,,
Queen's,QEM,Direct Entry Mechatronics and Robotics Engineering,Offer,97,12/17/2025,,,"+20k scholarship per year, renewable"
Queen's,QEM,Direct Entry Mechatronics and Robotics Engineering,Offer,96,12/17/2025,,,67
Queen's,QEM,Direct Entry Mechatronics and Robotics Engineering,Offer,97.4,12/21/2025,,,
Queen's,QEM,Direct Entry Mechatronics and Robotics Engineering,Offer,95.8,1/1/2026,,,"No supp app, so I couldn't tell them anything. Just max out your grades (95+ top 5)."
Queen's,QEM,Direct Entry Mechatronics and Robotics Engineering,Offer,96,2/19/2026,,,also got a scholarship for 60k
Queen's,QEM,Direct Entry Mechatronics and Robotics Engineering,Offer,96.6,3/11/2026,,,
Queen's,QEM,Direct Entry Mechatronics and Robotics Engineering,Offer,96.4,3/11/2026,,,
Queen's,QEM,Direct Entry Mechatronics and Robotics Engineering,Waitlisted,89.8,5/11/2026,,,
Queen's,QEM,Direct Entry Mechatronics and Robotics Engineering,Waitlisted,94,5/14/2026,,,
Queen's,QEM,Direct Entry Mechatronics and Robotics Engineering,Waitlisted,93.33,5/14/2026,,,"yea its expected, didn't have sup apps to carry my bum grades </3"
Queen's,QEM,Direct Entry Mechatronics and Robotics Engineering,Waitlisted,92.6,5/14/2026,,,"IB classes, but I don't think they used my predicted grades"
Queen's,QEM,Direct Entry Mechatronics and Robotics Engineering,Waitlisted,91,5/14/2026,,,
Queen's,QEN,Direct Entry Mining Engineering,Offer,92.5,11/26/2025,,,
Queen's,QEN,Direct Entry Mining Engineering,Offer,94.2,12/17/2025,,,
Queen's,QEN,Direct Entry Mining Engineering,Offer,93.4,3/11/2026,,,IB courses
Queen's,QEN,Direct Entry Mining Engineering,Offer,92.83,3/11/2026,,,"IB program, but I don't think it even mattered"
Queen's,QEN,Direct Entry Mining Engineering,Rejected,86.83,5/14/2026,,,Missing SPH4U prerequisite; automatic rejection
Queen's,QEV,Direct Entry Civil Engineering,Offer,96.67,11/12/2025,,,Came before midterm report card.
Queen's,QEV,Direct Entry Civil Engineering,Offer,97.67,12/17/2025,,,
Queen's,QEV,Direct Entry Civil Engineering,Offer,94,3/11/2026,,,
Queen's,QEV,Direct Entry Civil Engineering,Offer,94.83,4/9/2026,,,
Queen's,QEV,Direct Entry Civil Engineering,Offer,92,4/14/2026,,,
Queen's,QEV,Direct Entry Mining Engineering,Offer,90.75,,,,
Queen's,QF,Concurrent Education/Science,Offer,98.33,12/17/2025,,,Taking IB classes
Queen's,QF,Concurrent Education/Science,Offer,97.83,12/17/2025,,,
Queen's,QF,Concurrent Education/Science,Offer,93.67,12/17/2025,,,
Queen's,QF,Concurrent Education/Science,Offer,96,1/15/2026,,,
Queen's,QF,Concurrent Education/Science,Offer,95.33,1/21/2026,,,
Queen's,QF,Concurrent Education/Science,Offer,97.83,3/11/2026,,,AP
Queen's,QF,Concurrent Education/Science,Offer,92,3/11/2026,,,
Queen's,QF,Concurrent Education/Science (Mathematics),Offer,91.83,3/11/2026,,,
Queen's,QF,Concurrent Education/Science,Offer,91,3/11/2026,,,
Queen's,QF,Concurrent Education/Science,Offer,89,3/11/2026,,,
Queen's,QF,Concurrent Education/Science,Rejected,87,3/14/2026,,,Full IB. Better luck next time. Don't bother applying unless you have a 89/90
Queen's,QH,Health Sciences,Offer,96.2,2/25/2026,,"Nothing much, just talked about sports and not giving up (I thought I messed up really badly)","I was also nominated and won the Chancellors scholarship which I don't know if that helped or not. 9 APs, 1st in Avogadro chemistry competition + U of T Arbor scholar"
Queen's,QH,Health Sciences,Offer,94.5,2/25/2026,,,
Queen's,QH,Health Sciences,Offer,94,2/25/2026,,,Chancellors
Queen's,QH,Health Sciences,Offer,97.55,3/4/2026,,"3x Student Council, AP classes, Competitive tennis, volunteering, etc",
Queen's,QH,Health Sciences,Offer,93.5,3/4/2026,,National Tennis Player,"5 IB course including Math HL, Physics HL, Chemistry HL"
Queen's,QH,Health Sciences,Offer,96,3/11/2026,,,
Queen's,QH,Health Sciences,Offer,93,3/11/2026,,Highlited personal higlits and curcial abilities.,
Queen's,QH,Health Sciences,Offer,99.67,3/18/2026,,,
Queen's,QH,Health Sciences,Offer,95.4,3/19/2026,,"Talked about my leadership position at school like senior year president, spirit rep, etc",
Queen's,QH,Health Sciences,Offer,98.33,3/25/2026,,Submitted my supp app on the last day. I spoke about lifeguarding in the written and volleyball in the spoken. Emphasized reflecting on my experiences! My acceptance email came at 10:35 am.,
Queen's,QH,Health Sciences,Offer,98.33,3/25/2026,,Talked briefly about one international EC,
Queen's,QH,Health Sciences,Offer,98,3/25/2026,,Talked about anecdotes from working with children during my volunteering.,Make sure to reflect on your experiences and how they changed you/what would you have done differently.
Queen's,QH,Health Sciences,Offer,97.83,3/25/2026,,"Mentioned 2 different ECs (one for each response), had strong leadership roles in both","be confident and be yourself! focus a lot on your supp app, since i know people with higher averages who didn't get in"
Queen's,QH,Health Sciences,Offer,97,3/25/2026,,Both questions regarding navigating teamwork in group settings (dealing with conflict in a group and watching another group member take leadership and learning from it). Felt pretty confident in the written question; felt as if the video question was a disaster.,"Do your best and be yourself, you probably think that it was a lot worse than it is! You've got this!"
Queen's,QH,Health Sciences,Offer,97,3/25/2026,,Talked about sports and school musical,"I didn't prepare for the supp app and kind of fumbled, got carried by grades"
Queen's,QH,Health Sciences,Offer,96.4,3/25/2026,,Talked about leadership club and roles. Many community volunteering (shelter + healthcare + retirement home),AP Bio and Chem
Queen's,QH,Health Sciences,Offer,95.4,3/25/2026,,"Air Cadets WO2, Peer Tutoring President",
Queen's,QH,Health Sciences,Offer,95.3,3/25/2026,,"Talked about how I brought my group together despite conflicting feelings during a class debate for the video response, forgot what I wrote about for written question!","I honestly thought that my written response wasn’t amazing, but here we are! Believe in yourself and don’t be too hard on yourself :)"
Queen's,QH,Health Sciences,Offer,95.17,3/25/2026,,I mentioned my struggles with comparing my art to others' on social media. My initial goal was to promote and advertise my art to gain commissions btw and the second question I talked about my experience in a HOSA team,IB (did not talk about it though)
Queen's,QH,Health Sciences,Offer,95,3/25/2026,,,
Queen's,QH,Health Sciences,Offer,82.5,3/25/2026,,"BJJ black belt, mentioned about my career as a BJJ instructor at a local dojo for speaking portion","Finishing IB this spring, SL AA math, chem, biology and HL economics, english, french. At a predicted 34/45 as of right now."
Queen's,QH,Health Sciences,Offer,98.17,4/1/2026,,Not exceptional but solid,Blank campus
Queen's,QH,Health Sciences,Offer,98.17,4/1/2026,,I talked about volunteering at the hospital after completing my co-op for the written and leading a biology debate for the video,
Queen's,QH,Health Sciences,Offer,98,4/1/2026,,Written - group project Video - volunteer committee,Blank campus
Queen's,QH,Health Sciences,Offer,97.3,4/1/2026,,,
Queen's,QH,Health Sciences,Offer,97,4/1/2026,,mid supp app,blank campus
Queen's,QH,Health Sciences,Offer,95.8,4/1/2026,,Founded the school's first Health Sciences Club and talked about the struggles and progression of starting it up.,
Queen's,QH,Health Sciences,Offer,95.67,4/1/2026,,"Didn't mention any ECs, grades, or achievements. Just answer with the first thing that comes to mind I guess, and if you can, throw a few jokes in. I gambled with authenticity and it worked out","Remember that McMaster and Queen's Health Sciences are both more of a gacha than a skill-based game, so don't let a single rejection define your worth"
Queen's,QH,Health Sciences,Offer,95.67,4/1/2026,,,
Queen's,QH,Health Sciences,Offer,95.5,4/1/2026,,Talked about volunteering at a long term care home (written response) + badminton team  (video) both about overcoming something,
Queen's,QH,Health Sciences,Offer,95.5,4/1/2026,,HOSA Prez,"Just be confident, I bombed the interview but was able to stay composed."
Queen's,QH,Health Sciences,Offer,95,4/1/2026,,"Talked about robotics... for both. Slightly contradictory information, thought I did really badly but ended up getting in.",Campus status MAIN! Also got into Smith's engineering.
Queen's,QH,Health Sciences,Offer,95,4/1/2026,,,
Queen's,QH,Health Sciences,Offer,94.75,4/1/2026,,,
Queen's,QH,Health Sciences,Offer,94.67,4/1/2026,,talked about 2 different leadership experiences i had in both questions,
Queen's,QH,Health Sciences,Offer,97.67,4/2/2026,,"Finding balance as a soccer and track athlete for written, growing into a leadership role as HOSA Chapter President for verbal",Blank campus
Queen's,QH,Health Sciences,Offer,99,4/14/2026,,Just a chill jit nothing much,"IB student. supp app was BAD. I was fumbling with my notes and dropped them all at one point. Conclusion fared no better as I rambled off on a tangent, getting cut off by the timer."
Queen's,QH,Health Sciences,Offer,98.5,4/14/2026,,,
Queen's,QH,Health Sciences,Offer,97.17,4/14/2026,,,I focused on reflecting on what I learned from my experiences in the interview. Also my average is with my grade 11 marks included.
Queen's,QH,Health Sciences,Offer,96.67,4/14/2026,,"pretty mid but I explained more ""why"" instead of ""what""",blank campus
Queen's,QH,Health Sciences,Offer,96.67,4/14/2026,,talked about debate and volunteering at a local hospital (didn’t think my video was good),"francophone school, good luck :)"
Queen's,QH,Health Sciences,Offer,95.8,4/14/2026,,Sleep Away Camp Counsellor; Model UN Secretary General ; Boxing Coach and Athlete ; Math Club ; Provincial Curler; Scout member and volunteer with younger ages,I took AP's for most classes
Queen's,QH,Health Sciences,Offer,95.2,4/14/2026,,,blank
Queen's,QH,Health Sciences,Offer,95,4/14/2026,,"for the written response, i talked about a failed fundraiser activity i ran for my club and how i grew from it (but i dont think my answer was that great) and for the video I talked about the community centre i volunteer at and how the strengths of my members (members of the council im in) helped us achieve a goal (but i answered this veryyy poorly, barely added any reflection i was just yapping)","i never thought i'd get accepted, i thought i did good on the written but i completely BOMBED the video portion. i thought it was legit wraps but never give up! also my avg was 95 which i thought wouldn't be high enough to make up for the supp app anyway. pls keep in mind that luck prolly plays a huge role in it as well! for tips id say prepare list of experiences youve had where you were in a group setting, faced a setback, had a leadership position, etc. and keep in mind you should always add in some reflection into your answer instead of just explaining it"
Queen's,QH,Health Sciences,Offer,94.5,4/14/2026,,Talked about a charity drive I run at my school and my NLS lifeguard training,I'm doing 5 APs but that isn't in the app
Queen's,QH,Health Sciences,Offer,94,4/14/2026,,Mentioned volunteering to help younger students and dancing competitively,
Queen's,QH,Health Sciences,Waitlisted,95.2,4/15/2026,,,
Queen's,QH,Health Sciences,Rejected,94.33,5/13/2026,,My written response was pretty good but I completely threw my video response (basically repeated myself several times).,Can't say I'm upset about this one as I didn't want to go for personal reasons. I also kinda threw my video response (for the same personal reasons) so I expected and was quite happy about the rejection lmao
Queen's,QH,Health Sciences,Rejected,94,5/13/2026,,I talked about a conflict I had as president of my school's HOSA chapter and an experience as a youth advisor for a mental health youth centre,I think I overpracticed and freaked myself out
Queen's,QH,Health Sciences,Rejected,94.8,5/14/2026,,mentioned student council,
Queen's,QH,Health Sciences,Rejected,94.5,5/14/2026,,,
Queen's,QH,Health Sciences,Rejected,94.17,5/14/2026,,,
Queen's,QH,Health Sciences,Rejected,94.1,5/14/2026,,horrendous interview questions so logical,
Queen's,QH,Health Sciences,Rejected,93.83,5/14/2026,,was bad :(,
Queen's,QH,Health Sciences,Rejected,92.8,5/14/2026,,,
Queen's,QH,Health Sciences,Rejected,89.83,5/14/2026,,,
Queen's,QH,Health Sciences,Rejected,89.83,5/14/2026,,,Supp app was extremely mid and didn’t think I would get in
Queen's,QH,Health Sciences,Rejected,88.17,5/14/2026,,,IB
Queen's,QH,Health Sciences,Waitlisted,98.83,5/14/2026,,dont know what happened gng i thought the queens interview was the best i had done (i did a bunch of other interviews for engineering programs before + got into all of those),
Queen's,QH,Health Sciences,Waitlisted,98,5/14/2026,,,Uhhhh awkward... Just accept me ATP
Queen's,QH,Health Sciences,Waitlisted,97.5,5/14/2026,,,
Queen's,QH,Health Sciences,Waitlisted,97.2,5/14/2026,,,
Queen's,QH,Health Sciences,Waitlisted,97.1,5/14/2026,,,
Queen's,QH,Health Sciences,Waitlisted,97.1,5/14/2026,,,
Queen's,QH,Health Sciences,Waitlisted,96.5,5/14/2026,,,
Queen's,QH,Health Sciences,Waitlisted,96.3,5/14/2026,,,
Queen's,QH,Health Sciences,Waitlisted,96,5/14/2026,,"Talked about working at a summer camp with kids, and camping","Felt moderately good about my sup, didn't prepare very much. Felt that I spoke well but didn't deliver valuable info in terms of content"
Queen's,QH,Health Sciences,Waitlisted,95.66,5/14/2026,,,
Queen's,QH,Health Sciences,Waitlisted,95.33,5/14/2026,,,
Queen's,QH,Health Sciences,Waitlisted,94.5,5/14/2026,,,
Queen's,QH,Health Sciences,Waitlisted,93,5/14/2026,,"had to redo my kira - got an extension for march 1st deadline. emailed in and they were willing, but my circumstances were quite special (personal, not tech-related)",lets fucking go
Queen's,QH,Health Sciences,Rejected,96.5,5/15/2026,,i did so bad i alr knew i wasn't going to get in,
Queen's,QH,Health Sciences,Rejected,95.33,5/15/2026,,"lowkey didn't put any effort in, I was only applying for fun",
Queen's,QH,Health Sciences,Rejected,93.5,5/15/2026,,did NOT do well on supp app,
Queen's,QH,Health Sciences,Waitlisted,95.5,5/15/2026,,went bad ngl....,
Queen's,QH,Health Sciences,Rejected,97.5,6/10/2026,,,"First waitlisted in May, now rejected but it's okay :D"
Queen's,QH,Health Sciences,Rejected,96.5,6/10/2026,,,Waitlisted in May (already on the spreadsheet) and then got the rejection in June.
Queen's,QK,Kinesiology,Offer,93.1,11/10/2025,,,Grade 13 group B
Queen's,QK,Kinesiology,Offer,96.5,11/12/2025,,,
Queen's,QK,Kinesiology,Offer,95.17,2/5/2026,,,
Queen's,QK,Kinesiology,Offer,93.88,3/11/2026,,,
Queen's,QK,Kinesiology,Waitlisted,92.33,5/14/2026,,,
Queen's,QL,Life Sciences and Biochemistry,Offer,98,10/25/2025,,,
Queen's,QL,Life Sciences and Biochemistry,Offer,98.33,11/12/2025,,,
Queen's,QL,Life Sciences and Biochemistry,Offer,98.2,11/12/2025,,,
Queen's,QL,Life Sciences and Biochemistry,Offer,94,11/20/2025,,,"94 grade 12 midterm so far (5 classes taken), 90 gr 11 avg."
Queen's,QL,Life Sciences and Biochemistry,Offer,95,11/26/2025,,,
Queen's,QL,Life Sciences and Biochemistry,Offer,96.1,12/11/2025,,,
Queen's,QL,Life Sciences and Biochemistry,Offer,98.83,12/17/2025,,,
Queen's,QL,Life Sciences and Biochemistry,Offer,98.67,12/17/2025,,,"mix gr11/12, conditional 75%"
Queen's,QL,Life Sciences and Biochemistry,Offer,98.33,12/17/2025,,,$7000 Principal's scholarship!
Queen's,QL,Life Sciences and Biochemistry,Offer,98.16,12/17/2025,,,
Queen's,QL,Life Sciences and Biochemistry,Offer,98.16,12/17/2025,,,"If y'all see an identical entry but says that there was a supp app on Kira, pls know that it was a mistake from me. There wasn't a supp app sry guys-"
Queen's,QL,Life Sciences and Biochemistry,Offer,97.83,12/17/2025,,,
Queen's,QL,Life Sciences and Biochemistry,Offer,97.17,12/17/2025,,,Took AP AB Calculus last year
Queen's,QL,Life Sciences and Biochemistry,Offer,97,12/17/2025,,,
Queen's,QL,Life Sciences and Biochemistry,Offer,96.83,12/17/2025,,,
Queen's,QL,Life Sciences and Biochemistry,Offer,96.75,12/17/2025,,,
Queen's,QL,Life Sciences and Biochemistry,Offer,96.5,12/17/2025,,,
Queen's,QL,Life Sciences and Biochemistry,Offer,96.33,12/17/2025,,,
Queen's,QL,Life Sciences and Biochemistry,Offer,96.17,12/17/2025,,,
Queen's,QL,Life Sciences and Biochemistry,Offer,96,12/17/2025,,,
Queen's,QL,Life Sciences and Biochemistry,Offer,95.67,12/17/2025,,,
Queen's,QL,Life Sciences and Biochemistry,Offer,95.67,12/17/2025,,,"my top6 average when i applied was a 82.67 because one of my midterms was a 10% (a late assignment that got fixed, unfortunately my midterm stayed that). i have my top6 done by semester 1 because i fast tracked grade 11 courses (due to being in IB in gr11). pre sure they saw that mark as an outlier cuz i got so surprised"
Queen's,QL,Life Sciences and Biochemistry,Offer,95.5,12/17/2025,,,
Queen's,QL,Life Sciences and Biochemistry,Offer,94.66,12/17/2025,,,
Queen's,QL,Life Sciences and Biochemistry,Offer,94,12/17/2025,,,
Queen's,QL,Life Sciences and Biochemistry,Offer,94,12/17/2025,,,
Queen's,QL,Life Sciences and Biochemistry,Offer,93.5,12/17/2025,,,
Queen's,QL,Life Sciences and Biochemistry,Offer,92.8,12/17/2025,,,
Queen's,QL,Life Sciences and Biochemistry,Offer,90.6,12/17/2025,,,Never give up!
Queen's,QL,Life Sciences and Biochemistry,Offer,93,1/14/2026,,,
Queen's,QL,Life Sciences and Biochemistry,Offer,95,2/4/2026,,,
Queen's,QL,Life Sciences and Biochemistry,Offer,94,2/4/2026,,,
Queen's,QL,Life Sciences and Biochemistry,Offer,93,2/4/2026,,,
Queen's,QL,Life Sciences and Biochemistry,Offer,87.75,3/4/2026,,,
Queen's,QL,Life Sciences and Biochemistry,Offer,95.4,3/5/2026,,,
Queen's,QL,Life Sciences and Biochemistry,Offer,93.8,3/5/2026,,,
Queen's,QL,Life Sciences and Biochemistry,Offer,93,3/5/2026,,,
Queen's,QL,Life Sciences and Biochemistry,Offer,94.5,3/10/2026,,,Got early acceptance sometimes early or mid March 2026
Queen's,QL,Life Sciences and Biochemistry,Offer,95.2,3/11/2026,,,$2960 admission bursary
Queen's,QL,Life Sciences and Biochemistry,Offer,94.33,3/11/2026,,,
Queen's,QL,Life Sciences and Biochemistry,Offer,94.24,3/11/2026,,,
Queen's,QL,Life Sciences and Biochemistry,Offer,94.17,3/11/2026,,,
Queen's,QL,Life Sciences and Biochemistry,Offer,93.88,3/11/2026,,,
Queen's,QL,Life Sciences and Biochemistry,Offer,93.5,3/11/2026,,,
Queen's,QL,Life Sciences and Biochemistry,Offer,93.2,3/11/2026,,,
Queen's,QL,Life Sciences and Biochemistry,Offer,93,3/11/2026,,,
Queen's,QL,Life Sciences and Biochemistry,Offer,93,3/11/2026,,,
Queen's,QL,Life Sciences and Biochemistry,Offer,93,3/11/2026,,,
Queen's,QL,Life Sciences and Biochemistry,Offer,92.5,3/12/2026,,,
Queen's,QL,Life Sciences and Biochemistry,Offer,92.67,4/1/2026,,,
Queen's,QL,Life Sciences and Biochemistry,Offer,91.2,4/1/2026,,,
Queen's,QL,Life Sciences and Biochemistry,Offer,91,4/1/2026,,,
Queen's,QL,Life Sciences and Biochemistry,Waitlisted,91.83,5/14/2026,,,
Queen's,QL,Life Sciences and Biochemistry,Waitlisted,91.6,5/14/2026,,,
Queen's,QL,Life Sciences and Biochemistry,Waitlisted,90.17,5/14/2026,,,can't lie i'm hella surprised
Queen's,QL,Life Sciences and Biochemistry,Waitlisted,86.5,5/14/2026,,,IB
Queen's,QL,Life Sciences and Biochemistry,Waitlisted,87,5/15/2026,,,
Queen's,QM,Music,Offer,96,3/11/2026,,,I was sent an email on March 2nd saying I had a successful audition and would be considered for admission
Queen's,QN,Nursing,Offer,90.2,2/23/2026,,,
Queen's,QN,Nursing,Offer,93.67,2/25/2026,,,
Queen's,QN,Nursing,Offer,93.3,3/4/2026,,,"High Level Athlete, Team Captain, School Leadership"
Queen's,QN,Nursing,Offer,90.2,3/4/2026,,"High level athlete, an experience as a person of colour",
Queen's,QN,Nursing,Offer,87,3/4/2026,,,
Queen's,QN,Nursing,Offer,97.6,3/11/2026,,,
Queen's,QN,Nursing,Offer,96.6,3/11/2026,,,
Queen's,QN,Nursing,Offer,96.3,3/11/2026,,,
Queen's,QN,Nursing,Offer,95.83,3/11/2026,,,
Queen's,QN,Nursing,Offer,95.8,3/11/2026,,"Did mine middle of December, did kinda mid I feel like",
Queen's,QN,Nursing,Offer,95.5,3/11/2026,,,
Queen's,QN,Nursing,Offer,95,3/11/2026,,,IB courses
Queen's,QN,Nursing,Offer,94.25,3/11/2026,,"Talked about mental health, debate club and student council.",
Queen's,QN,Nursing,Offer,97,3/25/2026,,,
Queen's,QN,Nursing,Offer,93.83,3/25/2026,,I talked ab my experience volunteering at a hospital and my community involvement.,I'm in IB
Queen's,QN,Nursing,Offer,92.5,3/25/2026,,,
Queen's,QN,Nursing,Offer,98.7,4/1/2026,,Talked about past experiences.,
Queen's,QN,Nursing,Offer,96.33,4/1/2026,,Did the KIRA on the day it was due,
Queen's,QN,Nursing,Offer,95.5,4/1/2026,,literally the most average supp app ever i just talked about school projects..i'm pretty sure they don't care if ur avg is decent,
Queen's,QN,Nursing,Offer,94.5,4/1/2026,,,
Queen's,QN,Nursing,Offer,94.33,4/1/2026,,,
Queen's,QN,Nursing,Offer,94.33,4/1/2026,,"Didn’t mention my ECs, I thought I did rly bad lol but Casper was good practice",
Queen's,QN,Nursing,Offer,93.6,4/1/2026,,Did the supp app the day before.,I thought my supp app went so bad especially the video kept stuttering and saying uhm and stating off into the walls. the writing was OK. Talked about my journey w public speaking.
Queen's,QN,Nursing,Offer,92,4/2/2026,,,Campus still displayed as main.
Queen's,QN,Nursing,Rejected,95,5/14/2026,,"really stumbled through my answers, dog started barking halfway through",
Queen's,QN,Nursing,Rejected,94.3,5/14/2026,,Don’t do it on your bed… dress up..,
Queen's,QN,Nursing,Rejected,90.5,5/14/2026,,Mid sup app,Bummed AF
Queen's,QN,Nursing,Rejected,90.5,5/14/2026,,"I thought it went well talked about leadership, and sports, ego etc",
Queen's,QN,Nursing,Rejected,89,5/14/2026,,,
Queen's,QN,Nursing,Rejected,88,5/14/2026,,use the practice and make sure you practice the video interview portion of the test,
Queen's,QN,Nursing,Waitlisted,95,5/14/2026,,supp app was sooo bad like I completed the written part but completely blanked out and said nothing for the video portion,
Queen's,QN,Nursing,Waitlisted,94.5,5/14/2026,,,
Queen's,QN,Nursing,Waitlisted,93.7,5/14/2026,,,
Queen's,QN,Nursing,Waitlisted,93.3,5/14/2026,,,my kira was so bad so thats why😭😭😭
Queen's,QN,Nursing,Waitlisted,92.3,5/14/2026,,It was okay I did stutter during video but like its not a rejection ig 😭,I tried my best
Queen's,QN,Nursing,Waitlisted,92,5/14/2026,,,
Queen's,QN,Nursing,Waitlisted,91.5,5/14/2026,,,
Queen's,QN,Nursing,Waitlisted,92.8,5/15/2026,,,
Queen's,QN,Nursing,Rejected,92,6/10/2026,,,"Waitlisted on May 15, rejected June 10. Doesn't look like anyone got off the wait list this year."
Queen's,QS,Science,Offer,97.5,11/12/2025,,,
Queen's,QS,Science,Offer,95.17,11/12/2025,,,"I am an IB student, but I submitted my converted scores, and btw best of luck if your applying."
Queen's,QS,Science,Offer,95.4,12/11/2025,,,
Queen's,QS,Science,Offer,94.8,12/11/2025,,,
Queen's,QS,Science,Offer,97,12/17/2025,,,
Queen's,QS,Science,Offer,97,12/17/2025,,,"One AP last year, 3 this year"
Queen's,QS,Science,Offer,96.33,12/17/2025,,,
Queen's,QS,Science,Offer,96.33,12/17/2025,,,
Queen's,QS,Science (Biology),Offer,95,12/17/2025,,,
Queen's,QS,Science (Math),Offer,94.83,12/17/2025,,,
Queen's,QS,Science (Biochemistry),Offer,94.66,12/17/2025,,,
Queen's,QS,Science,Offer,94.5,12/17/2025,,,
Queen's,QS,Science (Biology),Offer,94.5,12/17/2025,,,
Queen's,QS,Science (Biochemistry),Offer,94.33,12/17/2025,,,
Queen's,QS,Science,Offer,94.3,12/17/2025,,,
Queen's,QS,Science,Offer,94,12/17/2025,,,
Queen's,QS,Science,Offer,94,12/17/2025,,,
Queen's,QS,Science,Offer,94,12/17/2025,,,
Queen's,QS,Science,Offer,93,12/17/2025,,,
Queen's,QS,Direct Entry Chemical Engineering,Offer,93.8,1/14/2026,,,"Full IB 40/45 (HL Math AA, Chemistry, English Lit; SL French ab, Physics, History)"
Queen's,QS,Science,Offer,97.33,1/21/2026,,,
Queen's,QS,Science,Offer,95,1/21/2026,,,
Queen's,QS,Science (Biochemistry),Offer,92,1/21/2026,,,Gr 11: 92  Gr12 (midterm): 89.2 (bio was a 76)
Queen's,QS,Science,Offer,92,1/21/2026,,,
Queen's,QS,Science,Offer,91.16,1/21/2026,,,
Queen's,QS,Science,Offer,90.8,1/21/2026,,,
Queen's,QS,Science,Offer,86.5,1/22/2026,,,
Queen's,QS,Science,Offer,93.17,1/29/2026,,,
Queen's,QS,Science (Chemistry),Offer,96.6,3/5/2026,,,
Queen's,QS,Science,Offer,94.17,3/5/2026,,,
Queen's,QS,Science,Offer,86.83,3/5/2026,,,
Queen's,QS,Science,Offer,90,3/11/2026,,,
Queen's,QS,Science,Offer,88,3/11/2026,,,
Queen's,QS,Science,Offer,87.5,3/11/2026,,,
Queen's,QS,Science,Offer,86.17,3/11/2026,,,
Queen's,QS,Science,Offer,85.66,3/11/2026,,,
Queen's,QS,Science (Biology),Offer,85.17,3/11/2026,,,
Queen's,QS,Science,Offer,84.33,4/1/2026,,,Never give up!!!
Queen's,QS,Science (Astrophysics),Offer,83,4/1/2026,,,
Queen's,QS,Science,Offer,88.62,4/23/2026,,,
Queen's,QS,Science (physics),Waitlisted,84.16,5/19/2026,,,
Rutgers,,School of Arts and Sciences,Offer,96.5,1/22/2026,,Hypatia Contest Honour roll and Euclid Top 25%,"3 Aps. Calc 5, CSA4, Physics1 5"
Rutgers,,Political Science,Offer,93,4/13/2026,,"National Team tennis and lacrosse, python tutor, 1360 SATS",
Saint Mary’s University,,"General Business Studies, Bachelor of Commerce",Offer,82.2,2/25/2026,,,
School Of The Art Institute Of Chicago,,Art Eduction,Offer,94.83,1/29/2026,,"Artist statement, art show feature x4, president and founder of my school’s accessibility committee, volunteer at London Girls Rock Camp+, musician, part time work. 12 piece portfolio.",Got in with $17000USD a year but it’s still too expensive.
Seneca Polytechnic,,Nursing,Offer,88,12/2/2025,,,$4000 Scholarship (each year $1000 - renewable for 4 years) @ King Campus for Bachelor of Science - Nursing (Honours) (Hybrid) (BSN)
Southampton,,Mechanical Engineering / Mechatronics,Offer,97,10/21/2025,,"President of Athletic council, elite-level hockey, 1590 SAT, 5's on 3 APs",
St. Lawrence College,1124,Nursing,Offer,88,12/12/2025,,,"Just an simple offer (more like a notice), no formal offer letter.  no scholarship."
St. Lawrence College,1124,Nursing,Offer,92.2,12/22/2025,,,
The University of Texas at Austin,,Mechanical Engineering,Rejected,95.2,2/16/2026,,,"1450 superscore for SAT, 1410 highest single score"
TMU,DCT,Business technology management (Co-op),Offer,87,12/4/2025,,,mid 80s average is all you need
TMU,SAA,Aerospace Engineering,Offer,97.66,10/21/2025,,,No scholarship info
TMU,SAA,Aerospace Engineering,Offer,97.67,11/6/2025,,,
TMU,SAA,Aerospace Engineering,Offer,92,11/6/2025,,,"No supp app just got in with marks and because it was done earlier, 98 adv func, 88 physics, 90 computer science, and 92 bio all grade 12 all done before grade 12"
TMU,SAA,Aerospace Engineering,Offer,88.17,11/6/2025,,,
TMU,SAA,Aerospace Engineering,Offer,95.5,11/14/2025,,,
TMU,SAA,Aerospace Engineering,Offer,92.8,2/2/2026,,,
TMU,SAA,Aerospace Engineering,Offer,88,2/3/2026,,,
TMU,SAA,Aerospace Engineering,Offer,91,2/7/2026,,,
TMU,SAB,Computer Science,Offer,99.67,11/6/2025,,,AP
TMU,SAB,Computer Science,Offer,95.42,11/6/2025,,,
TMU,SAB,Computer Science,Offer,91.5,11/6/2025,,,
TMU,SAB,Computer Science,Offer,84,11/6/2025,,,i think they looked at my gr11 top 6 average since i had no grade 12 courses
TMU,SAB,Computer Science,Offer,94,11/7/2025,,,
TMU,SAB,Computer Science,Offer,90.5,11/8/2025,,,
TMU,SAB,Computer Science,Offer,97.83,11/12/2025,,,
TMU,SAB,Computer Science,Offer,95.83,11/12/2025,,,Full IB
TMU,SAB,Computer Science,Offer,96.33,11/14/2025,,,"Non Co-op, I forgot to select Co-op when applying ;)"
TMU,SAB,Computer Science,Offer,93.2,12/1/2025,,,
TMU,SAB,Computer Science,Offer,86.33,12/1/2025,,,surprised i got in early lol (had a 76 in 11 physics 😭)
TMU,SAB,Computer Science,Offer,90,1/9/2026,,,
TMU,SAB,Computer Science,Offer,92.5,1/10/2026,,,
TMU,SAB,Computer Science,Offer,86,5/6/2026,,,
TMU,SAC,Geographic Analysis,Offer,89.3,1/31/2026,,,
TMU,SAC,Geographic Analysis,Offer,90.83,2/25/2026,,,
TMU,SAD,Architectural Science,Offer,92.75,1/26/2026,,,
TMU,SAD,Architectural Science,Offer,97.5,2/19/2026,,"12 piece portfolio, 3 design pieces w/reasonable amount of sketchbook work","i applied late on feb 2 cuz of technical difficulties, ig @_terry.li if u need any questions"
TMU,SAD,Archtectural Science,Offer,90.33,2/19/2026,,,
TMU,SAD,Architectural Science,Offer,96.33,2/21/2026,,No information on ECs were supplied. Supplementary was submitted Feb 1st (the last day 😭) with 12 pieces of varying media along with the home exercise.,
TMU,SAD,Architectural Science,Offer,87.5,2/27/2026,,,
TMU,SAD,Architectural Science,Offer,89,3/18/2026,,,
TMU,SBB,Business Technology Management,Offer,94,10/23/2025,,,
TMU,SBB,Business Technology Management,Offer,93.2,10/23/2025,,,
TMU,SBB,Business Technology Management,Offer,93,10/28/2025,,,"President's Scholarship, 10k per year if average above 3.85"
TMU,SBB,Business Technology Management,Offer,93.17,11/5/2025,,,
TMU,SBB,Business Technology Management,Offer,89.67,12/1/2025,,,Conditional offer to keep overall average 78%+ and 70%+ in English and Math
TMU,SBB,Business Technology Management,Offer,81,2/5/2026,,,
TMU,SBB,Business Technology Management,Offer,83,2/6/2026,,,
TMU,SBB,Business Technology Management,Offer,83,2/8/2026,,,
TMU,SBE,Business Management,Offer,95,10/23/2025,,,
TMU,SBE,Business Management,Offer,88.25,11/6/2025,,,Before midterm
TMU,SBE,Business Management,Offer,88,11/6/2025,,,
TMU,SBE,Business Management,Offer,87,11/6/2025,,,
TMU,SBE,Business Management,Offer,87.5,11/8/2025,,,
TMU,SBE,Business Management,Offer,97.83,11/12/2025,,,
TMU,SBE,Business Management,Offer,89,11/12/2025,,,
TMU,SBE,Business Management,Offer,88,11/13/2025,,,Took English in the summer so had final ENG4U grade early!
TMU,SBE,Business Management,Offer,87.5,11/16/2025,,,
TMU,SBE,Business Management,Offer,94,11/23/2025,,,
TMU,SBE,Business Management,Offer,94.67,11/26/2025,,,
TMU,SBE,Business Management,Offer,93.6,12/3/2025,,,
TMU,SBE,Business Management,Offer,87.2,1/27/2026,,,
TMU,SBE,Business Management,Offer,90.83,2/6/2026,,,
TMU,SBE,Business Management,Offer,90,2/6/2026,,,
TMU,SBE,Business Management,Offer,83,2/7/2026,,,
TMU,SBE,Business Management,Offer,83,2/8/2026,,,
TMU,SBE,Business Management,Offer,87,2/10/2026,,,
TMU,SBE,Business Management,Offer,88.1,2/20/2026,,,
TMU,SBI,Biomedical Engineering,Offer,89.83,11/4/2025,,,
TMU,SBI,Biomedical Engineering,Offer,94.83,11/12/2025,,,
TMU,SBI,Biomedical Engineering,Offer,92,11/13/2025,,,
TMU,SBI,Biomedical Engineering,Offer,83,2/7/2026,,,
TMU,SBI,Biomedical Engineering (Co-op),Offer,83,3/13/2026,,,
TMU,SBI,Biomedical Engineering,Offer,89.83,3/26/2026,,,
TMU,SBO,Accounting and Finance,Offer,93.33,10/8/2025,,,
TMU,SBO,Accounting and Finance,Offer,91,10/25/2025,,,
TMU,SBO,Accounting and Finance,Offer,94,11/6/2025,,,
TMU,SBO,Accounting and Finance,Offer,93.33,11/6/2025,,,
TMU,SBO,Accounting and Finance,Offer,93,11/7/2025,,,
TMU,SBO,Accounting and Finance,Offer,97.83,11/12/2025,,,
TMU,SBO,Accounting and Finance,Offer,97,11/12/2025,,,
TMU,SBO,Accounting and Finance,Offer,92.5,11/13/2025,,,
TMU,SBO,Accounting and Finance,Offer,92.14,11/14/2025,,,
TMU,SBO,Accounting and Finance,Offer,94.83,11/23/2025,,,
TMU,SBO,Accounting and Finance,Offer,92.83,12/9/2025,,,
TMU,SBO,Accounting and Finance,Offer,93.6,12/11/2025,,,
TMU,SBO,Accounting and Finance,Offer,96.6,1/29/2026,,,
TMU,SBO,Accounting and Finance,Offer,89.25,2/18/2026,,,
TMU,SBO,Accounting and Finance,Offer,85.25,2/20/2026,,,
TMU,SBO,Accounting and Finance,Offer,88,3/7/2026,,,
TMU,SBO,Accounting and Finance,Offer,35 IB Score,3/27/2026,,,
TMU,SBO,Accounting and Finance,Offer,85.25,4/18/2026,,,
TMU,SBO,Accounting and Finance,Offer,93.5,5/12/2026,,,"Did AP bio, currently doing AP computer science"
TMU,SBO,Accounting and Finance,Offer,94.17,,,,
TMU,SBS,Biomedical Sciences,Offer,96,10/23/2025,,,
TMU,SBS,Biomedical Sciences,Offer,94.38,10/23/2025,,,
TMU,SBS,Biomedical Sciences,Offer,95.5,11/3/2025,,,gl all
TMU,SBS,Biomedical Sciences,Offer,92,11/3/2025,,,
TMU,SBS,Biomedical Sciences,Offer,94,11/6/2025,,,My average was my grade 11 marks only bc midterms haven't come out
TMU,SBS,Biomedical Sciences,Offer,94.3,11/7/2025,,,
TMU,SBS,Biomedical Sciences,Offer,95.82,11/12/2025,,,
TMU,SBS,Biomedical Sciences,Offer,96.6,11/13/2025,,,
TMU,SBS,Biomedical Sciences,Offer,94.83,12/1/2025,,,
TMU,SBS,Biomedical Sciences,Offer,94,12/1/2025,,,
TMU,SBS,Biomedical Sciences,Offer,91.67,12/1/2025,,,
TMU,SBS,Biomedical Sciences,Offer,91.5,12/1/2025,,,
TMU,SBS,Biomedical Sciences,Offer,90.67,12/1/2025,,,"80% conditional, decision made after sem 1 midterms"
TMU,SBS,Biomedical Sciences,Offer,90,12/1/2025,,,"80% conditional, you got this!!"
TMU,SBS,Biomedical Sciences,Offer,99.16,12/2/2025,,,
TMU,SBS,Biomedical Sciences,Offer,95.04,12/2/2025,,,
TMU,SBS,Biomedical Sciences,Offer,98.13,12/3/2025,,,Good luck all
TMU,SBS,Biomedical Sciences,Offer,95.5,12/3/2025,,,"Grade 12 top 6 (95.5): English 93(final), Functions 93(final), Calc 97(mt), Physics 96(final), Data Management 98(mt), Biology 96(mt); Grade 11 top 6 avg: 84.7"
TMU,SBS,Biomedical Sciences,Offer,87.5,12/10/2025,,,
TMU,SBS,Biomedical Sciences,Offer,92.3,1/16/2026,,,I did A levels
TMU,SBS,Biomedical Sciences,Offer,91,1/18/2026,,,
TMU,SBS,Biomedical Sciences,Offer,93.8,2/12/2026,,,
TMU,SBS,Biomedical Sciences,Offer,93,2/12/2026,,,
TMU,SBS,Biomedical Sciences,Offer,92,2/12/2026,,,
TMU,SBS,Biomedical Sciences,Offer,91.3,2/12/2026,,,
TMU,SBS,Biomedical Sciences,Offer,81.83,2/13/2026,,,
TMU,SBS,Biomedical Sciences,Offer,93.6,2/14/2026,,,
TMU,SBS,Biomedical Sciences,Offer,92,2/14/2026,,,
TMU,SBS,Biomedical Sciences,Offer,86,2/14/2026,,,
TMU,SBS,Biomedical Sciences,Offer,85,2/14/2026,,,
TMU,SBS,Biomedical Sciences,Offer,88,2/20/2026,,,
TMU,SBS,Biomedical Sciences,Offer,87,2/20/2026,,,
TMU,SBS,Biomedical Sciences,Offer,87.5,4/25/2026,,,
TMU,SBS,Biomedical Sciences,Offer,85.3,4/25/2026,,,
TMU,SBS,Biomedical Sciences,Offer,90.5,4/30/2026,,,
TMU,SBS,Biomedical Sciences,Offer,89.66,4/30/2026,,,
TMU,SBS,Biomedical Sciences,Offer,86,4/30/2026,,,Top 6 average=86.0%: Gr12 Biology=84% (final); Gr12 Church & Culture=82%(final); Gr12 Data Management=90%(midterm); Gr12 Chemistry=91%(midterm); Gr12 English=81%(midterm); Gr12 Advanced Functions night school=88%(midterm)
TMU,SBX,Biology,Offer,94.17,10/23/2025,,,
TMU,SBX,Biology,Offer,86.8,10/23/2025,,,
TMU,SBX,Biology,Offer,84.5,10/23/2025,,,
TMU,SBX,Biology,Offer,88,11/3/2025,,,
TMU,SBX,Biology,Offer,84.83,11/12/2025,,,"Avg includes: 12 Avd functions (75% mt), 12 chem (77% mt), 12 international business (94% mt), 12 religion (94% mt), 11 english (81% final), 11 Bio (88% final)"
TMU,SBX,Biology,Offer,87.83,2/5/2026,,,
TMU,SBX,Biology,Offer,85.5,2/14/2026,,,
TMU,SBX,Biology,Offer,81,4/24/2026,,,
TMU,SCE,Computer Engineering,Offer,98,10/21/2025,,,best of luck to all applicants
TMU,SCE,Computer Engineering,Offer,95,10/21/2025,,,
TMU,SCE,Computer Engineering,Offer,92,10/22/2025,,,
TMU,SCE,Computer Engineering,Offer,92,10/29/2025,,,
TMU,SCE,Computer Engineering,Offer,93,11/5/2025,,,y'all got this!!! don't think too hard about comparing yourself to others!
TMU,SCE,Computer Engineering,Offer,98,11/6/2025,,,
TMU,SCE,Computer Engineering,Offer,97.2,11/6/2025,,,TMU BOUND
TMU,SCE,Computer Engineering,Offer,94,11/6/2025,,,
TMU,SCE,Computer Engineering,Offer,95.3,11/13/2025,,,
TMU,SCE,Computer Engineering,Offer,95.83,11/14/2025,,,
TMU,SCE,Computer Engineering,Offer,97.4,12/15/2025,,,
TMU,SCE,Computer Engineering,Offer,94,1/8/2026,,,
TMU,SCE,Computer Engineering,Offer,94.67,1/12/2026,,,You're next :)
TMU,SCE,Computer Engineering,Offer,90,1/22/2026,,,Chem and physics online
TMU,SCE,Computer Engineering,Offer,92,1/23/2026,,,scrumptious. i believe in you too!
TMU,SCE,Computer Engineering,Offer,86.33,2/9/2026,,,
TMU,SCE,Computer Engineering,Offer,90.5,3/11/2026,,,
TMU,SCF,Chemical Engineering,Offer,95,10/21/2025,,,
TMU,SCF,Chemical Engineering,Offer,94.67,10/30/2025,,,
TMU,SCF,Chemical Engineering,Offer,91.33,11/4/2025,,,
TMU,SCF,Chemical Engineering,Offer,92,11/5/2025,,,
TMU,SCF,Chemical Engineering,Offer,98.67,11/14/2025,,,
TMU,SCF,Chemical Engineering,Offer,94,11/15/2025,,,
TMU,SCF,Chemical Engineering,Offer,95,12/1/2025,,,+3k scholarship
TMU,SCF,Chemical Engineering,Offer,89.67,12/11/2025,,,
TMU,SCF,Chemical Engineering,Offer,93.5,1/8/2026,,,
TMU,SCF,Chemical Engineering,Offer,90.33,2/9/2026,,,
TMU,SCF,Chemical Engineering,Offer,95.8,2/23/2026,,,"No email recieved, check portal!"
TMU,SCF,Chemical Engineering,Offer,96.6,2/25/2026,,,
TMU,SCF,Chemical Engineering,Offer,,3/11/2026,,,"82 advanced functions 87 chem 91 nutrition 93 english  83 physics (gr11) 75 calc (took it in gr11 redoin rn n i have a 97 but they used the 75; surprised i got in already bc i took calc already in gr11 n got a 70 something, right now i have a 97 in calc and 95 in physics so my average will be like 90 after midterm. Lets go tho"
TMU,SCG,Civil Engineering,Offer,96.67,10/21/2025,,,
TMU,SCG,Civil Engineering,Offer,92,11/13/2025,,,
TMU,SCG,Civil Engineering,Offer,90,11/13/2025,,,
TMU,SCG,Civil Engineering,Offer,93,11/14/2025,,,
TMU,SCG,Civil Engineering,Offer,96,12/1/2025,,,conditional offer
TMU,SCG,Civil Engineering,Offer,91.67,1/10/2026,,,
TMU,SCG,Civil Engineering,Offer,92,2/27/2026,,,
TMU,SCG,Civil Engineering,Offer,84,3/18/2026,,,
TMU,SCG,Civil Engineering,Offer,86.83,3/19/2026,,,"I am doing AP courses, conditional offer, no email, check portal, grade average entrance scholarship"
TMU,SCG,Civil Engineering,Offer,83.6,3/24/2026,,,
TMU,SCG,Civil Engineering,Waitlisted,84.83,5/22/2026,,,
TMU,SCH,Chemistry,Offer,94.38,10/23/2025,,,
TMU,SCH,Chemistry,Offer,85,12/3/2025,,,
TMU,SCI,Criminology,Offer,85,4/9/2026,,,
TMU,SCI,Criminology,Offer,82,4/17/2026,,,
TMU,SCO,Public Health,Offer,95.33,11/6/2025,,,
TMU,SCO,Public Health,Offer,94.6,11/8/2025,,,
TMU,SCO,Public Health,Offer,85,11/12/2025,,,
TMU,SCO,Public Health,Offer,93.17,11/13/2025,,,
TMU,SCO,Public Health,Offer,92,12/1/2025,,,
TMU,SCO,Public Health,Offer,90.33,12/1/2025,,,
TMU,SCO,Public Health,Offer,,12/1/2025,,,"Chemistry 11- 89%, Functions 88%, Data Management 94%, Nutrition and Health 82%,  international and Canadian law 80%, Compsci 80%"
TMU,SCO,Public Health,Offer,90.5,12/4/2025,,,
TMU,SCO,Public Health,Offer,92,2/5/2026,,,$6K Scholarship
TMU,SCO,Public Health,Offer,84,2/5/2026,,,"chem- 80, english-85, business-87"
TMU,SCO,Public Health,Offer,75,2/5/2026,,,
TMU,SEA,Mathematics and Its Applications,Offer,97.33,11/12/2025,,,
TMU,SEA,Mathematics and Its Applications,Offer,88.33,12/1/2025,,,
TMU,SEH,Early Childhood Studies,Offer,88.66,10/23/2025,,,
TMU,SEH,Early Childhood Studies,Offer,90.5,2/5/2026,,,
TMU,SEJ,Electrical Engineering,Offer,98.8,10/21/2025,,,
TMU,SEJ,Electrical Engineering,Offer,97,10/21/2025,,,
TMU,SEJ,Electrical Engineering,Offer,96,10/21/2025,,,
TMU,SEJ,Electrical Engineering,Offer,95.67,10/21/2025,,,
TMU,SEJ,Electrical Engineering,Offer,93.8,10/23/2025,,,
TMU,SEJ,Electrical Engineering,Offer,93.3,10/23/2025,,,
TMU,SEJ,Electrical Engineering,Offer,95.67,10/31/2025,,,
TMU,SEJ,Electrical Engineering,Offer,90,11/5/2025,,,
TMU,SEJ,Electrical Engineering,Offer,96.83,11/6/2025,,,
TMU,SEJ,Electrical Engineering,Offer,96.67,11/6/2025,,,gl to all this was a freaky acceptance 👅👅
TMU,SEJ,Electrical Engineering,Offer,91,11/6/2025,,,Entrance Scholarship
TMU,SEJ,Electrical Engineering,Offer,90.6,11/7/2025,,,
TMU,SEJ,Electrical Engineering,Offer,97.33,11/12/2025,,,
TMU,SEJ,Electrical Engineering,Offer,94.9,11/12/2025,,,
TMU,SEJ,Electrical Engineering,Offer,91.67,11/13/2025,,,
TMU,SEJ,Electrical Engineering,Offer,94.83,11/14/2025,,,IB Diploma
TMU,SEJ,Electrical Engineering,Offer,93,11/14/2025,,,
TMU,SEJ,Electrical Engineering,Offer,96,11/15/2025,,Didn't submit a supp app for this application,"AP CS - 5; AP Calc - Doing it this year (didn't really invest too much time into APs); Just wanted to type this here and say good luck to everyone! This spreadsheet has some absolutely insane grades from everyone, so the competition this year seems to be quite rough. However, hopefully we'll all do well."
TMU,SEJ,Electrical Engineering,Offer,92,12/5/2025,,"Government co-op, hackathon win",
TMU,SEJ,Electrical Engineering,Offer,95.75,12/8/2025,,,
TMU,SEJ,Electrical Engineering,Offer,96,2/25/2026,,,
TMU,SEJ,Electrical Engineering,Offer,91.71,2/26/2026,,,
TMU,SEJ,Electrical Engineering,Offer,86.67,3/13/2026,,,
TMU,SEJ,Electrical Engineering,Waitlisted,84.16,5/14/2026,,,
TMU,SEJ,Electrical Engineering,Waitlisted,84.83,5/22/2026,,,"I'm lowkey cooked, they gonna reject my ahh"
TMU,SEN,English,Offer,91.16,2/13/2026,,,
TMU,SEU,Undeclared Engineering,Offer,98.17,10/3/2025,,,"AP chem, english, and math in grades 11 and 12"
TMU,SEU,Undeclared Engineering,Offer,93,10/21/2025,,,
TMU,SEU,Undeclared Engineering,Offer,90,10/21/2025,,,
TMU,SEU,Undeclared Engineering,Offer,92,10/22/2025,,,
TMU,SEU,Undeclared Engineering,Offer,92,11/13/2025,,,
TMU,SEU,Undeclared Engineering,Offer,94.83,12/1/2025,,,
TMU,SEU,Undeclared Engineering,Offer,90,1/24/2026,,,
TMU,SEU,Undeclared Engineering,Offer,91.7,2/24/2026,,,
TMU,SEU,Undeclared Engineering,Offer,86.83,4/6/2026,,,"Did all subjects AP in grade 11,  Did AP advanced functions, AP computer science, and AP biology."
TMU,SEU,Undeclared Engineering,Offer,90.5,4/15/2026,,,Transfer student from Algonquin College CGPA 3.81/4.00
TMU,SEU,Undeclared Engineering,Offer,88.3,4/18/2026,,,
TMU,SEU,Undeclared Engineering,Offer,91.83,5/2/2026,,,
TMU,SEU,Undeclared Engineering,Offer,87.1,5/6/2026,,,
TMU,SFN,Nutrition and Food,Offer,89,11/8/2025,,,"My top 6: Gr12 midterm: English 94, Data management 80. Gr11: Bio 92, Chem 84, IAPS 94, English 91. Received conditional offer as long as I keep all top 6 u/m courses above 70%. Wishing you all the best!"
TMU,SFN,Nutrition and Food,Offer,85,11/14/2025,,,
TMU,SFN,Nutrition and Food,Offer,84.5,2/7/2026,,,
TMU,SFN,Nutrition and Food,Offer,83,4/16/2026,,,
TMU,SIE,Economics and Finance,Offer,84.67,10/22/2025,,,
TMU,SIE,Economics and Finance,Offer,87,10/25/2025,,,
TMU,SIE,Economics and Finance,Offer,80,11/12/2025,,,
TMU,SIE,Economics and Finance,Offer,82,1/15/2026,,,
TMU,SIQ,Industrial Engineering,Offer,93.2,10/21/2025,,,
TMU,SIQ,Industrial Engineering,Offer,95.33,11/12/2025,,,
TMU,SIQ,Industrial Engineering,Offer,93.3,11/13/2025,,,
TMU,SIQ,Industrial Engineering,Offer,94.17,1/8/2026,,,IBDP
TMU,SIQ,Industrial Engineering,Offer,91,1/8/2026,,,goodluck everyone!
TMU,SIQ,Industrial Engineering,Offer,89.83,3/26/2026,,,
TMU,SIR,Interior Design,Offer,94.6,2/8/2026,,A collection of 3-5 photographs of interior spaces. Used 100-150 words and explained why these spaces are interesting.,
TMU,SIR,Interior Design,Offer,95,5/1/2026,,,
TMU,SMP,Medical Physics,Offer,86.67,11/12/2025,,,
TMU,SMP,Medical Physics,Offer,89.83,2/5/2026,,,
TMU,SMP,Medical Physics,Offer,83,2/7/2026,,,
TMU,SMP,Medical Physics,Offer,90.5,4/23/2026,,,"Transfer student from Algonquin College, CGPA 3.81/4.00"
TMU,SMT,Financial Mathematics,Offer,94.83,11/5/2025,,,
TMU,SMT,Financial Mathematics,Offer,94.5,11/5/2025,,,
TMU,SMT,Financial Mathematics,Offer,92,11/5/2025,,,
TMU,SMT,Financial Mathematics,Offer,97,11/6/2025,,,
TMU,SMT,Financial Mathematics,Offer,94.17,,,,
TMU,SMW,Mechanical Engineering,Offer,93.33,10/21/2025,,,good luck to all applicants!
TMU,SMW,Mechanical Engineering,Offer,90.2,10/30/2025,,,
TMU,SMW,Mechanical Engineering,Offer,85,11/12/2025,,,
TMU,SMW,Mechanical Engineering,Offer,94.83,11/14/2025,,,"They used my grade 11 average, got acceptance before midterms."
TMU,SMW,Mechanical Engineering,Offer,94,12/13/2025,,,
TMU,SMW,Mechanical Engineering,Offer,89.5,1/22/2026,,,
TMU,SMW,Mechanical Engineering,Offer,94.17,2/24/2026,,,
TMU,SMW,Mechanical Engineering,Offer,94.4,2/26/2026,,,
TMU,SMW,Mechanical Engineering,Offer,92.33,5/1/2026,,,
TMU,SMW,Mechanical Engineering,Offer,93.3,5/3/2026,,,
TMU,SMW,Mechanical Engineering,Waitlisted,87.13,5/14/2026,,,
TMU,SMW,Mechanical Engineering,Waitlisted,91.17,5/15/2026,,,it's easier to get into western eng 💔 did 2 aps
TMU,SNN,Nursing at Centennial College,Offer,92.8,11/12/2025,,,
TMU,SNN,Nursing at Centennial College,Offer,88.5,11/12/2025,,,
TMU,SNN,Nursing at Centennial College,Offer,88.17,2/13/2026,,,
TMU,SNN,Nursing at Centennial College,Offer,91,2/18/2026,,,
TMU,SNN,Nursing at Centennial College,Offer,92.4,2/20/2026,,,
TMU,SNN,Nursing at Centennial College,Offer,88.83,2/27/2026,,,
TMU,SNN,Nursing at Centennial College,Offer,93.8,3/20/2026,,,
TMU,SNN,Nursing at Centennial College,Offer,89,4/3/2026,,,Applied through OCAS (not OUAC)
TMU,SNN,Nursing at Centennial College,Offer,93,4/23/2026,,,
TMU,SNN,Nursing at Centennial College,Offer,93.33,5/8/2026,,,
TMU,SNN,Nursing at Centennial College,Offer,89.8,5/9/2026,,,
TMU,SNN,Nursing at Centennial College,Waitlisted,87.33,5/10/2026,,,they will rue the day they messed with lil ol meh
TMU,SNX,Nursing at TMU,Offer,97.17,10/23/2025,,,
TMU,SNX,Nursing at TMU,Offer,96,10/24/2025,,,"only gr11 grades, didnt take any gr12 courses early"
TMU,SNX,Nursing at TMU,Offer,98,10/25/2025,,,
TMU,SNX,Nursing at TMU,Offer,95.5,11/3/2025,,,gl all
TMU,SNX,Nursing at TMU,Offer,93,11/3/2025,,,
TMU,SNX,Nursing at TMU,Offer,96,11/12/2025,,,
TMU,SNX,Nursing at TMU,Offer,96.67,11/13/2025,,,
TMU,SNX,Nursing at TMU,Offer,95.6,11/13/2025,,,
TMU,SNX,Nursing at TMU,Offer,93,12/2/2025,,,"Taking AP Chem, didn't do Supp. App. Good luck y'all!!! <3"
TMU,SNX,Nursing at TMU,Offer,98,1/2/2026,,"Multiple AP classes, valedictorian, enriched STEM, CS courses in accelerated gifted program, varsity national sports, musician, etc.",
TMU,SNX,Nursing at TMU,Offer,98.7,1/5/2026,,,
TMU,SNX,Nursing at TMU,Offer,95.04,1/30/2026,,I answered the question and related it to a personal story.,
TMU,SNX,Nursing at TMU,Offer,97.33,2/18/2026,,,
TMU,SNX,Nursing at TMU,Offer,95.66,2/18/2026,,,
TMU,SNX,Nursing at TMU,Offer,94.6,2/18/2026,,,
TMU,SNX,Nursing at TMU,Offer,94.33,2/18/2026,,,
TMU,SNX,Nursing at TMU,Offer,92.67,2/18/2026,,,
TMU,SNX,Nursing at TMU,Offer,92,2/18/2026,,,
TMU,SNX,Nursing at TMU,Offer,91.5,2/18/2026,,,
TMU,SNX,Nursing at TMU,Offer,95.8,2/19/2026,,,
TMU,SNX,Nursing at TMU,Offer,95.67,2/19/2026,,,
TMU,SNX,Nursing at TMU,Offer,94,2/19/2026,,,
TMU,SNX,Nursing at TMU,Offer,95,2/20/2026,,,
TMU,SNX,Nursing at TMU,Offer,95,2/20/2026,,,IB courses
TMU,SNX,Nursing at TMU,Offer,92.8,2/20/2026,,,
TMU,SNX,Nursing at TMU,Offer,92.4,2/20/2026,,,
TMU,SNX,Nursing at TMU,Offer,92,2/20/2026,,,
TMU,SNX,Nursing at TMU,Offer,88,2/21/2026,,,
TMU,SNX,Nursing - Centennial Site,Offer,93.5,3/10/2026,,,In my non-required supp app I wrote about what nursing meant to me and related it to my personal experience
TMU,SNX,Nursing at TMU,Offer,94.33,3/20/2026,,,
TMU,SNX,Nursing at TMU,Offer,93,3/26/2026,,"BSc undergrad gpa 3.0, youth palliative care volunteer, dance club all 4 years of uni",
TMU,SNX,Nursing at TMU,Offer,94,4/16/2026,,,
TMU,SNX,Nursing at TMU,Offer,91.5,4/16/2026,,,
TMU,SNX,Nursing at TMU,Offer,90,4/18/2026,,,
TMU,SNX,Nursing at TMU,Offer,93.5,4/23/2026,,,
TMU,SNX,Nursing at TMU,Offer,92.16,4/23/2026,,,Only grades matter and apply early
TMU,SNX,Nursing at TMU,Offer,95.67,4/24/2026,,,IB
TMU,SNX,Nursing at TMU,Offer,93.83,4/25/2026,,,
TMU,SNX,Nursing at TMU,Offer,94.83,4/30/2026,,,Check your portals!
TMU,SNX,Nursing at TMU,Offer,93.5,4/30/2026,,,
TMU,SNX,Nursing at TMU,Offer,93.16,4/30/2026,,,I thought i was gonna get rejected.
TMU,SNX,Nursing at TMU,Offer,93.33,5/1/2026,,,
TMU,SNX,Nursing at TMU,Offer,92,5/1/2026,,,Got in with semester 2 midterms
TMU,SNX,Nursing at TMU,Offer,94.167,5/2/2026,,,
TMU,SNX,Nursing at TMU,Offer,94,5/2/2026,,,
TMU,SNX,Nursing at TMU,Offer,93,5/2/2026,,,
TMU,SNX,Nursing at TMU,Waitlisted,92.5,5/5/2026,,,
TMU,SNX,Nursing at TMU,Offer,95,5/10/2026,,,
TMU,SNX,Nursing at TMU,Waitlisted,80.83,5/14/2026,,,
TMU,SNX,Nursing at TMU,Waitlisted,91,5/15/2026,,,
TMU,SNX,Nursing at TMU,Waitlisted,90.5,5/15/2026,,,
TMU,SNX,Nursing at TMU,Waitlisted,89,5/15/2026,,,
TMU,SNX,Nursing at TMU,Waitlisted,88,5/15/2026,,,
TMU,SNX,Nursing at TMU,Waitlisted,92.67,5/21/2026,,,IBDP
TMU,SNX,Nursing at TMU,Waitlisted,92.16,5/21/2026,,,
TMU,SNX,Nursing at TMU,Waitlisted,92.16,5/21/2026,,,
TMU,SPA,Image Arts: Film,Offer,92,1/29/2026,,,
TMU,SPC,Image Arts: Photography Media Arts,Offer,84,3/4/2026,,2 themes and have to build a collection around those,general entrance scholarship: $750-$3000 a year renewable depending on average
TMU,SPG,Politics & Governance,Offer,96.33,10/25/2025,,,
TMU,SPG,Politics & Governance,Offer,86.5,10/25/2025,,,
TMU,SPG,Politics & Governance,Offer,94,11/14/2025,,,
TMU,SPG,Politics & Governance,Offer,86,12/1/2025,,,
TMU,SPG,Politics & Governance,Offer,86,12/12/2025,,,
TMU,SPG,Politics & Governance,Offer,87,3/5/2026,,,
TMU,SPH,Philosophy (Co-op available),Offer,85.16,12/3/2025,,,wanted to give hope to those with below 90 :c (iffy on the application sumitted date had a lot of issues cause of courses from 2 diffrent school boards)
TMU,SPS,Psychology,Offer,92,10/23/2025,,,
TMU,SPS,Psychology,Offer,91.83,10/23/2025,,,
TMU,SPS,Psychology,Offer,89,10/25/2025,,,
TMU,SPS,Psychology,Offer,92,12/4/2025,,,
TMU,SPS,Psychology,Offer,91.67,1/7/2026,,,
TMU,SPS,Psychology,Offer,88.1,2/20/2026,,,
TMU,SPS,Psychology,Offer,88,2/20/2026,,,
TMU,SPS,Psychology,Offer,85,2/25/2026,,,
TMU,SPS,Psychology,Offer,84,2/25/2026,,,
TMU,SPS,Psychology,Offer,85.5,2/26/2026,,,
TMU,SPS,Psychology,Offer,85,3/20/2026,,,Good luck!
TMU,SQA,Accounting & Finance,Offer,94,11/5/2025,,,
TMU,SQA,Accounting & Finance,Offer,94,11/8/2025,,,
TMU,SQA,Accounting & Finance,Offer,95.67,11/13/2025,,,
TMU,SQA,Accounting & Finance,Offer,90.84,11/13/2025,,,
TMU,SQA,Accounting & Finance,Offer,95,11/21/2025,,,
TMU,SQA,Accounting & Finance,Offer,90,2/20/2026,,,
TMU,SQB,Business Management,Offer,89,11/6/2025,,,I completed Data Management in Summer school
TMU,SQB,Business Management,Offer,95.67,11/13/2025,,,Completed Advanced Functions(94%) and Calculus & Vectors(84% -> 100%)
TMU,SQC,Business Technology Management,Offer,95.67,11/13/2025,,,Completed Advanced Functions(94%) and Calculus & Vectors(84% -> 100%)
TMU,SQC,Business Technology Management,Offer,88,2/20/2026,,,
TMU,SQE,Retail Management Co-operative Program,Offer,89,11/6/2025,,,
TMU,SRD,Media Production,Offer,91,11/6/2025,,,
TMU,SRD,Media Production,Offer,93,11/12/2025,,,
TMU,SRD,Media Production,Offer,92,1/7/2026,,,
TMU,SRD,Media Production,Offer,86,2/18/2026,,,Conditional Offer
TMU,SRD,Media Production,Offer,89.33,2/20/2026,,,Conditional offer
TMU,SRD,Media Production,Offer,95.5,3/9/2026,,,
TMU,SSC,Cyber Science,Offer,93.17,11/5/2025,,,
TMU,SSC,Cyber Science,Offer,94,11/6/2025,,,
TMU,SSC,Cyber Science,Offer,87.5,11/12/2025,,,
TMU,SSE,Social Work,Offer,91,12/2/2025,,,
TMU,SSO,Sociology,Offer,85,11/5/2025,,,
TMU,SSO,Sociology,Offer,88.67,1/7/2026,,,
TMU,SSP,Sports Media,Offer,92,1/7/2026,,,
TMU,SSP,Sports Media,Offer,86,2/18/2026,,,Conditional Offer
TMU,SSP,Sports Media,Offer,85.25,2/20/2026,,,
TMU,SSP,Sports Media,Offer,90.83,3/18/2026,,,
TMU,STR,Mechatronics Engineering,Offer,93,9/26/2025,,,
TMU,STR,Mechatronics Engineering,Offer,92.5,10/21/2025,,,$6000 scholarship
TMU,STR,Mechatronics Engineering,Offer,95,10/28/2025,,,
TMU,STR,Mechatronics Engineering,Offer,96.13,11/4/2025,,,"Took ENG4U in the summer, good luck!"
TMU,STR,Mechatronics Engineering,Offer,90,11/5/2025,,,
TMU,STR,Mechatronics Engineering,Offer,95.25,12/1/2025,,,
TMU,STR,Mechatronics Engineering,Offer,94,12/1/2025,,,Physics + Maths IB
TMU,STR,Mechatronics Engineering,Offer,94,1/9/2026,,,
TMU,STR,Mechatronics Engineering,Offer,90.17,2/4/2026,,,Conditional of 70% average in all top 6
TMU,STR,Mechatronics Engineering,Offer,93,2/25/2026,,,
TMU,STR,Mechatronics Engineering,Offer,88.3,4/18/2026,,,
TMU,STR,Mechatronics Engineering,Offer,90.5,5/3/2026,,,
TMU,STR,Mechatronics Engineering,Deferred,83,5/17/2026,,,"Deferred to business mangement lmao, make sure to lock in for both semesters not just one"
TMU,SUN,Undeclared Arts,Offer,88.67,1/7/2026,,,
TMU,SUP,Urban and Regional Planning,Offer,91.83,10/17/2025,,Detailed interest in program + past sports and volunteer work,"Alberta student- had no interim grade when I applied, so decision was based purely on Gr.11 marks."
TMU,SUP,Urban and Regional Planning,Offer,86.5,10/22/2025,,,"I'm currently doing an extra semester at my high school. However, I completed all of my 6 12U/M classes so my average listed is my final grade 12 overall average."
TMU,SUP,Urban and Regional Planning,Offer,93.4,10/23/2025,,,IB student (I already have 3 gr 12 credits) (GOOD LUCK TO EVERYONE)
TMU,SUP,Urban and Regional Planning,Offer,89.88,10/23/2025,,,good luck!!
TMU,SUP,Urban and Regional Planning,Offer,91,11/7/2025,,,
TMU,SUP,Urban and Regional Planning,Offer,96.5,11/12/2025,,,best of luck!!
TMU,SUP,Urban and Regional Planning,Offer,94,11/14/2025,,,
TMU,SUP,Urban and Regional Planning,Offer,87,11/21/2025,,,pretty light work
TMU,SUP,Urban and Regional Planning,Offer,87.5,12/2/2025,,,Completed two gr 12 credits (including english) GOOD LUCK!!!!
TMU,SUP,Urban and Regional Planning,Offer,89.83,12/3/2025,,,
TMU,SUP,Urban and Regional Planning,Offer,87,2/18/2026,,,
TMU,SUP,Urban and Regional Planning,Offer,86,5/7/2026,,,spots were still open so i applied late.
TMU,SYF,Midwifery,Rejected,80.83,3/4/2026,,,
TMU,,Engineering (Beng- co-op available),Offer,84,3/4/2026,,,They said if my average drops I could lose my offer even if it's  by like 2% but my average went up by 0.8%. Lowkey goodluck
Trent,RAT,Criminology,Offer,82,2/12/2026,,,
Trent,RBG,Ethics - Philosophy,Offer,94,10/31/2025,,,
Trent,RBM,Biochemistry & Molecular Biology,Offer,92,11/5/2025,,,
Trent,RBM,Biochemistry & Molecular Biology,Offer,94.83,11/11/2025,,,Grade 12 midterm average is 91; I took HZT4U Grade 10 going into Grade 11 and MDM4UE Grade 11. Took AP Lang and AP Stats Grade 11.
Trent,RBM,Biochemistry & Molecular Biology,Offer,92.67,11/19/2025,,,
Trent,RBM,Biochemistry & Molecular Biology,Offer,90,1/6/2026,,,
Trent,RBS,Biomedical Science,Offer,91,11/18/2025,,,3k scholarship
Trent,RBS,Biomedical Science,Offer,90,11/18/2025,,,
Trent,RBS,Biomedical Science,Offer,94.83,11/20/2025,,,Grade 12 midterm average is 91; I took HZT4U Grade 10 going into Grade 11 and MDM4UE Grade 11. Took AP Lang and AP Stats Grade 11.
Trent,RBS,Biomedical Science,Offer,92,12/5/2025,,,
Trent,RCE,Chemical Engineering: Trent/Swansea Dual Degree,Offer,82.6,11/11/2025,,,
Trent,RCN,Nursing,Offer,96,12/15/2025,,,
Trent,RCN,Nursing,Offer,95.66,12/15/2025,,,
Trent,RCN,Nursing,Offer,92.17,12/15/2025,,,
Trent,RCN,Nursing,Offer,92,12/15/2025,,,
Trent,RCN,Nursing,Offer,91.83,12/15/2025,,,
Trent,RCN,Nursing,Offer,91.5,12/15/2025,,,
Trent,RCN,Nursing,Offer,89.5,12/15/2025,,,
Trent,RCN,Nursing,Offer,90.5,3/2/2026,,,
Trent,RCN,Nursing,Offer,92,3/12/2026,,,Entrance scholarship
Trent,RCN,Nursing,Rejected,80.83,3/13/2026,,,
Trent,RCN,Nursing,Offer,87.17,3/17/2026,,,$8000 entry scholarship
Trent,RCN,Nursing,Offer,86.7,3/17/2026,,,"$2000 scholarships,renewable"
Trent,RCN,Nursing,Offer,86,3/17/2026,,,
Trent,RCN,Nursing,Deferred,69.33,4/24/2026,,,Got into their Honours Science program instead. I still keep checking the email to make sure they got the right person
Trent,RCN,Nursing,Offer,,5/19/2026,,,Transfer Student from Nigeria - 3.67 GPA
Trent,RD,BBA,Offer,83,11/11/2025,,,$8000 entry scholarship
Trent,RFS,Archaeology - Co-op,Offer,91,11/11/2025,,,
Trent,RFY,Anthropology (Honours Science) - Co-op,Offer,95.16,1/5/2026,,,
Trent,RMZ,Law (LL.B) Human Rights & Global Justice (B.A.): Trent/Swansea Dual Degree,Offer,91.83,1/5/2026,,,
Trent,RN,Law (LL.B.) Criminology (B.A.): Trent/Swansea Dual degree,Offer,83,11/20/2025,,,I received a scholarship total of 6 thousand and guaranteed first year res and guaranteed res for swanessa
Trent,RN,Law (LL.B.) Criminology (B.A.): Trent/Swansea Dual degree,Offer,80.5,1/21/2026,,,
Trent,RNX,Law (LL.B.) & Political Studies (B.A.): Trent/Swansea Dual Degree,Offer,91.67,1/5/2026,,,$3000 Entrance Scholarship
Trent,RSO,Sociology,Offer,78.83,11/24/2025,,,
Trent,RSU,Forensics & Science (Honours Science) (Law & Policing),Offer,80.5,2/18/2026,,,
Trent,RSW,Social Work (BSW),Offer,88,11/18/2025,,,
Trent,RSX,Science,Offer,80.83,3/13/2026,,,
Trent,RTA,Teacher Education Stream - Arts,Offer,87,11/11/2025,,,
Trent,RTA,Teacher Education Stream - Arts,Offer,96,11/21/2025,,,
Trent,RTA,Teacher Education Stream - Arts,Offer,95,11/27/2025,,,
Trent,RUF,Forensic Biology,Offer,94.83,11/11/2025,,,Grade 12 midterm average is 91; I took HZT4U Grade 10 going into Grade 11 and MDM4UE Grade 11. Took AP Lang and AP Stats Grade 11.
Trent,RUF,Forensic Biology,Offer,83,11/22/2025,,,
Trent,RUH,Forensic Chemistry,Offer,95.9,11/15/2025,,,
Trent,RYK,Chemistry - Co-op,Offer,89.33,11/11/2025,,,$3000 entrance scholarship
Trent,RYP,Psychology - Coop,Offer,96.6,12/1/2025,,,
Trent,RZC,Software Engineering,Offer,92,11/21/2025,,,
Trent,RZE,Health Science,Offer,88,11/18/2025,,,$2000 yearly scholarship ($8000 total)
Trent,RZK,Computer Science,Offer,92,11/21/2025,,,
Trent,RZM,"Science, Conservation Biology - Co-op",Offer,94.6,11/18/2025,,,
UBC,WMT,Mechatronics Engineering (Co-op only),Offer,96,3/20/2026,,,
UCLA,,Biochemistry,Offer,95.47,3/20/2026,,"talked abt skiing, swimming, piano, violin, student council, hosa, and breaking my arm",did not take any ap or ib courses
UNB,,Engineering,Offer,90.17,9/22/2025,,,"Metis, IB: HL Chem, English, ESS - SL Physics, AA, French, On the spot admissions event"
UNB,,Engineering,Offer,92.33,11/9/2025,,,IB Program. Minimum scholarships indicate $4k in the first year
University College London,,Biochemistry (C700),Offer,99.7,1/20/2026,,Predicted IB 44/45.,"IB curriculum: HL Chemistry, HL Biology, HL Geography, SL Language and Literature, SL Mathematics Analysis and Approaches, SL French B"
University College London,,Civil Engineering (H200),Offer,94.67,2/10/2026,,,"Unconditional Offer. Full IB 40/45 (HL Math AA, Chemistry, English Lit; SL French ab, Physics, History)"
University of Edinburgh,,Biochemistry,Offer,98.89,3/5/2026,,,
University of Illinois - Urbana Champagne,,Engineering Mechanics,Offer,95.5,3/14/2026,,,US Citizen
University of King’s College,,Journalism,Offer,91.5,4/23/2026,,,$3000 dollar scholarship
University of Manchester,,Biochemistry,Offer,98.89,12/22/2025,,"Two-time CWSF medallist, work in a lab, nationals for trivia",
University of Pennsylvania,,Economics,Offer,95,1/9/2026,,"Provincial high-level level swimmer with numerous awards, represented Canada at the national level (was not offered athletic admission), A LOT of hospital volunteering (SickKids, UHN Toronto, Mt Sinai to name a few), all IB predicted marks and obtained marks were 7, 1600 SAT, 34 ACT, hospice volunteering, local animal shelter volunteering, and 1st chair clarinet in my school band.","I took IB, which really helped me because of the bell curve. Also applied as low-income (household income >90k) and talked about how having Asperger’s syndrome affected my life in my common app essay."
University of Regina,,"Journalism, News Media and Communication",Offer,90.01,10/21/2025,,,
UofT - SG,TAC,Rotman Commerce,Offer,94.33,1/26/2026,,"SHAD, Ivey SLP, UW ESQ Volunteer","IB HL Chem, IB SL Physics and IB AA Math"
UofT - SG,TAC,Rotman Commerce,Offer,99.5,1/27/2026,,,
UofT - SG,TAC,Rotman Commerce,Offer,98.33,1/27/2026,,"president of volunteering club, secretary of business club + deca regional awards, drama club actor and executive member, french public speaking competitions, part time tutoring job","IB student, 7 in chem sl and math aasl, didn't use my predicted grades but i'd have a 43/45"
UofT - SG,TAC,Rotman Commerce,Offer,98.33,1/27/2026,,DECA President/ICDC Medal/MC Regionals (2000+ attendees)/VBC Winner/Regionals 1st Place; STEAM ICAC President/Spectroscope Challenge Winner,
UofT - SG,TAC,Rotman Commerce,Offer,98.3,1/27/2026,,,
UofT - SG,TAC,Rotman Commerce,Offer,98,1/27/2026,,"Deca President, Jewelry business, Yearbook president, 3rd in a national book writing contest.",
UofT - SG,TAC,Rotman Commerce,Offer,97.66,1/27/2026,,,
UofT - SG,TAC,Rotman Commerce,Offer,97,1/27/2026,,"Lots of leadership activities, student trustee, model parliament, etc",
UofT - SG,TAC,Rotman Commerce,Offer,97,1/27/2026,,,
UofT - SG,TAC,Rotman Commerce,Offer,96.5,1/27/2026,,video was okay - stuttered once or twice,
UofT - SG,TAC,Rotman Commerce,Offer,96.5,1/27/2026,,"Spoke about a Non-Profit I started that raised $8000+ for Indigenous communities, Founder and President of my school's finance club with over 40 active members and an internship with the Peel Regional Police",
UofT - SG,TAC,Rotman Commerce,Offer,96,1/27/2026,,,
UofT - SG,TAC,Rotman Commerce,Offer,95.67,1/27/2026,,Internship,Supplementary done by early deadline (Dec)
UofT - SG,TAC,Rotman Commerce,Offer,94.83,1/27/2026,,"- 2 Year Summer Counselor, Accounting co-op, non profit ngo",
UofT - SG,TAC,Rotman Commerce,Offer,94.3,1/27/2026,,"Co-op, volunteer, basketball",
UofT - SG,TAC,Rotman Commerce,Offer,94,1/27/2026,,,
UofT - SG,TAC,Rotman Commerce,Offer,94,1/27/2026,,IB + Business SHSM w/ co-op,
UofT - SG,TAC,Rotman Commerce,Offer,94,1/27/2026,,I talked about DECA (ICDC finalist) and student council president and then a personal story regarding different persepectives.,
UofT - SG,TAC,Rotman Commerce,Offer,94,1/27/2026,,,
UofT - SG,TAC,Rotman Commerce,Offer,94,1/27/2026,,"lwk stuttered and went a word over time but talked about tech start up, council, and 2 jobs",
UofT - SG,TAC,Rotman Commerce,Offer,93.5,1/27/2026,,videography business,
UofT - SG,TAC,Rotman Commerce,Offer,93.4,1/27/2026,,"Talked about DECA, my own business, importance of different perspectives while doing business.","Gr. 11 average only, be genuine during supp apps and focus on lessons learned in each of your ECs!"
UofT - SG,TAC,Rotman Commerce,Offer,92.8,1/27/2026,,just talked about volunteering at diff places,
UofT - SG,TAC,Rotman Commerce,Offer,89,1/27/2026,,"babysitting, general memeber of yearbook club, treasuer of cooking club, raised 200 dollars for girl scout cookies.","just be yourself, you got this guys!"
UofT - SG,TAC,Rotman Commerce,Offer,99.16,2/24/2026,,national level athlete and student council executive,
UofT - SG,TAC,Rotman Commerce,Offer,98.3,2/24/2026,,"Council Vice President, Part Time Job in Retail",
UofT - SG,TAC,Rotman Commerce,Offer,98,2/24/2026,,,AP
UofT - SG,TAC,Rotman Commerce,Offer,98,2/24/2026,,,IB
UofT - SG,TAC,Rotman Commerce,Offer,97.8,2/24/2026,,"Athletic Council VP, DECA provincial champion",
UofT - SG,TAC,Rotman Commerce,Offer,97.3,2/24/2026,,,
UofT - SG,TAC,Rotman Commerce,Offer,96.6,2/24/2026,,,Victoria + 5k
UofT - SG,TAC,Rotman Commerce,Offer,96.5,2/24/2026,,,
UofT - SG,TAC,Rotman Commerce,Offer,96.5,2/24/2026,,"photography for ontario volleyball (provincial and national) 1m+ views, talked abt my future plans with it and how i would use rc skills, volleyball team manager for school 3 years, student athletic council exec 4 years, random video wasn't good",
UofT - SG,TAC,Rotman Commerce,Offer,96.4,2/24/2026,,"I talked about competitive dance and tutoring club, tbh thought I had weak ECs and sub app",
UofT - SG,TAC,Rotman Commerce,Offer,96.33,2/24/2026,,"DECA provs, tutor, volunteering ... nothing too special","Decent interview, Victoria + 5k"
UofT - SG,TAC,Rotman Commerce,Offer,96,2/24/2026,,"- networking club, ja changemaker",be genuine
UofT - SG,TAC,Rotman Commerce,Offer,96,2/24/2026,,Wrote about being the founder of fundraising club/initiative and competitive dance.,
UofT - SG,TAC,Rotman Commerce,Offer,95.75,2/24/2026,,"Talked about Student Council, DECA, and Volunteering as a Soccer League Referee",Good Luck
UofT - SG,TAC,Rotman Commerce,Offer,95.33,2/24/2026,,ECS: tutoring and interact club. supp app went very well,"already completed 6 grade 12 courses, just need to finish calc"
UofT - SG,TAC,Rotman Commerce,Offer,95,2/24/2026,,,
UofT - SG,TAC,Rotman Commerce,Offer,95,2/24/2026,,"Rotman case comp finalist, DECA trainer, ICDC Finalist, business owner.",
UofT - SG,TAC,Rotman Commerce,Offer,95,2/24/2026,,"News Production Class, Competitive Sports, Lifeguard + Restaurant Jobs",
UofT - SG,TAC,Rotman Commerce,Offer,94.83,2/24/2026,,"DECA VP + 2 time ICDC winner (one of them being top 10 at ICDC), co-head of HR for an environmental organization, work at SoM",
UofT - SG,TAC,Rotman Commerce,Offer,94.5,2/24/2026,,,
UofT - SG,TAC,Rotman Commerce,Offer,94.4,2/24/2026,,"Deca president + ICDC qualifier, and provincial level swimmer",
UofT - SG,TAC,Rotman Commerce,Offer,93,2/24/2026,,"National team for sport + represented the country in international tournaments, student council executive, 3 years of HOSA + top 10 nationally twice, part time job",
UofT - SG,TAC,Rotman Commerce,Offer,93,2/24/2026,,Finalist at Rotman’s case comp; Own small business,
UofT - SG,TAC,Rotman Commerce,Offer,92.77,2/24/2026,,,
UofT - SG,TAC,Rotman Commerce,Offer,90,2/24/2026,,,Gap year
UofT - SG,TAC,Rotman Commerce,Offer,96,3/17/2026,,Talked about a non-profit that raised over 50k for sports equipment for children.,
UofT - SG,TAC,Rotman Commerce,Offer,94,3/17/2026,,"Touched on my involvement in a family owned accounting business, martial arts expertise and volunteer experience in downtown toronto.",
UofT - SG,TAC,Rotman Commerce,Offer,98,3/18/2026,,"DECA, President of Club at school, job",
UofT - SG,TAC,Rotman Commerce,Offer,97,3/18/2026,,President of SAC; Founder of Consent Culture Club; 300+ Volunteer Hours; 4 Years of Varsity Soccer; 4 Years of Volleyball (played rep for two years); 2 Years of Varsity Badminton; Work part time in HVAC (12-18 Hours a week),
UofT - SG,TAC,Rotman Commerce,Offer,97,3/18/2026,,they give two questions bfr hand and two after,
UofT - SG,TAC,Rotman Commerce,Offer,96.33,3/18/2026,,Talked about cologne business and group project for english,
UofT - SG,TAC,Rotman Commerce,Offer,95.67,3/18/2026,,,did interview on the deadline
UofT - SG,TAC,Rotman Commerce,Offer,95.5,3/18/2026,,"Sea Cadets, Treasurer of a club",IB
UofT - SG,TAC,Rotman Commerce,Offer,94.3,3/18/2026,,"competitive figure skater for 10+ years (2x provincial champion, 1x provincial bronze) and nationally certified coach, DECA member (2x provincial champion) and trainer",
UofT - SG,TAC,Rotman Commerce,Offer,94,3/18/2026,,Talked about volunteering at church and school production,
UofT - SG,TAC,Rotman Commerce,Offer,94,3/18/2026,,"Thought I really messed it up, got cut off in the middle of a sentence on my written, rambled inchorently on my videos, no idea how I got in, I guess stay positive!",
UofT - SG,TAC,Rotman Commerce,Offer,93.83,3/18/2026,,"Mentioned major student council position, debate club presidency, and an impactful role in a youth non-profit",
UofT - SG,TAC,Rotman Commerce,Offer,93.33,3/18/2026,,"Talked about being a summer camp counsellor, co-vp of school club, co-founder of career development project, and ethics bowl competition","Did not think interview went well but written and prepared questions were okay, IB student"
UofT - SG,TAC,Rotman Commerce,Offer,92.6,3/18/2026,,Finance Internship and Swim Instructor/Lifeguard,"be yourself, and get an internship"
UofT - SG,TAC,Rotman Commerce,Offer,92.33,3/18/2026,,,
UofT - SG,TAC,Rotman Commerce,Offer,92,3/18/2026,,"ran a food stand during the summer, was the head of media for my schools leadership camp, and did deca for 2 years. for the video question that wasn’t provided beforehand i talked about being able to accept differences between my parents culture and Canadian culture. mostly talked about teamwork and how i worked with others rather than actual accomplishments",
UofT - SG,TAC,Rotman Commerce,Offer,91.8,3/19/2026,,"Club leader, family business, church volunteering","Doing AP calc this sem, relatively poor sem 1, good interview"
UofT - SG,TAC,Rotman Commerce,Offer,93.17,4/14/2026,,prepped a lot for my supp & ended up getting a question i prepared for,"IB program, applied and rejected from Trinity College"
UofT - SG,TAC,Rotman Commerce,Offer,92.5,4/14/2026,,"Student council vice-prez, worlds level all-star cheerleader, captain of announcements at school","for the ""why rotman"" i milked the fact that uoft sg is in the business capital of canada and how i would love to be in that environment"
UofT - SG,TAC,Rotman Commerce,Rejected,98,4/14/2026,,,
UofT - SG,TAC,Rotman Commerce,Deferred,93.67,5/22/2026,,,Deferred to Humanities
UofT - SG,TAC,Rotman Commerce,Offer,95.67,5/22/2026,,,
UofT - SG,TAC,Rotman Commerce,Offer,95,5/22/2026,,,
UofT - SG,TAC,Rotman Commerce,Offer,93.6,5/22/2026,,"I stuttered a lot in the video interview, straight up stopped talking at the end because I didn't know what to say... My written part was okay, I guess, but no EC's were really anything special, just club stuff... I genuinely believe they don't watch the video though because it was horrid",
UofT - SG,TAC,Rotman Commerce,Offer,90.5,5/22/2026,,"volleyball team, athletic council, tedx,",
UofT - SG,TAC,Rotman Commerce,Rejected,95,5/23/2026,,"Temple volunteering, clubs",
UofT - SG,TAC,Rotman Commerce,Rejected,95.5,5/26/2026,,,rotman commerce is overrated anyways
UofT - SG,TAC,Rotman Commerce,Rejected,94,5/26/2026,,Interview went pretty bad imo,
UofT - SG,TAC,Rotman Commerce,Rejected,93,5/26/2026,,Boardroom Competition Best Free Agent Team,
UofT - SG,TAD,Computer Science,Offer,99.83,1/27/2026,,I lowk did not like my answers but yk,I also got a 10k scholarship! Good luck everyone! No clue how I got this and not UTSC CS LOL.
UofT - SG,TAD,Computer Science,Offer,99.67,1/27/2026,,"Game dev, Lifeguarding, FRC, and Air Cadets",New College
UofT - SG,TAD,Computer Science,Offer,99.4,1/27/2026,,"ECs mentioned: AP classes, high-performance sport, co-president of club, volunteering with animals","AP French, English Lit., Chem., Physics 1, Calc. AB"
UofT - SG,TAD,Computer Science,Offer,99,1/27/2026,,so so ecs,did ap
UofT - SG,TAD,Computer Science,Offer,99,1/27/2026,,,
UofT - SG,TAD,Computer Science,Offer,98.86,1/27/2026,,,"4.0 GPA, 4.6-4.7 weighted"
UofT - SG,TAD,Computer Science,Offer,98.86,1/27/2026,,,
UofT - SG,TAD,Computer Science,Offer,98.83,1/27/2026,,,"Received $10K entrance award in my offer. ICDC, executives in 2 school clubs, Nokia Future Tech intern"
UofT - SG,TAD,Computer Science,Offer,98.67,1/27/2026,,"talked about my co-op, thats about it",took eng4u in summer school
UofT - SG,TAD,Computer Science,Offer,98.5,1/27/2026,,,"IB predicted 43/45, 1570 SAT"
UofT - SG,TAD,Computer Science,Offer,98.33,1/27/2026,,,
UofT - SG,TAD,Computer Science,Offer,97.7,1/27/2026,,,Good luck broskis.
UofT - SG,TAD,Computer Science,Offer,97.67,1/27/2026,,i talked about my club leadership plus a hackathon experience. huge emphasis on the leadership part,"i was genuinely shocked that i got in first round 😭 my ecs are not that good, i think my average carried"
UofT - SG,TAD,Computer Science,Offer,97.67,1/27/2026,,"Made a hackathon with a good amount of attendees (100+), student government leaderships (at school and in board), math competition prep, I focused on really showing how these activities were done out of interest and how they connect to problem solving perspectives, i also talked about certain courses at uoft in the mathematical area of interest I have and my desire to take them.","I'm surprised I got in this early, considering how many more people there are with better averages and ecs. I also got a 10k scholarship. Im really happy about this"
UofT - SG,TAD,Computer Science,Offer,97.6,1/27/2026,,"IB, robotics",
UofT - SG,TAD,Computer Science,Offer,97.5,1/27/2026,,"1590 SAT, 3 Aps (5’s on all), president of athletic council (automated bus scheduling for simcoe county), elite level hockey",
UofT - SG,TAD,Computer Science,Offer,97,1/27/2026,,,
UofT - SG,TAD,Computer Science,Offer,96.5,1/27/2026,,"Leadership member of student representative council, over $8000 in fundraising, Apple Product Security bounty and 6 acknowledgments, Swift Student Challenge winner, cross country runner",
UofT - SG,TAD,Computer Science,Offer,95,1/27/2026,,none,never done anything cs related
UofT - SG,TAD,Computer Science,Offer,93,1/27/2026,,"Founded computer club at school, Hackathon win, 4 month intern at SE company","interview went very well imo, made up for my low avg"
UofT - SG,TAD,Computer Science,Offer,91,1/27/2026,,"SHSM, top 25 in hackathon, high exec position in athletic council",I did not do IB
UofT - SG,TAD,Computer Science,Offer,96.83,2/12/2026,,"Karate Black belt, Flight Seargent Air Cadets, Debate club pres, Comp sci club exec,  REO and CREATE at u of t. Side project: full stack portfolio tracking and analysis webapp.",AP student
UofT - SG,TAD,Computer Science,Offer,99.93,2/24/2026,,"reached DECA ICDC, founded a nonprofit and raised a million for homeless communities in Canada, internship at Apple CEC, founder of the Computer Science Club, founder of investment club, 1580 SAT, executive of multiple clubs, EUCLID score 97, volunteered at banks such as CIBC and JPMorgan (3k+ hours) , used valued investing to make 30k, looksmaxxed to look like a korean idol (possibly boosted my interview chances), tutor for math, science, and CS, discord mod of MyUsernamesThis (#1 Jailbreak Youtuber) (successfully defended his pedo allegations), created an AI powered startup with over 3000 monthly active users and several thousand per month in revenue, own my own small business reselling streetwear (chrome hearts, stussy, bape, etc.), supplier of Josh McGregor ( famous IG model), also supplied Efewissiex (famous content creator) with lemons and other haircare products.",
UofT - SG,TAD,Computer Science,Offer,99,2/24/2026,,ok ecs. swim and track.,got 15k from president's scholar award.
UofT - SG,TAD,Computer Science,Offer,98.7,2/24/2026,,"Athletic awards, one tech internship for a startup, tutoring business, volunteering, completed kumon in 3 years mathematics","Was in IB turner, high adj factor. HL math"
UofT - SG,TAD,Computer Science,Offer,98.67,2/24/2026,,Mid ECs,
UofT - SG,TAD,Computer Science,Offer,98.2,2/24/2026,,,supp app submitted jan 3rd
UofT - SG,TAD,Computer Science,Offer,97.67,2/24/2026,,"Good ECs, missed the Early Deadline though",
UofT - SG,TAD,Computer Science,Offer,97,2/24/2026,,"did not have anything that special, pretty standard extracurrics. mainly drama and acting related stuff.",
UofT - SG,TAD,Computer Science,Offer,96.3,2/24/2026,,,
UofT - SG,TAD,Computer Science,Offer,96.16,2/24/2026,,FRC Team Lead,AP CSA 5 & Some IB Classes
UofT - SG,TAD,Computer Science,Offer,96,2/24/2026,,literally nothing other than being band member,"top 5 is 96%, top 6 is 90% because I have 60% in chem. But my grade 11 mark is also good, likely they didnt consider my chem grade."
UofT - SG,TAD,Computer Science,Offer,96,2/24/2026,,"Math club president, swimming OFSAA",AP Calculus BC -5
UofT - SG,TAD,Computer Science,Offer,95.67,2/24/2026,,"President of physics, cs, ModelUN, and robotics",
UofT - SG,TAD,Computer Science,Offer,95.5,2/24/2026,,"no ECs, just talked about past school experiences",
UofT - SG,TAD,Computer Science,Offer,95.4,2/24/2026,,"International Olympiads in Artificial Intelligence Team Canada (2025), FTC 3 years straight Ontario champion, Second year internationally second place. Bunch of Waterloo Certificates/HR for CCC Senior, Junior, Euclid, CSMC, CIMC. Quant Funds Intern. Personal AI project.",
UofT - SG,TAD,Computer Science,Offer,95.2,2/24/2026,,"Electrical Captain of FRC Robotics Team, Started Ornithology Club, Made my own Homeless Carebag initiative, Coding Clubs (not really into them), Math tutoring","Supp App required, IB Program candidate, don't know all my predicted yet (6 in Math SL, 6 in French SL, 7 in Physics SL)"
UofT - SG,TAD,Computer Science,Offer,94.67,2/24/2026,,"School clubs: STEM, PASS Club (peer-tutoring), Environmental Alliance Executive, Wednesday Sessions Leader (Ursula Franklin Academy), purple belt karate, Scouts Canada (Youth Leader), and I can't think of any more.",I did not do any AP or IB courses.
UofT - SG,TAD,Computer Science,Offer,92.83,2/24/2026,,"CMOQR Qualifier, Air Cadet, Math Club President",
UofT - SG,TAD,Computer Science,Offer,,2/25/2026,,"School Council, research","A levels, physics maths and IT"
UofT - SG,TAD,Computer Engineering,Offer,99.33,3/11/2026,,,
UofT - SG,TAD,Computer Science,Deferred,93.5,3/18/2026,,,Deferred to Mathematical and Physical Science
UofT - SG,TAD,Computer Science,Offer,95.33,3/18/2026,,CMO qualifier + non-stem national competition top 10 + a bunch of community service stuff,
UofT - SG,TAD,Computer Science,Rejected,97.5,3/19/2026,,,it's crazy
UofT - SG,TAD,Computer Science,Deferred,97,5/21/2026,,"Just tons of work/volunteer experiences at tech related fields, and lot of competition wins and awards.",This is when Waterloo CS wants me and not UofT CS 💀 (FYI - Took all courses in person lol)
UofT - SG,TAD,Computer Science,Deferred,98.5,5/22/2026,,"rcm level 10 piano, raised $1500 for school robotics club, software side project for niche online community","AP calc, stats, phymech (all 5s), deferred to Mathematical and Physical Sciences with $15k scholarship, got into UW CS though"
UofT - SG,TAD,Computer Science,Deferred,96.2,5/22/2026,,,Deferred to Mathematical & Physical Sciences
UofT - SG,TAD,Computer Science,Deferred,96.17,5/22/2026,,"Hackathons, French Tutor, Etc...",Deferred to math and physical sciences. Kinda guessed I was gonna get deferred cuz of my ECs :(
UofT - SG,TAD,Computer Science,Deferred,95.33,5/22/2026,,I had good ecs in cs field but uoft admission system is rigged,Deferred to mathematical and physical sciences
UofT - SG,TAD,Computer Science,Offer,99.33,5/22/2026,,,
UofT - SG,TAD,Computer Science,Offer,97.33,5/22/2026,,,
UofT - SG,TAD,Computer Science,Offer,98.67,5/26/2026,,,filled extenuating circustances
UofT - SG,TAD,Computer Science,Rejected,90,6/1/2026,,"Made a small company, worked coop at tech company, mvp for soccer team, centrals javelin",Physics and chem online
UofT - SG,TAD,Computer Science,Offer,98.3,6/19/2026,,,Appeal successful
UofT - SG,TAD,Computer Science,Offer,96.2,6/19/2026,,,
UofT - SG,TAD,Computer Science,Offer,98.5,6/22/2026,,"rcm level 10 piano, raised $1500 for school robotics club, software side project for niche online community","To whoever manages this form: please remove my previous submission with identical information, and replace this comment with: ""admitted with $15k scholarship, response deadline July 6, email said I was still eligible for residence guarantee. did AP calc, stats, phymech (all 5s), initially deferred to Mathematical and Physical Sciences on May 22 (also with same scholarship)"""
UofT - SG,TAD,Computer Science,Offer,97.67,7/2/2026,,Robotics,Probably got unwaitlisted
UofT - SG,TAH,Humanities (History),Offer,96.83,1/27/2026,,,"Fast tracked G12 in G11, admitted to Victoria College (My first choice did a separate application for it)."
UofT - SG,TAH,Humanities (Arts),Offer,96,1/27/2026,,,
UofT - SG,TAH,Humanities (Arts),Offer,95,1/27/2026,,,
UofT - SG,TAH,Humanities,Offer,94.66,1/27/2026,,Put philosophy as my top choice for a major.,Top 6 includes some grade 12 classes completed in grade 11 + some grade 11 classes taken in grade 10. Average of just top 6 grade 12 courses is a 93.
UofT - SG,TAH,Humanities,Offer,93.83,1/27/2026,,,
UofT - SG,TAH,Humanities (Arts),Offer,91.67,1/27/2026,,,Took AP Stats and AP Language & Composition in Grade 11. Currently doing AP Calc BC and AP Bio (enrolled in AP Physics but that’s next semester and I’m not taking the exam).
UofT - SG,TAH,Humanities (Arts),Offer,86.7,1/27/2026,,,
UofT - SG,TAH,Humanities,Offer,85,1/27/2026,,,
UofT - SG,TAH,Economics,Offer,95,3/18/2026,,,early grad
UofT - SG,TAH,Cinema Studies,Offer,93,3/18/2026,,,
UofT - SG,TAK,Science - Upper Year Admits,Offer,91.73,2/14/2026,,R-Score: 37,
UofT - SG,TAQ,Humanities,Offer,95.8,1/27/2026,,,
UofT - SG,TAX,Social Sciences,Offer,96.25,1/26/2026,,"Model UN, government volunteering and programs","$2,000 Trinity scholarship!"
UofT - SG,TAX,Social Sciences,Offer,97.6,1/27/2026,,,
UofT - SG,TAX,Social Sciences,Offer,97,1/27/2026,,,10k scholarship
UofT - SG,TAX,Social Sciences,Offer,97,1/27/2026,,,
UofT - SG,TAX,Social Sciences,Offer,95.17,1/27/2026,,4 Personal Profile questions,"+ $3,000"
UofT - SG,TAX,Social Sciences,Offer,95,1/27/2026,,,Got into Victoria College!
UofT - SG,TAX,Social Sciences,Offer,95,1/27/2026,,,
UofT - SG,TAX,Arts & Science - Humanities,Offer,95,1/27/2026,,,
UofT - SG,TAX,Social Sciences,Offer,94,1/27/2026,,,
UofT - SG,TAX,Social Sciences,Offer,94,1/27/2026,,,
UofT - SG,TAX,Social Sciences,Offer,93.5,1/27/2026,,,
UofT - SG,TAX,Social Sciences,Offer,93.17,1/27/2026,,,
UofT - SG,TAX,Social Sciences,Offer,93.17,1/27/2026,,"Lead Scouts camps, executive in the YPC Ontario, other assorted activities. Ticked the box for every category.",Got into Victoria College.
UofT - SG,TAX,Social Sciences,Offer,92.4,1/27/2026,,,
UofT - SG,TAX,Social Sciences,Offer,91,1/27/2026,,,"Gr 11 AP English (95), Gr 12 AP Biology (95)"
UofT - SG,TAX,Social Sciences,Offer,90.67,1/27/2026,,,
UofT - SG,TAX,Social Sciences,Offer,89,1/27/2026,,,
UofT - SG,TAX,Social Sciences,Offer,87,1/27/2026,,,
UofT - SG,TAX,Social Sciences,Offer,94.8,2/24/2026,,,
UofT - SG,TAX,Social Sciences,Offer,94.5,2/24/2026,,,human geography
UofT - SG,TAX,Social Sciences,Offer,94,2/24/2026,,,
UofT - SG,TAX,Social Sciences,Offer,91.67,2/24/2026,,,
UofT - SG,TAX,Social Sciences,Offer,89,2/25/2026,,,
UofT - SG,TAX,Social Sciences,Offer,86,3/18/2026,,,
UofT - SG,TAX,Social Sciences,Rejected,95.33,5/26/2026,,,
UofT - SG,TB,Chemical Engineering,Offer,97.5,2/13/2026,,"President of two clubs, member of school's math team, volunteering, part-time job",
UofT - SG,TB,Chemical Engineering,Offer,96.67,2/13/2026,,"The most interesting thing was starting a science club. Kira Talent interview was alright, nothing too notable.",currently registered to do the AP Bio exam.
UofT - SG,TB,Chemical Engineering,Offer,95.33,2/13/2026,,"Volunteering, sports, tutoring, DECA ICDC 5th, club exec roles",Did AP chem exam but forgot to send the official document
UofT - SG,TB,Chemical Engineering,Offer,94.4,2/13/2026,,"Some notable EC's like summer internship, founder of youth community initiative, two part time jobs, counseling at STEM camps and leadership camps, 800+ hrs volunteering for local mosque.",surprised i got in this early the KIRA variable question fried tf out of me.
UofT - SG,TB,Chemical Engineering,Offer,97,3/11/2026,,Nothing really,"$5,000"
UofT - SG,TB,Chemical Engineering,Offer,93.3,3/11/2026,,UofT Hi-Skule Engineering Design Competition (Top 6 / 150); Rutgers Engineering Summer Program (Leadership Award); DECA Entrepreneurship (top 5 for the presenting thing); Jazz Band (Our band won 1 gold and2 silver at National Music Festival of Canada; Taekwondo for 10 years (Multiple top 1 and top 3 awards in competitions); School sports (CISSA Gold in Volleyball + Badminton Coach’s Award); Summer job at marina; Volunteered at a kids and senior hospital; Raised 3000$ for a sick kids fund raiser; 130 hours of volunteering (don't know if this counts),
UofT - SG,TB,Chemical Engineering,Offer,96.67,3/16/2026,,"ECs like sports, music, theater, volunteering for summer camps, school awards",
UofT - SG,TB,Chemical Engineering,Offer,95.7,5/14/2026,,I suspect ur Kira question will change based on the major you are applying. My third Kira question is abt chemical car racing,"Don’t worry if you don’t get in into the early rounds. I have Calc, chem and English in second semester and that explains why I got such a late admission. It might also happen to u if so don’t be stressed and believe in yourself ."
UofT - SG,TCS,Computer Engineering,Offer,95.6,2/12/2026,,"A lot of leadership roles in my ECs, decent interview.",
UofT - SG,TCS,Computer Engineering,Offer,98.5,2/13/2026,,"president of student council, tutoring, youth council, food bank",ap calc bc 5
UofT - SG,TCS,Computer Engineering,Offer,98.2,2/13/2026,,"Talked about personal projects I made, DECA pres, math contest distinctions, real-estate internship, 1510 SAT, lowkey did bad on my interview but i guess it didn't matter",
UofT - SG,TCS,Computer Engineering,Offer,97,2/13/2026,,"Pretty good ECs, decent interview. Put a lot of effort into revising the 250 word question with other people, and refining my talking skills in front of a camera before taking the interview.","In my opinion, you need at least a week of effort for this application, and you should work at it every day. Draft that 250 words and take it seriously by consulting other people and taking their feedback. I put 3 jot notes per extracurricular in the boxes. Prepare for the interview by getting comfortable with speaking in front of a camera with their sample questions in the practice module. Good luck, YOU GOT THIS!!"
UofT - SG,TCS,Computer Engineering,Offer,96.3,2/13/2026,,"Founder of a custom computer building and repair service, DECA President, IBT Exec, BSA President, UTM Exceptional Initiative and Autonomous Excellence certificate, 5x DECA awards, IBT, ICT SHSM, Employed",journey is just beginning
UofT - SG,TCS,Computer Engineering,Offer,96.2,2/13/2026,,,IB diploma
UofT - SG,TCS,Computer Engineering,Offer,96.2,2/13/2026,,"IB diploma, robotics",
UofT - SG,TCS,Computer Engineering,Offer,96,2/13/2026,,"ECs were alright, like execs in a few small clubs and did a bit of coding",Choked during the interview
UofT - SG,TCS,Computer Engineering,Offer,95.83,2/13/2026,,"Be confident in your interview, list all ur activities not just STEM related ones.","Apply early, it’s a lot easier to get in this early rounds"
UofT - SG,TCS,Computer Engineering,Offer,95.5,2/13/2026,,"Club Swimming & Coaching, FRC Exec + Driver, School Orchestra","AP Math, Chem, Physics, goated interview + self reflection"
UofT - SG,TCS,Computer Engineering,Offer,93.4,2/13/2026,,"Roblox game developer w over 100k players, cybersecurity intern, hackathon winner + attended 5, taekwondo and boxer, stem club vp, tons of volunteering",Full IB diploma
UofT - SG,TCS,Computer Science,Offer,96.2,2/24/2026,,"Clubs, Internship",
UofT - SG,TCS,Computer Engineering,Offer,97.2,3/10/2026,,"CEMC contest distinctions, piano, tutoring",AP
UofT - SG,TCS,Computer Engineering,Offer,96.8,3/11/2026,,,
UofT - SG,TCS,Computer Engineering,Offer,96.17,3/11/2026,,"Decent ECs (president of a club, tutoring, FBLA, youth orchestra), decent interview;spent a lot of time revising the 250 word paragraph.",Submitted on OUAC before early deadline (Nov 8)
UofT - SG,TCS,Computer Engineering,Offer,94,3/11/2026,,"Engineering competition, couple waterloo math contest school champ medals",
UofT - SG,TCS,Computer Engineering,Offer,93.8,3/11/2026,,"Interview was mid. Ec’s: FRC, pres of two clubs, passion project",
UofT - SG,TCS,Computer Engineering,Offer,96,4/22/2026,,,
UofT - SG,TCS,Computer Engineering,Waitlisted,99,4/23/2026,,,
UofT - SG,TCS,Computer Engineering,Rejected,91.6,4/30/2026,,,
UofT - SG,TCS,Computer Engineering,Offer,98,5/14/2026,,"Soccer, STEM Club, Robotics, Tutoring, Hospital internship",jiayou
UofT - SG,TCS,Computer Engineering,Offer,96.2,5/14/2026,,"Orchestra, FRC leadership role, DECA, SHAD, Lots of hobby software projects","CE was my first choice, mid interview, AP CSA 5"
UofT - SG,TCS,Computer Engineering,Offer,94.4,5/14/2026,,"president of coding teaching non-profit, co-founder/president of musical ensemble at school, experience with comp eng in science fair project",
UofT - SG,TCS,Computer Engineering,Offer,94.17,5/14/2026,,,
UofT - SG,TCS,Computer Engineering,Rejected,96,5/21/2026,,"Competitive sports, academic awards, physics competition winner, part time job.",
UofT - SG,TCS,Computer Engineering,Rejected,92.5,5/21/2026,,,"1490 SAT, 4 Calc AB AP test"
UofT - SG,TCS,Computer Science,Offer,98,5/22/2026,,"talked about standing up for someone in a music ensemble setting when their playing wasn't up to par, interest in game development and how that relates to cs, organizing a hackathon and taking leadership within my team, and volunteering at the local library",dm me on disc if you wanna chat! (user: griffen72)
UofT - SG,TE,Electrical Engineering,Offer,96.5,2/12/2026,,math contests and internship,"six subjects (5/5) in AP exams, 1500+ SAT"
UofT - SG,TE,Electrical Engineering,Offer,99,2/13/2026,,,$10k scholarship
UofT - SG,TE,Electrical Engineering,Offer,98,2/13/2026,,,
UofT - SG,TE,Electrical Engineering,Offer,97.6,2/13/2026,,"some math contest awards, volunteering",
UofT - SG,TE,Electrical Engineering,Offer,96.83,2/13/2026,,"Wrote a 25-page Economics Research paper through a program I got into with full-ride scholarship. Self-studied 3 AP courses. National-level executive of a business club, UofT Math Enrichment program (x2), 300hrs of volunteering. No Engineering-related EC's.",Feel free to reach out to me on Discord: hobidik99
UofT - SG,TE,Electrical Engineering,Offer,96.8,2/13/2026,,Pretty good interview and supplemental. I had good ECs. Talked a lot abt my EE internship,
UofT - SG,TE,Electrical Engineering,Offer,96.5,2/13/2026,,,
UofT - SG,TE,Electrical Engineering,Offer,96.2,2/13/2026,,"Founded, internship for non-profit",Bombed interview
UofT - SG,TE,Electrical Engineering,Offer,95,2/13/2026,,,
UofT - SG,TE,Electrical Engineering,Offer,97.4,2/27/2026,,"Did a couple things excutive of a few clubs, president of 1 outside of school youth concils involved with the community.",Outside ontario top 5 is 97.4; Full IB student.
UofT - SG,TE,Electrical Engineering,Offer,99.3,3/11/2026,,"part time job, sports, basic clubs",5k scholarship
UofT - SG,TE,Electrical Engineering,Offer,98.2,3/11/2026,,"Tutoring, STEM team event",
UofT - SG,TE,Electrical Engineering,Offer,97.8,3/11/2026,,i bench 180,
UofT - SG,TE,Electrical Engineering,Offer,95.8,3/11/2026,,"ftc robotics exec, music and drama club president, choir leader, school camp director and sleepaway paid camp counselor, math club exec","i thought i did so badly on the interview. point is, dont give up just because you think you flunked your supp app."
UofT - SG,TE,Electrical Engineering,Offer,99.33,3/12/2026,,"Robotics, DECA ICDC Qualifier, Club exec, bad interview",
UofT - SG,TE,Electrical Engineering,Offer,98.83,3/12/2026,,"mostly guitar things (guitar club, classical guitar exams, etc), math research at uhn, president of math club, part time job, volunteer aquatics instructor","submitted ap calc bc score (5) and sat score (1550), also won 10k scholarship but did not fill out awards profile so it's based on my application"
UofT - SG,TE,Electrical Engineering,Offer,95.7,4/20/2026,,"Internship with toyota since grade 11, competitive table tennis, tae kwon do",thought im not getting in lol
UofT - SG,TE,Electrical Engineering,Offer,98.5,5/14/2026,,"Non-STEM ecs, fumbled on the interview, but top 6 carried",Switched between March and May round from TrackOne to Electrical because its genuinely harder to get into T1 than EngSci this year
UofT - SG,TE,Electrical Engineering,Offer,98,5/14/2026,,Pretty top notch ECs including DECA ICDC and various science competitions,
UofT - SG,TE,Electrical Engineering,Offer,96.8,5/14/2026,,,
UofT - SG,TE,Electrical Engineering,Offer,96.33,5/14/2026,,,IB
UofT - SG,TE,Electrical Engineering,Offer,96.33,5/14/2026,,"girl guides, frc, debate, jobs, businesses, fbla, clubs, more but i forget","did my ecs in bullet points :) and separated into 3 sections like context of ec, my impact in ec, what i learned from this ec. in ib."
UofT - SG,TE,Electrical Engineering,Offer,95.6,5/14/2026,,"robotics, cadets, muay thai, projects","dont stress + have hope, its not over until its over"
UofT - SG,TE,Electrical Engineering,Rejected,93.33,5/20/2026,,"AP exams, SAT, presidents and execs in stem clubs and organizations and stuff","its fair enough, id say only 95+ can guarantee"
UofT - SG,TE,Electrical Engineering,Waitlisted,95.33,5/20/2026,,Stem classes for children-built a cnc-FTC & FRC robotics,
UofT - SG,TE,Electrical Engineering,Rejected,93.11,5/21/2026,,"Several national level bands, 400+ hours of church volunteering, model UN delegate.",
UofT - SG,TEO,"TrackOne, Undeclared Engineering",Offer,97.83,2/13/2026,,"Many leadership roles within school and the community, interview went well","IB, $5000 scholarship"
UofT - SG,TEO,"TrackOne, Undeclared Engineering",Deferred,99.5,3/11/2026,,"submitted 1580 SAT, and I thought my supps were fine but I guess not 🤷‍♀️",Deferred to Computer Engineering (My second choice) That moment when UW SE wants me but not UofT 💀💀💀
UofT - SG,TEO,"TrackOne, Undeclared Engineering",Offer,98,3/11/2026,,Mid ecs and interview,"IB, +10k scholarship"
UofT - SG,TEO,"TrackOne, Undeclared Engineering",Offer,97.17,3/11/2026,,"Good interview, mid ECs (some leadership positions, totaled about 50 hours monthly)","IB diploma, 41/42 predicted on form"
UofT - SG,TEO,"TrackOne, Undeclared Engineering",Offer,97,3/11/2026,,"IB, research job, robotics, pres of 2 clubs",97 (top 5)
UofT - SG,TEO,"TrackOne, Undeclared Engineering",Offer,96.33,3/11/2026,,"I did HORRIBLY on the KIRA supplementary application. The written response required you to write about 350 words in 10 minutes, I wrote more or less 200. I completely blanked on the interview portion as well and kept rambling on about unimportant things, so take that as a sign that even if you do/did horribly on the KIRA supplemental, there's still a chance","IB (HL Math AA, HL English Lit, HL Chemistry, SL Physics, SL Economics, SL French B)"
UofT - SG,TEO,"TrackOne, Undeclared Engineering",Offer,95.8,3/11/2026,,"AMC 12B score of 136.5; CSMC, Euclid, CTMC, Cdn lynx certificate; Electrical Engineering internship; U of T summer program; U of T hi-skule design challenge top 6; Sr. Basketball team",ap calc ab 5
UofT - SG,TEO,"TrackOne, Undeclared Engineering",Deferred,95.67,5/10/2026,,,
UofT - SG,TEO,"TrackOne, Undeclared Engineering",Deferred,98.2,5/12/2026,,"4x district tennis champion; 3x regional tennis champion; OFSAA tennis medalist; 2x school tennis MVP; Varsity cross country captain; 3x district xc medalist; Regional xc medalist; 2x ofsaa xc; 2x school xc MVP; Varsity track and field captain; 2x 1500m district champion; 4 time district medalist (800m, 3000m); 2x Regional medalist (1500m, 3000m); 2x school record holder (1500m, 3000m); 3x school track MVP; Badminton district finalist; Badminton zone champion; 2x badminton zone finalist; 2x school badminton MVP; Varsity boys volleyball district champion; Varsity boys volleyball district finalist; Varisty ultimate frisbee district champion; Varsity ultimate frisbee regional medalist; 2x net warriors champion (table tennis, badminton, pickleball); 4x school athlete of the year finalist Other stuff: Volunteer tennis coach; CIMC math contest certificate of distinction + school champion; 2x COMC math contest; Pascal, cayley, fermat math contests;  Part time independent contractor (hired to design and paint a mural, team of 2); WCA competition 3x3 finalist (speedcubing); Volunteer tutor;  School athletic council media director",
UofT - SG,TEO,"TrackOne, Undeclared Engineering",Deferred,97.2,5/14/2026,,,Deferred from TrackOne to Electrical Eng
UofT - SG,TEO,"TrackOne, Undeclared Engineering",Deferred,97,5/14/2026,,"DECA provs, tutor, volunteering, art, utm workshops",deferred to mechanical engineering (second choice)
UofT - SG,TEO,"TrackOne, Undeclared Engineering",Deferred,96.6,5/14/2026,,"5 aps, 2 5s and 3 4s. did some basic stem club, robotic, math. did some math contest. wrote an astronomy paper","deferred to Comp Eng,  funnily I miscliked track one as comp eng (intended to apply to comp eng), but i guess it cycled back to what I wanted initially"
UofT - SG,TEO,"TrackOne, Undeclared Engineering",Deferred,95,5/14/2026,,"kira interview had very detailed scenario-based questions (more detailed than mcmaster supp app). for the osp, i included all the extracurriculars/awards/volunteering i did in high school (around 17 entries total). i actually didn't expect to get in because i left the last few extracurriculars and the 250 word paragraph unfinished.","deferred to computer engineering and got a $5000 scholarship. i ended up choosing mcmaster because i wanted a general first year, the commute is easier, and i like the community better."
UofT - SG,TEO,"TrackOne, Undeclared Engineering",Deferred,94,5/14/2026,,,
UofT - SG,TEO,"TrackOne, Undeclared Engineering",Deferred,93.5,5/14/2026,,"AV Crew, Robotics Captain, Involved with an Organization that helps with Anti-Racism in my community, City of Toronto Skating Instructor","Deferred to Electrical Engineer (second choice) (yes, with my terrible average) but note that I am female which may have played a decision...?🤓☝️"
UofT - SG,TEO,"TrackOne, Undeclared Engineering",Deferred,92.67,5/14/2026,,"Sports. Jobs, Club exec tutoring",Deferred to mineral Eng Third choice (no civil eng deferral)
UofT - SG,TEO,"TrackOne, Undeclared Engineering",Offer,96.67,5/14/2026,,"Software Internship, Hackathons, Robotics Competition, Leadership role in 2 clubs, UW Math Distinction","Be confident, use structured problem-solving to answer personal profile questions"
UofT - SG,TEO,"TrackOne, Undeclared Engineering",Offer,96.3,5/14/2026,,Moderate ESs,
UofT - SG,TEO,"TrackOne, Undeclared Engineering",Offer,95.4,5/14/2026,,"mid ecs for eng, 1st Degree black belt karate, 12 years training, national bronze for karate, international competition experience. Part-time teaching karate for 2 years. No AP or IB. Participated in some school clubs. Organized Hackathons. Some hardware projects. Good interview in my opinion.",Have a good reason for why you want general eng first year and mention that reason in your personal profile. I think this will help your apps.
UofT - SG,TEO,"TrackOne, Undeclared Engineering",Offer,95.2,5/14/2026,,"president of schools engineering club, part time job teaching piano, short internship over the summer at a chinese university regarding hydraulics (not as impressive as it sounds)",the 95.2 was my top 5
UofT - SG,TEO,"TrackOne, Undeclared Engineering",Offer,95,5/14/2026,,Did research on applying AI to radiology at OHRI + other eng-related ecs,
UofT - SG,TEO,"TrackOne, Undeclared Engineering",Offer,94,5/14/2026,,,"No AP/IB but did pre-AP Physics, Chem, English, and Functions"
UofT - SG,TEO,"TrackOne, Undeclared Engineering",Rejected,90.67,5/21/2026,,"entrepreneur, grossed $4000 teaching Latin ballroom dancing, competitive Latin ballroom dancer for 9 years w 75 gold medals, varsity volleyball 3 years, rep volleyball & provincial d1 tier 2 champion, ensemble choir lead bass for 4 years, Sr guitar club player and vocalist, 500+ volunteer hours, 4 on AP Geo exam, gr12 student leadership association",probably should've applied to my discipline instead of trackone and would've had a better chance.
UofT - SG,TEO,"TrackOne, Undeclared Engineering",Deferred,98.83,5/22/2026,,"ECs mentioned: sponsorship to attend STEM conference, extra courses, music ensemble, stage company music director, math and computing contests, visual artist at school exhibition, model UN, co-president of club, executive/member of other clubs, high-performance sports, youth sport coaching, volunteering with animals","Deferred to Materials Engineering (second choice) (I wrote my short answer about materials and ranked TEO fourth), $10 000 scholarship (for Materials Engineering), AP French, English Lit., Chem., Physics 1, Calc. AB"
UofT - SG,TG,Mineral Engineeting,Offer,87,4/27/2026,,Average,
UofT - SG,TG,Mineral Engineering,Deferred,91.8,5/14/2026,,"Mining Constultant Co-op, Student body representative, biweekly tutoring",
UofT - SG,TG,Mineral Engineering,Rejected,94.16,5/20/2026,,I never completed the personal profile lol,Got into my top choice (UofC) before I finished my personal profile.
UofT - SG,TI,Industrial Engineering,Offer,8.3,2/19/2026,,Class representative and also some science fair projects,I honestly think it was a miracle I got in...lol
UofT - SG,TI,Industrial Engineering,Offer,96.17,3/11/2026,,nothing much,
UofT - SG,TI,Industrial Engineering,Offer,96.16,3/11/2026,,,
UofT - SG,TI,Industrial Engineering,Offer,95.5,3/11/2026,,"Sea Cadets, treasurer of a club",IB
UofT - SG,TI,Industrial Engineering,Offer,94.6,3/11/2026,,Just regular school clubs,no
UofT - SG,TI,Industrial Engineering,Deferred,94.54,4/29/2026,,"Leader of Aerospace Club for 3 years(largest science-based club in school, did many hands-on experiments), led World War History Club for 2 years (primarily talked about politics, ethics in weaponry, and just some basic history), working on an independent study project with STEAM teacher on converting defected military vehicles into civilian construction/rescue vehicles, led school's International Space Settlement Design Competition team for 3 years, executive in seismology club, executive in yearbook club, awarded passion award for STEAM by school, 1500 SAT, 117 TOEFL, part-time TOEFL tutor, 11 AP courses.","Industrial Engineering was my third choice, behind Engineering Science for first and Mechanical Engineering for second. Mineral Engineering was my fourth choice if that information helps"
UofT - SG,TI,Industrial Engineering,Offer,96.6,5/14/2026,,"4 Exec positions, relevant co-op, mid/decent interview",
UofT - SG,TI,Industrial Engineering,Offer,95.2,5/14/2026,,"marketing/finance coop at cfa society toronto, have been playing piano since i was 3 and taught younger students for two years as well, and peer tutored math at school! also founded deca chapter at my school. fblc top 20 in grade 11 but i dont think it helped.",u guys got this :)
UofT - SG,TI,Industrial Engineering,Offer,94.3,5/14/2026,,CADed V6 Engine in Soldiworks. Volunteer tutor for indigenous learning program. big brothers big sisters mentor. tutored children in native language.,"I had an 89 in physics midterm sem 2, no clue how i got in."
UofT - SG,TI,Industrial Engineering,Offer,93,5/15/2026,,"My ecs were more business orientated than engineering, summer coding program and came 2nd in an eng comp. Business ecs were rly good in my opinion (intl comp, own event etc..)",
UofT - SG,TK,Engineering Science,Offer,98,1/13/2026,,"pretty bad supp app got cut off for all questions, virtually no eng related ecs except for winning local science fair",ib
UofT - SG,TK,Engineering Science,Offer,99.66,2/13/2026,,"LGBTQIA2S+ parade leader. Northern Indigenous voice of Fire ambassador, Rainbow tree sculptor portfolio. Part time Door-dash Uber with 1.1k orders delivered, 4.83 rating and 99% completion rate. Created an advanced packing software to help parents maximize the amount of items in a dishwasher. Professional ice belly dancer, coached throat singing through youtube tutorials with over 200k views. Advocating for the #FREEDIDDY campaign.",
UofT - SG,TK,Engineering Science,Offer,99.5,2/13/2026,,,
UofT - SG,TK,Engineering Science,Offer,99.5,2/13/2026,,"Private Pilot, Glider Pilot, co founder of a club, president of a club, national and provincial school concert band awards, air cadets, volunteering, mentorship, life guarding courses, AI related course, and DECA regional award.","Doing APMath, APChem and APEnglish."
UofT - SG,TK,Engineering Science,Offer,98.6,2/13/2026,,,10k scholarship
UofT - SG,TK,Engineering Science,Offer,98.2,2/13/2026,,"part time job, volunteering & club positions, aps, contests, decent interview?",
UofT - SG,TK,Engineering Science,Offer,97.8,2/13/2026,,"Top team in Canada for Technovation hackathon, Volleyball ecs(setter and captain, school coach, external academy coach), SHAD '25, Tutoring, WiSTEM club co-founder and vice president <- hosting engineering elementary outrech programs","IB student, $10k scholarships"
UofT - SG,TK,Engineering Science,Offer,97.6,2/13/2026,,"16 ECs, Math & Physics Club president",
UofT - SG,TK,Engineering Science,Offer,97.5,2/13/2026,,"16 ECs, 1570 SAT, 5/5 on 8 APs, Research","$5000 scholarship, AP courses in school"
UofT - SG,TK,Engineering Science,Offer,97.5,2/13/2026,,"ok ECs (clubs, school sports, DECA, hackathon organizer, FRC, etc.)",
UofT - SG,TK,Engineering Science,Offer,97.25,2/13/2026,,"3 jobs and 300+ volunteer hours, thought my interview went horribly",
UofT - SG,TK,Engineering Science,Offer,97.2,2/13/2026,,"1590 SAT, 3’s on 5 APs, president of athletic council, automated sports bus scheduling for my school board, built a self parking model car for the science fair",
UofT - SG,TK,Engineering Science,Offer,97,2/13/2026,,,
UofT - SG,TK,Engineering Science,Offer,96.8,2/13/2026,,"President of Athletic Council, VP Marketing for DECA, SHAD '25, Many Volleyball ECs (Varsity Captain, MVPs, Senior Athlete of the Year, Referee, Student Coach, Volleyball Biomechanics/Statistics Research), 1 Year of FIRST robotics, Trivia (Consensus/Reach for the Top)",IB Diploma
UofT - SG,TK,Engineering Science,Offer,96.8,2/13/2026,,"DECA Chapter President/ICDC Exam Medal/1st in Regionals/VBC Winner/MC For Regionals (2000+ attendees); STEAM ICAC Chapter President; Air Cadets FSgt/Training Program Assistant; AGO Top Volunteer; Part-Time Fast Food 16hrs/week; Fermat Distinction/School Champion,",
UofT - SG,TK,Engineering Science,Offer,96.6,2/13/2026,,"badminton, student leadership council, snowboard instructor, DECA ICDC. lots of sports and music awards, talked about music for my 250 written",40/42 predicted ib but it might not have mattered for group A
UofT - SG,TK,Engineering Science,Offer,96.17,2/13/2026,,Robotics International qualifier; Part-time job,AP CSA and CSP
UofT - SG,TK,Engineering Science,Offer,95.83,2/13/2026,,"President of Math club, vp of 2 clubs, math contest school champs, mcmaster material science comptetition, 2 sport teams","So lucky I got in, everyone else in this response sheet is better than me."
UofT - SG,TK,Engineering Science,Offer,95.4,2/13/2026,,"internship at startup, FIRST, competitive hockey",
UofT - SG,TK,Engineering Science,Offer,98.3,2/26/2026,,"Cadets, church summer camp volunteering, blog, school club exec, robotics projects,",
UofT - SG,TK,Engineering Science,Offer,IB,3/4/2026,,IB Predicted 38,
UofT - SG,TK,Engineering Science,Offer,96.7,3/10/2026,,"Not many notable ECs tbh, many some club leadership positions and some after school volunteering",
UofT - SG,TK,Engineering Science,Deferred,91,3/11/2026,,"Tutoring, Work as asisstant teacher, extracurricular math, DECA, cross-country, violin","Deferred to Industrial Engineering, AP sciences"
UofT - SG,TK,Engineering Science,Offer,99.2,3/11/2026,,Waterloo contest distinctions + medals,
UofT - SG,TK,Engineering Science,Offer,98.5,3/11/2026,,,
UofT - SG,TK,Engineering Science,Offer,98.2,3/11/2026,,"Army Cadets, Varsity Football, Varsity Ski Team, AG Robots, Employment at Kumon, summer co-op, president of physics & astronomy club, spiritual school",AP Calc BC
UofT - SG,TK,Engineering Science,Offer,96.6,3/11/2026,,,
UofT - SG,TK,Engineering Science,Deferred,95.4,4/30/2026,,,Deferred to Industrial Engineering
UofT - SG,TK,Engineering Science,Offer,97.6,5/13/2026,,,
UofT - SG,TK,Engineering Science,Deferred,93.4,5/14/2026,,no eng related ECs,"Deferred to Computer Engineering (3rd option), francophone school"
UofT - SG,TK,Engineering Science,Offer,98.67,5/14/2026,,"Soccer, Clubs, rep in school board and city organizations",thank you uoft
UofT - SG,TK,Engineering Science,Offer,97.5,5/14/2026,,"Not too notable for ECs tbh, mainly just part-time job as teacher, being in music, and playing some sports; waterloo contest distinctions","Completed APCSA, macro, and micro; just did AP calc AB this year"
UofT - SG,TK,Engineering Science,Offer,97.3,5/14/2026,,,
UofT - SG,TK,Engineering Science,Offer,97.2,5/14/2026,,"President of STEM Club; Stage Manager in local Stage Group, Tutor and Waterloo Math Competition School Champion for 2 years.",
UofT - SG,TK,Engineering Science,Offer,96.8,5/14/2026,,"FRC Lead (qualified for FIRST WORLD CHAMPIONSHIP 3x), président of DECA & MUN, started and raised over 3k for school robotics team, taught tech and cybersecurity classes for elderly, started a scam awareness non profit, scamproof.ca which has interactive lessons on types of scams…NGL my subapp wasn’t that good for the timed writing bit min word count was 300 and I didn’t get to the minimum…","Regular grades, not IB or AP… cough up the money and take English online… best decision you’ll ever make"
UofT - SG,TK,Engineering Science,Offer,95,5/14/2026,,"listed 15 EC's, international business awards, non profit, part time jobs, exec roles in school and national clubs",I actually cannot believe I got in my average is nowhere near the admission average i thought i was gonna get deferred to mech or chem
UofT - SG,TK,Engineering Science,Offer,93.8,5/14/2026,,"Schulich nominee, NASA's cubes in space, lifeguard, school Jazz band, Alt band, construction management co-op",Lower average but I think my interview responses were excellent also 98 in gr 11/12 physics and 96 in calculus
UofT - SG,TK,Engineering Science,Offer,93.5,5/14/2026,,Very good EC’s with sustained commitment and some national recognition scholarships + one writing award.,IB - no Math AA HL though
UofT - SG,TK,Engineering Science,Waitlisted,97.6,5/21/2026,,,
UofT - SG,TK,Engineering Science,Offer,98.2,6/11/2026,,"filled time well and signposted during the interview, didnt think i had especially outstanding responses tho","full IB 43/45 with math aa hl 6, english lit hl 6, physics hl 7, chem hl 7, philosophy sl 7, chinese b sl 7. did a few ecs like mun, junior achievement, and serving as a teachers aide"
UofT - SG,TLA,Architectural Studies,Offer,90,1/26/2026,,"Add your portfolio gang, no gonna lie they accept everyone but if you add portfolio might help with early decision.",good luck guys
UofT - SG,TLA,Architectural Studies,Offer,92.75,2/24/2026,,,
UofT - SG,TLA,Architectural Studies,Offer,91,3/18/2026,,,
UofT - SG,TLA,Architectural Studies,Offer,86,3/18/2026,,,
UofT - SG,TLA,Architectural Studies,Offer,96.33,4/14/2026,,"Wrote the one idea on the last day, included 6 art pieces as well",
UofT - SG,TLA,Architectural Studies,Offer,92,4/14/2026,,,
UofT - SG,TLA,Architectural Studies,Offer,88.16,4/14/2026,,,
UofT - SG,TLA,Architectural Studies,Offer,95.5,4/15/2026,,"I chose question number 3, I put in 4 images for the portfolio",IB
UofT - SG,TLG,Life Sciences (including Psychology),Offer,91.75,12/7/2025,,,
UofT - SG,TLG,Life Sciences,Offer,97.5,1/15/2026,,,
UofT - SG,TLG,Life Sciences,Offer,97.6,1/26/2026,,,
UofT - SG,TLG,Life Sciences,Offer,96.67,1/26/2026,,,
UofT - SG,TLG,Life Sciences,Offer,95.83,1/26/2026,,,
UofT - SG,TLG,Life Sciences,Offer,99.8,1/27/2026,,,"4 AP courses (all 5s), 1490 SAT, 7 dual enrollment university courses, 10k UofT Scholar scholarship"
UofT - SG,TLG,Life Sciences,Offer,99,1/27/2026,,,
UofT - SG,TLG,Life Sciences,Offer,99,1/27/2026,,,"Received a 10,000 merit scholarship."
UofT - SG,TLG,Life Sciences (including Psychology),Offer,98.89,1/27/2026,,"CWSF gold and bronze medal, clubs, trivia nationals, research co-op",Trinity College acceptance with 2k scholarship
UofT - SG,TLG,Life Sciences (including Psychology),Offer,98.83,1/27/2026,,,"AP Chem, Physics 1&2, Calculus AB courses; 1 AP Exam (Chem: 5/5)"
UofT - SG,TLG,Life Sciences (including Psychology),Offer,98.83,1/27/2026,,,
UofT - SG,TLG,Life Sciences (including Psychology),Offer,98.67,1/27/2026,,,University College admission scholarship of $1k!
UofT - SG,TLG,Life Sciences (including Psychology),Offer,98.67,1/27/2026,,,"Victoria College, $5,000"
UofT - SG,TLG,Life Sciences (including Psychology),Offer,98.6,1/27/2026,,,
UofT - SG,TLG,Life Sciences (including Psychology),Offer,98.33,1/27/2026,,,$3000 scholarship from Innis
UofT - SG,TLG,Life Sciences,Offer,98.17,1/27/2026,,,"Accepted to Victoria College, $5000 scholarship"
UofT - SG,TLG,Life Sciences,Offer,98.17,1/27/2026,,,AP courses
UofT - SG,TLG,Life Sciences,Offer,98.16,1/27/2026,,,
UofT - SG,TLG,Life Sciences,Offer,98,1/27/2026,,,
UofT - SG,TLG,Life Sciences,Offer,97.8,1/27/2026,,,
UofT - SG,TLG,Life Sciences,Offer,97.5,1/27/2026,,,97.5 / 42 IB Predicted
UofT - SG,TLG,Life Sciences (including Psychology),Offer,97.3,1/27/2026,,,
UofT - SG,TLG,Life Sciences,Offer,97,1/27/2026,,,"Took AP Calculus AB, AP Biology and AP Chemistry"
UofT - SG,TLG,Life Sciences,Offer,96.5,1/27/2026,,,
UofT - SG,TLG,Life Sciences (including Psychology),Offer,96.33,1/27/2026,,,
UofT - SG,TLG,Life Sciences (including Psychology),Offer,96.2,1/27/2026,,,
UofT - SG,TLG,Life Sciences (including psychology),Offer,96.2,1/27/2026,,,Took 9 APs five 5s 4 fours; first in the world (1/4981) in Avogadro chemistry competition + Arbor Scholar at U of T
UofT - SG,TLG,Life Sciences,Offer,96,1/27/2026,,,
UofT - SG,TLG,Life Sciences (including Psychology),Offer,96,1/27/2026,,,"for grade 11: AP Bio, Chem, Functions"
UofT - SG,TLG,Life Sciences,Offer,96,1/27/2026,,,
UofT - SG,TLG,Life Sciences (including Psychology),Offer,96,1/27/2026,,,
UofT - SG,TLG,Life Sciences,Offer,95.83,1/27/2026,,,
UofT - SG,TLG,Life Sciences,Offer,95.33,1/27/2026,,,
UofT - SG,TLG,Life Sciences (including Psychology),Offer,95,1/27/2026,,,"MHF4U in Grade 11, varsity volleyball commit, Woodsworth college"
UofT - SG,TLG,Life Sciences,Offer,95,1/27/2026,,,$3k Trinity entrance
UofT - SG,TLG,Life Sciences,Offer,95,1/27/2026,,,Victoria College acceptance + did IBDP
UofT - SG,TLG,Life Sciences,Offer,94.8,1/27/2026,,,
UofT - SG,TLG,Life Sciences,Offer,94.64,1/27/2026,,,
UofT - SG,TLG,Life Sciences,Offer,94.58,1/27/2026,,,
UofT - SG,TLG,Life Sciences,Offer,94.5,1/27/2026,,,"AP Bio, chem, psych exam completed"
UofT - SG,TLG,Life Sciences,Offer,94.3,1/27/2026,,,
UofT - SG,TLG,Life Sciences,Offer,94.3,1/27/2026,,,
UofT - SG,TLG,Life Sciences (including Psychology),Offer,94.2,1/27/2026,,,
UofT - SG,TLG,Life Sciences,Offer,94.17,1/27/2026,,,
UofT - SG,TLG,Life Sciences,Offer,94.17,1/27/2026,,,
UofT - SG,TLG,Life Sciences,Offer,94,1/27/2026,,,
UofT - SG,TLG,Life Sciences,Offer,94,1/27/2026,,,Rejected wolf scholars
UofT - SG,TLG,Life sciences,Offer,94,1/27/2026,,,
UofT - SG,TLG,Life Sciences,Offer,94,1/27/2026,,,
UofT - SG,TLG,Life Sciences,Offer,94,1/27/2026,,,
UofT - SG,TLG,Life Sciences,Offer,94,1/27/2026,,,
UofT - SG,TLG,Life Sciences (including Psychology),Offer,93.83,1/27/2026,,,
UofT - SG,TLG,Life Sciences (including Psychology),Offer,93.7,1/27/2026,,,
UofT - SG,TLG,Life Sciences (including Psychology),Offer,93.67,1/27/2026,,,
UofT - SG,TLG,Life Sciences,Offer,93.67,1/27/2026,,,
UofT - SG,TLG,Life Sciences,Offer,93.17,1/27/2026,,,
UofT - SG,TLG,Life Sciences (including Psychology),Offer,93,1/27/2026,,,
UofT - SG,TLG,Life Sciences (including Psychology),Offer,93,1/27/2026,,,
UofT - SG,TLG,Life Sciences,Offer,92.8,1/27/2026,,,
UofT - SG,TLG,Life Sciences,Offer,92.8,1/27/2026,,,
UofT - SG,TLG,Life Sciences,Offer,92.8,1/27/2026,,,
UofT - SG,TLG,Life Sciences (including Psychology),Offer,92.8,1/27/2026,,,
UofT - SG,TLG,Life Sciences (including Psychology),Offer,92.67,1/27/2026,,,
UofT - SG,TLG,Life Sciences,Offer,92.17,1/27/2026,,,"accepted to University college, viva mexico!!"
UofT - SG,TLG,Life Sciences,Offer,92.16,1/27/2026,,,IB Student!
UofT - SG,TLG,Life Sciences (including Psychology),Offer,91.83,1/27/2026,,,
UofT - SG,TLG,Life Sciences (including Psychology),Offer,91.67,1/27/2026,,,
UofT - SG,TLG,Life Sciences (Including Psychology),Offer,90.17,1/27/2026,,,
UofT - SG,TLG,Life Sciences,Offer,90,1/27/2026,,,
UofT - SG,TLG,Life Sciences,Offer,89.5,1/27/2026,,,Got into Innis College
UofT - SG,TLG,Life Sciences (including Psychology),Offer,89.3,1/27/2026,,,January Round
UofT - SG,TLG,Life Sciences,Offer,88,1/27/2026,,,University College
UofT - SG,TLG,Life Sciences,Offer,,1/27/2026,,,gr12 avg(only 5 courses):88.00 and gr11 avg is 73.33 I took 4U english online and got 87. Didnt take IB. And Rank UofT as first choice
UofT - SG,TLG,Life Sciences,Offer,94.83,2/5/2026,,,
UofT - SG,TLG,Life Sciences,Offer,96.33,2/22/2026,,,
UofT - SG,TLG,Life Sciences,Offer,96.75,2/24/2026,,,
UofT - SG,TLG,Life Sciences (including Psychology),Offer,96.67,2/24/2026,,,"Victoria College, same person as uottawa sciences biomedicales and western medsci, good luck :)"
UofT - SG,TLG,Life Sciences,Offer,96.5,2/24/2026,,,
UofT - SG,TLG,Life Sciences,Offer,95.4,2/24/2026,,,
UofT - SG,TLG,Life Sciences,Offer,95,2/24/2026,,,IB
UofT - SG,TLG,Life Sciences,Offer,94.67,2/24/2026,,,
UofT - SG,TLG,Life Sciences,Offer,94.5,2/24/2026,,,
UofT - SG,TLG,Life Sciences,Offer,94.33,2/24/2026,,,
UofT - SG,TLG,Life Sciences,Offer,94.25,2/24/2026,,,
UofT - SG,TLG,Life Sciences,Offer,93.8,2/24/2026,,,
UofT - SG,TLG,Life Sciences,Offer,93,2/24/2026,,,
UofT - SG,TLG,Life Sciences (including Psychology),Offer,91.8,2/24/2026,,,
UofT - SG,TLG,Life Sciences,Offer,93,2/27/2026,,,
UofT - SG,TLG,Life Sciences,Offer,94.83,5/18/2026,,,Trinity college
UofT - SG,TLG,Life Sciences (including psych),Offer,89,5/22/2026,,,
UofT - SG,TLG,Life Sciences (including Psychology),Rejected,95.5,5/26/2026,,,Confused..
UofT - SG,TLG,Life Sciences (Including Psychology),Rejected,93,5/26/2026,,,Literally waited for so long just to get a rejection stating that there was no space left... bro.. like why.... just amazing ig!
UofT - SG,TLG,Life Sciences,Rejected,92.5,5/26/2026,,,
UofT - SG,TLG,Life Sciences,Rejected,92,5/26/2026,,,"tbf this was my 5th choice haha (09s, make sure you put uoft as your first choice)"
UofT - SG,TLG,Life Sciences,Rejected,91.8,5/26/2026,,,waited all this time just to be let known that there's no space left! wow amazing!
UofT - SG,TLG,Life Sciences,Rejected,90.83,5/26/2026,,,
UofT - SG,TLG,Life Sciences (including Psychology),Rejected,87.17,5/26/2026,,,
UofT - SG,TLG,Life Sciences,Rejected,86.5,5/26/2026,,"HOSA Exec, DECA provincial qualifier,",I think bc my calculus/vectors midterms and functions 11 finals were mad dookie. Functions 11 had 84% and calculus/vectors was a 71%
UofT - SG,TLG,Life Sciences (including Psychology),Rejected,83.5,5/26/2026,,,ass
UofT - SG,TM,Mechanical Engineering,Offer,97.5,2/20/2026,,Gold medals in a bunch of national level science olympiads,Panama national curriculum
UofT - SG,TM,Mechanical Engineering,Offer,96.3,3/10/2026,,"School STEM Club founder and president (2 years), UofT Math Academy (2024), Software Eng + Marketing Co-op, UWaterloo Math Contest School Campion (3x), Rep basketball (all throughout high school), AAU basketball (2024), school basketball (gr9-gr11 included), math + Ukrainian tutoring (gr9-gr10)",No AP/IB; mech eng was my first choice out of 4
UofT - SG,TM,Mechanical Engineering,Deferred,93,3/11/2026,,"Waterloo CCC HR, CSMC Distinction, Top Spots in National Basketball tournaments in basketball(Ukraine), a lot of courses taken for academics(UMich Programming, Northwestern Robotics and Hong Kong TechSci Uni Matrices course), 3rd in Ukrainian Physics Contest, HOSA, Robotics Club leader",Deffered to Civil(school made a mistake when sending marks)
UofT - SG,TM,Mechanical Engineering,Offer,99.67,3/11/2026,,"Student Council 2 years, peer tutoring, FRC, CREATE, Internship at startup, head of 3 clubs, sports (basketball, volleyball, badminton).","APs: Calc BC, Compsci, Microecon, French, Seminar, Physics, Chem, Research. 15k scholarship"
UofT - SG,TM,Mechanical Engineering,Offer,94.67,3/12/2026,,"Loran Finalist, VEX Robotics, Debate Team Captain, Fouder of Youth Cultural Group, and Varisty XC & Basketball Captain.","7 APs; wrote 2 paragraphs about each of my 12 ECs (1 paragraph to TELL, the other pragragph to REFLECT)."
UofT - SG,TM,Mechanical Engineering,Offer,95,3/19/2026,,"Clarinet as a professional hobby, raised money for numerous charities, pet shelter volunteer. 200 hours of community service. Interview was okay.",i cant believe it:)
UofT - SG,TM,Mechanical Engineering,Offer,95.3,4/20/2026,,"ECs: Black belt karate, Guitar RCM Level 10, Multiple gigs at concerts, etc, President of STEM + FTC Robotics at my school (participated in multiple competitions); Interview went well, but I did mumble a bit.",checked my portal everyday. FINALLY THANK THE LORDDDDDD!!!!!!!!!!
UofT - SG,TM,Mechanical Engineering,Rejected,"3A*s , 1B (International A Levels)",4/20/2026,,,
UofT - SG,TM,Mechanical Engineering,Offer,96.8,4/21/2026,,Research/tutor/volunteer,"Really messed up my video interview. Put mech in ouac but track one inside the portal, sorta got deferred to mech, but probably because I talked a lot about mech in my supp app"
UofT - SG,TM,Mechanical Engineering,Deferred,96.83,5/14/2026,,,Deferred to industrial
UofT - SG,TM,Mechanical Engineering,Deferred,95.4,5/14/2026,,"Founded robotics team (FTC) at school, captain. Student Senate member (like a student council but school district wide). Violinist in the pit orchestra at my school for 3 years. Apart of School's math club since start of high school. Apart of the arts and media program at my school for the past 5 years, where I specialize in instrumental music (started in grade 7, till now). Started a violin business, where I play at many events, stages, gigs, and teach private lessons. I've started this business by busking in markets. Done 100+ gigs/events throughout, playing on various major stages and have appeared on national television. I've also worked with many other charities, and made my own fundraisers as well through violin which I raised $2000. I've started this business in 2019, and i'm still going. Apart of a charity based in NYC that raises funds for Homeless Kids in NYC and teen refugees, and how we raise money is by playing music in venues across NYC. Apart of the charity for 3 years, and have raised over $10,000 dollars while I was apart of their group. We have also done shows in Toronto to raise money for people in need in Canada. Substitute violin teacher at a music studio Helped a kids robotics summer camp as a camp counsellor at my school (affiliated with our robotics team)","Got Deferred To Industrial Engineering, second choice; Top 6 if anyone is wondering: 96; Gonna Commit to UW Mechatronics. 95.4 (Top 5)"
UofT - SG,TM,Mechanical Engineering,Deferred,95.33,5/14/2026,,"Captain of Volleyball, Baseball, and Esports, VEX robotics team lead, part time job, METRocketry Canards Design, Rocket League Provincial Champion, Comp sci + trivia club, private tutoring, elementary school outreach program",Deferred to Chemical Engineering
UofT - SG,TM,Mechanical Engineering,Deferred,93.67,5/14/2026,,,Got deferred to electrical engineering
UofT - SG,TM,Mechanical Engineering,Offer,97.2,5/14/2026,,Nothing crazy I just wrote good essays.,IB 43pred
UofT - SG,TM,Mechanical Engineering,Offer,96.4,5/14/2026,,,
UofT - SG,TM,Mechanical Engineering,Offer,95,5/14/2026,,,
UofT - SG,TM,Mechanical Engineering,Offer,94.83,5/14/2026,,"volunteer at senior home + summer camp, co-op in a hospital (ICU), on 2 sports teams (MVP of one), executive of 2 clubs, a few academic awards, participated in U of T CREATE programs (lowk carried I think)",
UofT - SG,TM,Mechanical Engineering,Offer,94,5/14/2026,,,Deferred from TrackOne
UofT - SG,TM,Mechanical Engineering,Deferred,91.4,5/15/2026,,Alot of ecs/Eng related ecs.,"As long as you do well on your extracurricular form, you should be fine + deffered to civil"
UofT - SG,TM,Mechanical Engineering,Waitlisted,97.17,5/20/2026,,Pretty bad KIRA interview,hyw /(ㄒoㄒ)/~~
UofT - SG,TM,Mechanical Engineering,Waitlisted,94,5/20/2026,,"I did the interview pretty well, my essays were decent I guess",
UofT - SG,TM,Mechanical Engineering,Waitlisted,92.67,5/20/2026,,"some ass ngl, lifeguard, EV team, Yearbook committee, Cross country",shocked i even got waitlisted tbh
UofT - SG,TM,Mechanical Engineering,Waitlisted,96.67,5/22/2026,,good,didn't rlly try on sub app (got into waterloo tho so idk)
UofT - SG,TM,Mechanical Engineering,Offer,91.83,5/15/2026,,"ur ec's do hold a lot of weight no matter what ppl say (dont have to be eng related, as long as there r cracked ones there)",big T my glorious king
UofT - SG,TML,Life Sciences,Offer,89,1/27/2026,,,I didn't have a very strong average in Grade 11 or Grade 12 midterms. This is after the finals for first term went out. Got into UTM and UofT -SC
UofT - SG,TPG,Mathematical & Physical Sciences,Offer,99.6,1/27/2026,,,
UofT - SG,TPG,Mathematical & Physical Sciences,Offer,98.2,1/27/2026,,,
UofT - SG,TPG,Mathematical & Physical Sciences,Offer,98.17,1/27/2026,,,
UofT - SG,TPG,Mathematical & Physical Sciences,Offer,98,1/27/2026,,"4 essays, talked about leadership, community and learning to get over my competitiveness within academia :)",$2000 trin scholarship!! Im actually bouncing off the walls this was my dream!!
UofT - SG,TPG,Mathematical & Physical Sciences,Offer,98,1/27/2026,,,10k scholarship
UofT - SG,TPG,Mathematical & Physical Sciences,Offer,97.33,1/27/2026,,,
UofT - SG,TPG,Mathematical & Physical Sciences,Offer,97.33,1/27/2026,,,
UofT - SG,TPG,Mathematical & Physical Sciences,Offer,97,1/27/2026,,,
UofT - SG,TPG,Mathematical & Physical Sciences,Offer,96.83,1/27/2026,,,"I did adv functions and calculus in gr11 (100 and 99 in each respectively), my midterm was 91 ENG4U, 95 EWC4U, 99 MDM4U, and I had no other science first semester but had a 97 in gr11 chemistry."
UofT - SG,TPG,Mathematical & Physical Sciences,Offer,96.67,1/27/2026,,,
UofT - SG,TPG,Mathematical & Physical Sciences,Offer,96.5,1/27/2026,,,
UofT - SG,TPG,Mathematical & Physical Sciences,Offer,96.17,1/27/2026,,,
UofT - SG,TPG,Mathematical & Physical Sciences,Offer,96,1/27/2026,,,Full IB student
UofT - SG,TPG,Mathematical & Physical Sciences,Offer,96,1/27/2026,,,Got into Trinity!
UofT - SG,TPG,Mathematical & Physical Sciences,Offer,95.83,1/27/2026,,,
UofT - SG,TPG,Mathematical & Physical Sciences,Offer,95.33,1/27/2026,,,
UofT - SG,TPG,Mathematical & Physical Sciences,Offer,95,1/27/2026,,,Regular public hs; 94-96
UofT - SG,TPG,Mathematical & Physical Sciences,Offer,94.83,1/27/2026,,,
UofT - SG,TPG,Mathematical & Physical Sciences,Offer,94.5,1/27/2026,,,
UofT - SG,TPG,Mathematical & Physical Sciences,Offer,94.5,1/27/2026,,,"got into trin even tho i barely tried on the application, barely any ecs but im in ib"
UofT - SG,TPG,Mathematical & Physical Sciences,Offer,94.5,1/27/2026,,,
UofT - SG,TPG,Mathematical & Physical Sciences,Offer,94,1/27/2026,,,IB Student
UofT - SG,TPG,Mathematical & Physical Sciences,Offer,94,1/27/2026,,,
UofT - SG,TPG,Mathematical & Physical Sciences,Offer,94,1/27/2026,,,
UofT - SG,TPG,Mathematical & Physical Sciences,Offer,93.5,1/27/2026,,,Got into trinity
UofT - SG,TPG,Mathematical & Physical Sciences,Offer,93.5,1/27/2026,,,"First round :D - Keep at it, it's not over until it's over!!!!"
UofT - SG,TPG,Mathematical & Physical Sciences,Offer,93.2,1/27/2026,,,
UofT - SG,TPG,Mathematical & Physical Sciences,Offer,93.2,1/27/2026,,,
UofT - SG,TPG,Mathematical & Physical Sciences,Offer,93.17,1/27/2026,,,
UofT - SG,TPG,Mathematical & Physical Sciences,Offer,93,1/27/2026,,,
UofT - SG,TPG,Mathematical & Physical Sciences,Offer,92.33,1/27/2026,,,
UofT - SG,TPG,Mathematical & Physical Sciences,Offer,92.2,1/27/2026,,Did early application and was considered for early admission,
UofT - SG,TPG,Mathematical & Physical Sciences,Offer,92,1/27/2026,,,"I have no clue how I got in for the Jan round, but ggs"
UofT - SG,TPG,Mathematical & Physical Sciences,Offer,91,1/27/2026,,I had my calc and adv func marks completed already,
UofT - SG,TPG,Mathematical & Physical Sciences,Offer,90.83,1/27/2026,,,
UofT - SG,TPG,Mathematical & Physical Sciences,Offer,90.5,1/27/2026,,,
UofT - SG,TPG,Mathematical & Physical Sciences,Offer,,1/27/2026,,"Organized a hackathon, volleyball youth league coach, officer for competitive programming club","1540 SAT - 800 Math 750 English, 5's on AP Physics I, APUSH, APCS, Calc BC, APHUG, currently enrolled in Calculus III, AP Phys: Mech and E&M, AP Gov, AP Micro."
UofT - SG,TPG,Mathematical & Physical Sciences,Offer,91.83,2/5/2026,,,"95 for advanced function, 87 for function, 96 for English, 86,87 for chem and physics"
UofT - SG,TPG,Mathematical & Physical Sciences,Offer,97,2/12/2026,,,
UofT - SG,TPG,Mathematical & Physical Sciences,Offer,89.83,2/20/2026,,,
UofT - SG,TPG,Mathematical & Physical Sciences,Offer,97.6,2/24/2026,,,
UofT - SG,TPG,Mathematical & Physical Sciences,Offer,96.8,2/24/2026,,,
UofT - SG,TPG,Mathematical & Physical Sciences,Offer,96,2/24/2026,,,taking 5 APs
UofT - SG,TPG,Mathematical & Physical Sciences,Offer,95.5,2/24/2026,,,IB courses
UofT - SG,TPG,Mathematical & Physical Sciences,Offer,95.33,2/24/2026,,"DECA, clubs, sports.",Got rejected from trinity whatever💀💀💀💀
UofT - SG,TPG,Mathematical & Physical Sciences,Offer,95.2,2/24/2026,,,
UofT - SG,TPG,Mathematical & Physical Sciences,Offer,95.17,2/24/2026,,,"Technically I am an IB student, however I submitted my converted scores instead."
UofT - SG,TPG,Mathematical & Physical Sciences,Offer,95,2/24/2026,,,
UofT - SG,TPG,Mathematical & Physical Sciences,Offer,94.3,2/24/2026,,,
UofT - SG,TPG,Mathematical & Physical Sciences,Offer,93.5,2/24/2026,,,
UofT - SG,TPG,Mathematical & Physical Sciences,Offer,93.19,2/24/2026,,,
UofT - SG,TPG,Mathematical & Physical Sciences,Offer,92,2/24/2026,,,"Completed English, Adv, and physics first sem, good luck!"
UofT - SG,TPG,Mathematical & Physical Sciences,Offer,92,2/24/2026,,,
UofT - SG,TPG,Mathematical & Physical Sciences,Offer,91.67,2/24/2026,,,IB
UofT - SG,TPG,Mathematical & Physical Sciences,Offer,91.17,2/24/2026,,,"If I could do it, so can you. If a low-iq, severe ADHD, autistic dumbass could get in to a T30 worldwide school for f*cking PHYSICS, then you can do anything. 94 in MHF4U/MCV4U (projected), 90 in (Pre)-AP Physics (projected), 88 in (Pre)-AP English, 'high level' school."
UofT - SG,TPG,Mathematical & Physical Sciences,Offer,90.33,2/24/2026,,,"International Applicant from US - 5s in AP Calc BC, Comp Sci, APUSH, Lang, 4s in like 8 other ones. ACT 36/36/36/32(reading 32). Took Calc III and Linear at state university."
UofT - SG,TPG,Mathematical & Physical Sciences,Offer,89,2/24/2026,,,group a but international student
UofT - SG,TPG,Mathematical & Physical Sciences,Offer,89,2/24/2026,,Trinity college sub app,
UofT - SG,TPG,Mathematical & Physical Sciences,Offer,89,2/24/2026,,,
UofT - SG,TPG,Mathematical & Physical Sciences,Offer,93,3/4/2026,,,
UofT - SG,TPG,Mathematical & Physical Sciences,Offer,96.3,3/18/2026,,,
UofT - SG,TPG,Mathematical & Physical Sciences,Offer,92.5,3/18/2026,,,2 IB Courses in Top 6: Advanced Functions (SL) and TOK
UofT - SG,TPG,Mathematical & Physical Sciences,Offer,92.2,3/18/2026,,,
UofT - SG,TPG,Mathematical & Physical Sciences,Offer,89.2,3/18/2026,,,must finish with a top 6 avg of at least 80% as well as at least 80% in mcv4u and 75% in eng4u
UofT - SG,TPG,Mathematical & Physical Sciences,Offer,85.8,3/18/2026,,,lol
UofT - SG,TPG,Mathematical & Physical Sciences,Offer,84.33,3/18/2026,,,Had 93 avg in grade 11
UofT - SG,TPG,Mathematical & Physical Sciences,Offer,84,3/18/2026,,,i have no idea how i got in
UofT - SG,TPG,Mathematical & Physical Sciences,Offer,97.5,5/21/2026,,,ummmm they wanted my transcript even tho ive been in ontario all my life and i handed that in a month late so they said theyd wait till the last round to consider me... didn't want to go anyways😒
UofT - SG,TPG,Mathematical & Physical Sciences,Rejected,94,5/26/2026,,,
UofT - SG,TPK,Kinesiology & Physical Education,Offer,96.6,2/24/2026,,"two questions: 1. why do you wanna go here, 2. challenges you faced",
UofT - SG,TPK,Kinesiology & Physical Education,Offer,94.44,2/24/2026,,,
UofT - SG,TPK,Kinesiology & Physical Education,Offer,91.7,2/24/2026,,,
UofT - SG,TPK,Kinesiology & Physical Education,Offer,91.3,2/24/2026,,,
UofT - SG,TPK,Kinesiology & Physical Education,Offer,93.25,3/18/2026,,2 written questions about 200 words each. 1) Why do you want to study kin at uoft 2) Describe a time you overcame a challenge,
UofT - SG,TPK,Kinesiology & Physical Education,Offer,89.93,3/18/2026,,"Competitive athlete, coach, volunteer with kids sports",
UofT - SG,TPK,Kinesiology & Physical Education,Offer,95.33,5/22/2026,,"School council exec, passion for kinesiology. My advice is to talk about what you are passionate about in whatever supp apps you complete, good luck!!",
UofT - SG,TTM,Materials Engineering,Offer,93.2,2/1/2026,,,"Kira interview was a massacre, ran out of time on every single question and wasn't able to fully express my ideas. Grades are a range bc my school uses GPA instead of percent grade. 94-96 (T6 incl. prerequisites); 93.2-95.20 (prerequisites only)"
UofT - SG,TTM,Materials Engineering,Offer,89.4,3/10/2026,,"Had 15 ecs on OSP, most of them leadership positions in STEM (SHAD, FIRST, part-time job, etc). Kira interview went very well, I was able to articulate my ideas and honestly had fun.","Had no e-learn or private school courses. Grade 11 average around 91-93. Don't be discouraged by the very high averages seen here, some unis have internal adjustment factors and good interview skills/extracurriculars defo help for programs like this."
UofT - SG,TTM,Materials Engineering,Offer,91.6,5/14/2026,,"Interview went really well, talked a lot about experience at a family medicine clinic, debate & chem club pres, director in a national youth politics npo, soccer ref, school trombone, uoft debate first place award, uoft adventures in science, SAC director of a department, UW avogadro comp distinction, piano rcm lvl 6, some other stuff in music/politics/science.","85 calc, regular OSSD school"
UofT - SG,TV,Civil Engineering,Offer,97.2,2/13/2026,,Talked about passions relating to engineering and Air Cadet experience,
UofT - SG,TV,Civil Engineering,Offer,95.8,2/13/2026,,,
UofT - SG,TV,Civil Engineering,Offer,94.8,2/13/2026,,"Interview went well, few ecs",
UofT - SG,TV,Civil Engineering,Offer,92.6,2/13/2026,,"Co-Founded schools robotics team, Engineering Club President, Founder of First Aid Club empowering students with survival and first aid skills, Swim Instructor/Lifeguard, UofT Deep Summer Program.Played both varsity tennis and baseball.",Interview and Supp App went amazing and I had well structured responses.
UofT - SG,TV,Civil Engineering,Offer,97.5,3/11/2026,,"Part-time job, UofT Daniels Design, ARCT RCM Piano",I lowkey flopped the interview and went 80 under the word minimum which is likely why it came later.
UofT - SG,TV,Civil Engineering,Offer,97.17,3/11/2026,,,Doing IB diploma
UofT - SG,TV,Civil Engineering,Offer,94.33,3/11/2026,,,
UofT - SG,TV,Civil Engineering,Offer,92,3/11/2026,,,
UofT - SG,TV,Civil Engineering,Offer,94.83,5/14/2026,,"Lifeguard for 2 years, exec of a club for 2 years, DECA for 3 years, 250 hours of volunteering across two positions, piano for 6 years, side project about climate crisis mitigation",I thought my supp app was actually trash but I guess it wasn't
UofT - SG,TV,Civil Engineering,Offer,94.5,5/14/2026,,,
UofT - SG,TV,Civil Engineering,Offer,94.33,5/14/2026,,,
UofT - SG,TV,Civil Engineering,Offer,93.8,5/14/2026,,,
UofT - SG,TV,Civil Engineering,Offer,93.4,5/14/2026,,"Vex Robotics, Founder of two clubs, volunteered at senior home, Deca Vice President","I didn't meet the word requirement for the written portion of the personal profile + Kept on mumbling on my answers. Overall, they care more on extra curricular form."
UofT - SG,TV,Civil Engineering,Offer,93,5/14/2026,,,IB Diploma
UofT - SG,TV,Civil Engineering,Rejected,91.33,5/21/2026,,Wasn't great. I was kinda goofy getting too excited over explaining a bridge. Went silent for like 5-10 seconds trying to formulate my thoughts and words.,"Make sure to mention your extracurriculars (I did not), have good energy, but most importantly be yourself. If you try to fake something, it's almost guaranteed that you will fumble. It's much easier/smoother/coherent to say what you actually think. Also, make sure to apply to safeties, even if you don't think you'd ever go there... lol"
UofT - SG,TX,Music Bac. Performance,Offer,96,3/22/2026,,,+10k scholarship
UofT - SG,TXD,Life Science Gateway,Offer,90.01,5/22/2026,,,
UofT - SG,WXY,Accounting and Financial Management,Deferred,93.2,5/13/2026,,,"Deferred to SFM, took no gr12 business courses"
UOttawa,OAE,Environmental Studies,Offer,93.8,12/4/2025,,,
UOttawa,OBA,Civil Engineering and Computing Technology,Offer,86,11/26/2025,,,
UOttawa,OBC,Mechanical Engineering and Computing Technology,Offer,95,11/26/2025,,,Did not complete supp app
UOttawa,OBC,Mechanical Engineering and Computing Technology,Offer,91,11/26/2025,,,
UOttawa,OBC,Biomedical Mechanical Engineering and Computing Systems Co-op,Offer,87,11/26/2025,,,Did ENG4U MHF4U and MDM4U in grade 11
UOttawa,OBC,Mechanical Engineering and Computing Technology,Offer,92,11/27/2025,,,
UOttawa,OBC,Mechanical Biomedical Engineering with Coop,Offer,98,11/28/2025,,,
UOttawa,OBC,Mechanical Engineering and Computing Technology,Offer,87.5,2/23/2026,,,
UOttawa,OBE,Computer Engineering,Offer,97.17,11/26/2025,,,
UOttawa,OBE,Computer Engineering,Offer,97,11/26/2025,,,$3000 scholarship
UOttawa,OBE,Computer Engineering,Offer,93.5,11/26/2025,,,
UOttawa,OBE,Computer Engineering (Co-op),Offer,93.33,11/26/2025,,,
UOttawa,OBE,Computer Engineering,Offer,95.5,11/28/2025,,,IB
UOttawa,OBE,Computer Engineering,Offer,90.67,2/17/2026,,,
UOttawa,OCV,International management with masters in science of management,Offer,89.83,11/25/2025,,,Got 2k entrance scholarship. Maintenance average is 85%
UOttawa,OCV,International management with masters in science of management,Offer,90,11/27/2025,,,2k admission scholarship
UOttawa,OEA,Chemical Engineering and Computing Technology,Offer,93.5,11/26/2025,,,
UOttawa,OEA,Chemical Engineering and Computing Technology,Offer,92,11/26/2025,,,
UOttawa,OEA,Chemical Engineering and Computing Technology (5-year double degree),Offer,97.2,11/28/2025,,,"AP French, English Lit., Chem., Physics 1, Calc. AB"
UOttawa,OEA,Chemical Engineering and Computing Technology,Offer,95,1/21/2026,,,IB courses
UOttawa,OEC,Biomedical Mechanical Engineering,Offer,98.6,11/26/2025,,,
UOttawa,OEC,Biomedical Mechanical Engineering,Offer,91.5,11/26/2025,,,
UOttawa,OEC,Biomedical Mechanical Engineering with Coop,Offer,87,11/26/2025,,,
UOttawa,OEC,Biomedical Mechanical Engineering,Offer,95,11/28/2025,,,
UOttawa,OEE,Chemical Engineering,Offer,92.33,11/12/2025,,,
UOttawa,OEE,Chemical Engineering,Offer,88,11/17/2025,,,
UOttawa,OEE,Chemical Engineering,Offer,96.8,11/26/2025,,,+3k Scholarship
UOttawa,OEE,Chemical Engineering,Offer,95.17,11/26/2025,,,+3k admission scholarship
UOttawa,OEE,Chemical Engineering (Co-op),Offer,95,11/26/2025,,,Good luck everyone!
UOttawa,OEE,Chemical Engineering,Offer,94.3,11/26/2025,,,"3,000 admission scholorship"
UOttawa,OEE,Chemical Engineering,Offer,89,11/26/2025,,,Ap calculus
UOttawa,OEE,Chemical Engineering,Offer,88.67,11/26/2025,,,
UOttawa,OEE,Chemical Engineering (Co-op),Offer,85.5,11/26/2025,,,
UOttawa,OEE,Chemical Engineering,Offer,98.2,11/28/2025,,,3k entrance. actual average was 97.17 but that was my admission average (idk what that means)
UOttawa,OEE,Chemical Engineering,Offer,96,11/28/2025,,,
UOttawa,OEE,Chemical Engineering (Co-op),Offer,95.5,11/28/2025,,,$3000 scholarship
UOttawa,OEE,Chemical Engineering (Co-op),Offer,94,11/28/2025,,,
UOttawa,OEE,Chemical Engineering,Offer,,11/28/2025,,,Grade 12 - 92.5 : Grade 11 - 90.53
UOttawa,OFS,B.Sc.Soc. spécialisé Science politique,Offer,94.44,11/25/2025,,,
UOttawa,OFV,Administration publique et science politique,Offer,95,11/25/2025,,,"AP exams and IB diploma, francophone school"
UOttawa,OHE,Civil Engineering,Offer,96.6,11/26/2025,,,$3000 scholarship
UOttawa,OHE,Civil Engineering,Offer,94,11/26/2025,,,
UOttawa,OHE,Civil Engineering,Offer,87,11/26/2025,,,
UOttawa,OHE,CIvil Engineering,Offer,86.8,11/26/2025,,,
UOttawa,OHE,Civil Engineering,Offer,93,12/12/2025,,,
UOttawa,OHE,Civil Engineering,Offer,87,1/20/2026,,,"I got a $1k entrance scolarship and had a internship in my 11th gr year, vice pres of club varsity volleyball in gr 10, lifeguard but i did not tell them this"
UOttawa,OHE,Civil Engineering,Offer,90,2/17/2026,,Yupieeeeee,
UOttawa,OIC,Electrical Engineering and Computing Technology,Offer,71,11/5/2025,,,(quebec cegep)
UOttawa,OIC,Electrical Engineering and Computing Technology,Offer,92,11/26/2025,,,
UOttawa,OIC,Electrical Engineering and Computing Technology,Offer,84.5,11/28/2025,,,"Also applied to Software Engineering here, but I might get that in early January cus my top 6 will be an 85-87 and other unis in April when my top 6 is a low 90."
UOttawa,OIE,Electrical Engineering (Co-op),Offer,96,11/26/2025,,,3000 entrance scholarship
UOttawa,OIE,Electrical Engineering (Co-op),Offer,95.17,11/26/2025,,,$3k scholarship RAHHHHHHH
UOttawa,OIE,Electrical Engineering (Co-op),Offer,89,11/26/2025,,,$2000 Scholarship
UOttawa,OIE,Electrical Engineering,Offer,99.83,11/27/2025,,,I am currently taking AP Calculus AB.
UOttawa,OIE,Electrical Engineering,Offer,86.5,11/28/2025,,,
UOttawa,OIE,Electrical Engineering,Offer,90,11/30/2025,,"Made a small company, worked coop at tech company, mvp for soccer team, centrals javelin",I did chem and physics online
UOttawa,OJA,Software Engineering,Offer,96.5,11/28/2025,,,"Took ad func, calc, 12eng and 12physics in gr11"
UOttawa,OJA,Software Engineering,Offer,93.33,2/18/2026,,,
UOttawa,OJA,Software Engineering,Offer,90.67,2/19/2026,,,
UOttawa,OJA,Software Engineering CO-OP,Offer,93.17,2/20/2026,,,
UOttawa,OJA,Software Engineering,Offer,94.64,2/21/2026,,,
UOttawa,OJD,Sciences commerciales spécialisé et Juris Doctor,Offer,95,11/25/2025,,,"AP exams and IB diploma, francophone school"
UOttawa,OJE,Mechanical Engineering,Offer,98.5,11/26/2025,,,$3000 Scholarship
UOttawa,OJE,Mechanical Engineering,Offer,96.5,11/26/2025,,,
UOttawa,OJE,Mechanical Engineering (Co-op),Offer,95.16,11/26/2025,,,
UOttawa,OJE,Mechanical Engineering,Offer,92,11/26/2025,,I did a coop at TD bank. Volunteered at my local synagogue.,
UOttawa,OJE,Mechanical Engineering,Offer,90.2,11/26/2025,,,
UOttawa,OJE,Mechanical Engineering,Offer,88.67,11/26/2025,,,
UOttawa,OJE,Mechanical Engineering,Offer,94,11/28/2025,,,
UOttawa,OJE,Mechanical Engineering,Offer,93,11/28/2025,,,
UOttawa,OJE,Mechanical Engineering,Offer,90.5,11/29/2025,,,
UOttawa,OJE,Mechanical Engineering,Offer,94.5,12/16/2025,,,
UOttawa,OJE,Mechanical Engineering (Co-op),Offer,90.2,1/21/2026,,,2k admission scholarship
UOttawa,OJE,Mechanical Engineering (Co-op),Offer,90.17,2/20/2026,,"82 Average in all my courses, 70+ average in science/math courses.",got this after Carleton 💀
UOttawa,OJM,Commerce and Juris Doctor,Offer,95.67,11/26/2025,,,
UOttawa,OJM,Commerce,Offer,92,11/26/2025,,,2k renewable
UOttawa,OJM,Commerce and Juris Doctor,Offer,89.93,11/26/2025,,,"2k Commerce, 1k French Immersion"
UOttawa,OKC,Health Sciences,Offer,99,11/21/2025,,,
UOttawa,OKC,Health Sciences,Offer,92,11/25/2025,,,okay hi im back ik very fast but um i accidently put in the wrong application sent date and did not mention that i did get a $2000 entrance scholarship anyways loves ill be back soon love yall
UOttawa,OKC,Health Sciences,Offer,92,11/25/2025,,,I mean apart from the UOttawa Personal Profile paragraph questions nothing else rlly also they used my grade 11 marks fully with this offer. im just happy i at least have one place to go so far ummmmm yeah im just waiting on my other uni decisions
UOttawa,OKC,Health Sciences,Offer,97.4,11/26/2025,,,$3000 entrance scholarship
UOttawa,OKC,Health Sciences,Offer,97.33,11/26/2025,,,
UOttawa,OKC,Health Sciences,Offer,95.83,11/26/2025,,,Scholarship: $3000
UOttawa,OKC,Health Sciences,Offer,95.83,11/26/2025,,,
UOttawa,OKC,Health Sciences,Offer,95.83,11/26/2025,,,3k Scholarship
UOttawa,OKC,Health Sciences (French Immersion Stream),Offer,95.67,11/26/2025,,,
UOttawa,OKC,Health Sciences,Offer,95.4,11/26/2025,,,
UOttawa,OKC,Health Sciences,Offer,95.17,11/26/2025,,,"International English Admission Scholarship of $60,000."
UOttawa,OKC,Health Sciences,Offer,95.16,11/26/2025,,,
UOttawa,OKC,Health Sciences (French Immersion Stream),Offer,94.8,11/26/2025,,,$4000 scholarship
UOttawa,OKC,Health Sciences,Offer,94.67,11/26/2025,,,
UOttawa,OKC,Health Sciences,Offer,94,11/26/2025,,,3k Scholarship!!!
UOttawa,OKC,Health Sciences,Offer,93.5,11/26/2025,,,$2000 scholarship
UOttawa,OKC,Health Sciences,Offer,93.5,11/26/2025,,,$2000 Admission Scholarship
UOttawa,OKC,Health Sciences,Offer,92.67,11/26/2025,,,
UOttawa,OKC,Health Sciences,Offer,92,11/26/2025,,,"$2,000"
UOttawa,OKC,Health Sciences,Offer,92,11/26/2025,,,
UOttawa,OKC,Health Sciences,Offer,92,11/26/2025,,,2k Scholarship
UOttawa,OKC,Health Sciences,Offer,92,11/26/2025,,,
UOttawa,OKC,Health Sciences,Offer,91.33,11/26/2025,,,Took two Grade 12 courses; HZT4U (Philosophy) summer of Grade 10 going into Grade 11 and MDM4UE (AP Statistics) Grade 11. Average based on 4 midterm marks and the 2 final Grade 12 marks; top 6 average from Grade 11 was ~94.8.
UOttawa,OKC,Health Sciences,Offer,90,11/26/2025,,,
UOttawa,OKC,Health Sciences,Offer,95.3,11/27/2025,,,Best of luck folks!
UOttawa,OKC,Health Sciences,Offer,97.83,11/28/2025,,,
UOttawa,OKC,Health Sciences,Offer,95.83,11/28/2025,,,
UOttawa,OKC,Health Sciences,Offer,95.5,11/28/2025,,,
UOttawa,OKC,Health Sciences,Offer,94.83,11/28/2025,,,
UOttawa,OKC,Health Sciences,Offer,94.66,11/28/2025,,,
UOttawa,OKC,Health Sciences,Offer,93.5,11/28/2025,,,
UOttawa,OKC,Health Sciences,Offer,93.17,11/28/2025,,,
UOttawa,OKC,Health Sciences,Offer,92,11/28/2025,,,
UOttawa,OKC,Health Sciences,Offer,92,11/28/2025,,,"3k Scholarship, no other forms filled out"
UOttawa,OKC,Health Sciences,Offer,93.78,12/3/2025,,,Got 2000 for gr11 marks and 1000 each yr for French
UOttawa,OKC,Health Sciences,Offer,89,12/9/2025,,,
UOttawa,OKC,Health Sciences,Offer,92.17,12/19/2025,,,
UOttawa,OKC,Health Sciences,Offer,90,1/4/2026,,,
UOttawa,OKC,Health Sciences,Offer,90,1/6/2026,,,
UOttawa,OKC,Health Sciences,Offer,89,1/6/2026,,,
UOttawa,OKC,Health Sciences,Offer,92.7,1/8/2026,,,
UOttawa,OKC,Health Sciences,Offer,93.8,1/12/2026,,"U16/U18 National Jr Tennis (BC team) and International Tennis, Hospital volunteer","IB Math HL, IB Phy HL, IB Chem HL, IB English SL"
UOttawa,OKC,Health Sciences,Offer,95.83,1/20/2026,,,
UOttawa,OKC,Health Sciences,Offer,93.4,1/20/2026,,,
UOttawa,OKC,Health Sciences,Offer,93.3,1/20/2026,,,
UOttawa,OKC,Health Sciences,Offer,92.5,1/27/2026,,,
UOttawa,OKC,Health Sciences,Offer,90.67,2/19/2026,,"There is a ""Declaration of Personal Experience"", but I didn't submit it",80% conditional
UOttawa,OKC,Health Sciences,Offer,90,2/19/2026,,,I got a 58 in SCH4U but high 80's low 90's in everything else
UOttawa,OKC,Health Sciences,Offer,89.66,2/19/2026,,,
UOttawa,OKC,Health Sciences,Offer,93,2/28/2026,,,
UOttawa,OKC,Health Sciences,Deferred,85,4/30/2026,,,deferred to interdisciplinary studies 😭
UOttawa,OKC,Health Sciences,Offer,92.67,4/30/2026,,,"I got a $2,000 scholarship and residency."
UOttawa,OKC,Health Sciences,Offer,93.8,5/1/2026,,,
UOttawa,OKC,Health Sciences,Offer,91.67,5/1/2026,,,
UOttawa,OKC,Health Sciences,Offer,90.5,5/1/2026,,,
UOttawa,OKC,Health Sciences,Offer,88.17,5/6/2026,,,IB
UOttawa,OKC,Health Sciences,Offer,92.67,,,,
UOttawa,OKD,Sciences de la santé,Offer,87.5,11/26/2025,,,I applied to the French program
UOttawa,OKD,Sciences de la santé,Offer,92.33,11/28/2025,,,I got a 6000$ scholarship
UOttawa,OKG,Social Sciences,Offer,86,1/15/2026,,,
UOttawa,OKK,Kinesiology,Offer,86.66,2/27/2026,,,
UOttawa,OLL,Science politique et Juris Doctor,Offer,95,11/25/2025,,,"AP exams and IB diploma, francophone school"
UOttawa,OLL,Political Science and Juris Doctor,Offer,94,11/27/2025,,,
UOttawa,ONE,Nursing,Offer,98.8,11/26/2025,,,
UOttawa,ONE,Nursing,Offer,98,12/8/2025,,,70k scholarship!! Still waiting for PR
UOttawa,ONE,Nursing,Offer,99.8,1/15/2026,,,"5 AP courses, 8 dual enrollment university courses, 3k entrance scholarship"
UOttawa,ONE,Nursing,Rejected,94,2/2/2026,,,what the flip.
UOttawa,ONE,Nursing,Offer,97.5,2/19/2026,,,
UOttawa,ONE,Nursing,Offer,97.4,2/19/2026,,,"$3000 entrance scholarship, applied early and didn't get in until Feb"
UOttawa,ONE,Nursing,Offer,96.5,2/19/2026,,,
UOttawa,ONE,Nursing,Offer,96.5,2/19/2026,,,
UOttawa,ONE,Nursing,Offer,94.33,2/19/2026,,,
UOttawa,ONE,Nursing,Offer,93.83,2/19/2026,,I just wrote about my experience volunteering at my local hospital and how I was a manager at an extracurricular French school,I applied to the FI stream and I'm in the IBDP program
UOttawa,ONE,Nursing,Offer,90,2/19/2026,,,French stream
UOttawa,ONE,Nursing,Offer,95.8,2/20/2026,,,English Stream
UOttawa,ONE,Nursing,Offer,95,2/20/2026,,,"IB courses, 3000 scholarship"
UOttawa,ONE,Nursing,Offer,97.5,2/22/2026,,,3k scholarship
UOttawa,ONE,Nursing,Offer,93.9,4/4/2026,,,
UOttawa,ONE,Nursing,Offer,95,5/5/2026,,,
UOttawa,ONE,Nursing,Offer,94.5,5/5/2026,,,
UOttawa,ONE,Nursing,Offer,94.16,5/5/2026,,,
UOttawa,ONE,Nursing,Rejected,90.5,5/6/2026,,,what the actual heck
UOttawa,ONE,Nursing,Rejected,90.5,5/6/2026,,,
UOttawa,ONE,Nursing,Rejected,88.16,5/6/2026,,,
UOttawa,ONE,Nursing,Offer,95,5/7/2026,,"I completed the Personal Declaration of Experience form just in case, no clue if they looked at it",$3k scholarship
UOttawa,ONF,BScN (French),Offer,93.5,2/20/2026,,,
UOttawa,ORA,Computer Science and Mathematics,Offer,95.67,12/19/2025,,,
UOttawa,ORC,Computer Science,Offer,95,11/26/2025,,,$3000 scholarship
UOttawa,ORC,Computer Science,Offer,97.67,11/28/2025,,,3k entrance scholarship!!! hell yeah :D
UOttawa,ORC,Computer Science,Offer,94,1/13/2026,,,IB
UOttawa,OSE,Physics and Electrical Engineering,Offer,85,11/26/2025,,,
UOttawa,OSE,Physics and Electrical Engineering,Offer,95,12/28/2025,,,
UOttawa,OSE,Physics and Electrical Engineering,Offer,91,4/30/2026,,,
UOttawa,OSY,Biotechnology (Biochemistry and Chemical Engineering),Offer,87.5,11/26/2025,,,
UOttawa,OSY,Biotechnology (Biochemistry and Chemical Engineering),Offer,92.67,1/7/2026,,,
UOttawa,OTC,Commerce (Option in Accounting),Offer,94,11/25/2025,,,CO-OP + French Immersion
UOttawa,OTC,Commerce,Offer,85.34,11/25/2025,,,Admitted based on gr 11 average
UOttawa,OTC,"Commerce (Option in Accounting, co-op)",Offer,95.2,11/26/2025,,,
UOttawa,OTC,Commerce (Accounting),Offer,89.17,11/26/2025,,,
UOttawa,OTC,"Commerce (Accounting, Co-op)",Offer,85.25,12/8/2025,,,
UOttawa,OTC,Commerce (Accounting),Offer,87,1/14/2026,,,
UOttawa,OTC,Commerce (Accounting),Offer,97,4/9/2026,,,
UOttawa,OTO,Commerce,Offer,88,11/17/2025,,,
UOttawa,OTO,Commerce,Offer,98.33,11/25/2025,,,"IB student, 7 in chem and math sl. did not do optional supp app; 3k scholarship"
UOttawa,OTO,Commerce (Option in Finance),Offer,96.83,11/25/2025,,Didn't complete,"Co-op, $3k entrance scholarship. The offer was based on Grade 11 marks (95.33 average)"
UOttawa,OTO,Commerce (Option in Finance) (COOP),Offer,86,11/25/2025,,,
UOttawa,OTO,Commerce (Option in Finance) (COOP),Offer,83,11/25/2025,,,Offered on grade 11 marks
UOttawa,OTO,Commerce (Option in Finance),Offer,82,11/25/2025,,,
UOttawa,OTO,Commerce (Option in Finance),Offer,94,11/26/2025,,,
UOttawa,OTO,Commerce (Option in Finance),Offer,95.83,11/27/2025,,,scholarship
UOttawa,OTO,Commerce (Option in Finance),Offer,75,2/11/2026,,,
UOttawa,OTO,Commerce (Option in Finance),Offer,86.83,5/5/2026,,"Member of the 2025 Canadian National Kickboxing and Karate Team; Two Karate Black Belts, 13 Years of Karate Training; Medalist in 20+ International and National Competitions; Business Consulting Assistant, Decem Capital Corporation; Student Catholic Leadership Award, Selected Out of 800+ Students; 2025 University of Toronto Faculty of Law Youth Summer Program, Corporate Law Module; Top Senior Runner, Varsity Cross Country; Main Role in School Drama Play, Tin Man in Christmas in the Land of Oz; Member of the 2025 Ontario Provincial Kickboxing and Karate Team;  Information Assistant, Elections Ontario; Social Media Manager, Mable Jewelry Inc.; Raised Approximately $2,000 for Women and Children Rebuilding Safe, Independent Lives, Armagh House Fundraiser; Summer Camp Counsellor; Student Mentor; Leadership Team Representative; Chaplaincy Student Leader; Additionally Involved in 4+ School Committees and Clubs",
UOttawa,OTQ,Commerce,Offer,94,11/25/2025,,,"78% conditional, $2000 scholarship and $1000 french immersion (core french) bursary renewable for undergrad"
UOttawa,OTQ,Commerce,Offer,89,11/25/2025,,,Midterm Mark: 89 and got $3000
UOttawa,OTS,Commerce (international management),Offer,83,11/26/2025,,,
UOttawa,OTU,Commerce,Offer,93.4,11/25/2025,,,$2000 entrance scholarship
UOttawa,OTU,Commerce,Offer,92,11/26/2025,,,2k renewable
UOttawa,OTU,Commerce,Offer,90,11/26/2025,,,
UOttawa,OU,History and Political Science,Offer,96.83,12/15/2025,,,"Fast tracked G12 in G11, $3000 entrance scholarship, and guaranteed residence."
UOttawa,OUA,Philosophy and Political Science,Offer,85.16,11/25/2025,,,
UOttawa,OUC,Music and Science with Major in Biochemistry,Rejected,80,3/16/2026,,"Did a video audition 80on the piano. Im at a RCM level 8 for piano, and I played 3 level 8 songs and one level 9 song","Hope this info helps someone 🙂‍↕️ This was my top choice for uni and I got rejected 🥲 they mentioned in the rejection email that if I applied for the BA in music then they would ""consider me""... Yeah I'm not doing that."
UOttawa,OUC,Music and Science with Major in Biochemistry,Offer,95.67,3/19/2026,,Played 3 RCM Level 10 Pieces,
UOttawa,OUL,Human Kinetics,Offer,90.5,11/28/2025,,,
UOttawa,OUL,Human Kinetics,Offer,86.5,12/4/2025,,,1k scholarship
UOttawa,OUM,Biochem,Offer,92,11/26/2025,,,Grade 11 mark: 92 and Grade 12 midterms: 88.8
UOttawa,OUM,Biopharmaceutical Science,Offer,82,12/20/2025,,"I think my writing and responces were part of the reason I got in, If you dont have heaps of more pressing sups just do it, questions are easy",
UOttawa,OUN,Biomedical Science,Offer,95,11/19/2025,,,
UOttawa,OUN,Biomedical Science,Offer,98.67,11/26/2025,,,
UOttawa,OUN,Biomedical Science,Offer,97.4,11/26/2025,,,$3000 entrance scholarship
UOttawa,OUN,Biomedical Science,Offer,97.2,11/26/2025,,,Took AP AB calculus last year
UOttawa,OUN,Biomedical Science,Offer,97.17,11/26/2025,,,
UOttawa,OUN,Biomedical Science,Offer,95.8,11/26/2025,,,"$70,000 Scholarship (60k for International English Admission Scholarship, 10k for International English Academic Excellence Scholarship)"
UOttawa,OUN,Biomedical Science,Offer,95.33,11/26/2025,,,u guys got this :)          also $3k entrance scholarship
UOttawa,OUN,Biomedical Science,Offer,95,11/26/2025,,,
UOttawa,OUN,Biomedical Science,Offer,95,11/26/2025,,,$3000 entrance
UOttawa,OUN,Biomedical Science,Offer,94,11/26/2025,,,3k Scholarship
UOttawa,OUN,Biomedical Science,Offer,93,11/26/2025,,,
UOttawa,OUN,Biomedical Science,Offer,92,11/26/2025,,,
UOttawa,OUN,Biomedical Science (French Immersion Stream),Offer,92,11/26/2025,,,
UOttawa,OUN,Biomedical Science,Offer,90,11/26/2025,,,
UOttawa,OUN,Biomedical Science,Offer,88.83,11/26/2025,,,
UOttawa,OUN,Biomedical Science,Offer,95.3,11/27/2025,,,Good luck folks!
UOttawa,OUN,Biomedical Science,Offer,94,11/28/2025,,,"Early Decision based on Grade 11 marks, 4k Scholarship"
UOttawa,OUN,Biomedical Science,Offer,94,11/28/2025,,,
UOttawa,OUN,Biomedical Science,Offer,93,11/28/2025,,,
UOttawa,OUN,Biomedical Science,Offer,88,11/28/2025,,,$2k scholarship
UOttawa,OUN,Biomedical Science,Offer,89.66,12/2/2025,,,
UOttawa,OUN,Biomedical Science,Offer,93.8,1/12/2026,,U16/U18 National Jr Tennis (BC Team) and hospital volunteer,"IB Math HL, IB Chem HL, IB Phy HL, IB Eng SL"
UOttawa,OUN,Biomedical Science,Deferred,79,5/1/2026,,,Got deferred to BSc in Biochemistry instead
UOttawa,OUO,Environmental Science (co-op),Offer,91.17,11/26/2025,,,$2000 scholarship
UOttawa,OUQ,Biochemistry,Offer,98.89,11/26/2025,,,3k entrance scholarship
UOttawa,OUQ,Biochemistry: Co-op,Offer,92,11/26/2025,,,2k scholarship
UOttawa,OUQ,Biochemistry,Offer,87.5,11/26/2025,,,$1k scholarship (i also got admitted for dual degree for biochem&chem eng)
UOttawa,OUQ,Biochemistry,Offer,92.16,12/2/2025,,,
UOttawa,OUR,Biology,Offer,95.4,11/26/2025,,,
UOttawa,OUR,Biology,Offer,94.83,11/26/2025,,,Grade 12 midterm avg is ~91. Took HZT4U Grade 10 going into Grade 11 and MDM4UE Grade 11. I submitted for OKC as well but put in the wrong average (used Grade 12 marks only when they offered based on Grade 11 marks). Took AP Lang and AP Stats in Grade 11.
UOttawa,OUR,Biology,Offer,88.83,11/26/2025,,,
UOttawa,OUR,Biology,Offer,88.2,11/26/2025,,,
UOttawa,OUR,Biology,Offer,89,12/3/2025,,,
UOttawa,OUT,Financial Mathematics and Economics,Offer,86,11/26/2025,,,
UOttawa,OUT,Financial Mathematics and Economics,Offer,93.16,11/28/2025,,,
UOttawa,OUW,Mathematics,Offer,95.5,11/26/2025,,,
UOttawa,OUW,Mathematics,Offer,95,11/26/2025,,,$3000 entrance scholarship
UOttawa,OUW,Mathematics,Offer,83.67,11/26/2025,,,
UOttawa,OUX,Physics,Offer,95.67,1/13/2026,,,
UOttawa,OUX,Physics,Offer,91,4/30/2026,,,
UOttawa,OUX,Physics,Offer,81,5/28/2026,,,
UOttawa,OUY,Physics and Mathematics,Offer,93.83,11/11/2025,,,"IB 37/42 Predicted Chem HL 7, Physics HL 7, Language and Literature HL5, Math AASL 7, Language and Culture SL 5 (pilot course) Psychology SL 6 (Final)"
UOttawa,OUZ,Statistics,Offer,90,11/26/2025,,,
UOttawa,OUZ,Statistics (Co-op),Offer,94,11/28/2025,,,
UOttawa,OUZ,Statistics,Offer,83,12/2/2025,,,
UOttawa,OUZ,Statistics (french immersion) (coop),Offer,84.83,12/10/2025,,,
UOttawa,OUZ,Statistics,Offer,91.17,11/28/2025,,,"Sorry, for my Data Science Offer from U Ottawa, I recieved it on January 14th. My bad. 2 IB Courses in my Top 6: Advanced Functions (SL) and TOK"
UOttawa,OV,Communications,Offer,96,11/27/2025,,,
UOttawa,OV,Communications,Offer,86.7,12/9/2025,,,
UOttawa,OVA,English,Offer,89.5,11/25/2025,,,
UOttawa,OVC,Geography,Offer,86.5,11/18/2025,,,
UOttawa,OVC,Geography,Offer,85,11/26/2025,,,+ 2k (1k for French and 1k Entrance)
UOttawa,OVF,History,Offer,81.16,3/18/2026,,,
UOttawa,OVL,Second Language Teaching (with french immersion),Offer,89,11/26/2025,,,
UOttawa,OVY,Communication and Political Science,Offer,86.83,11/25/2025,,,1k scholarship
UOttawa,OVZ,Communication and Sociology co op,Offer,97,10/27/2025,,,
UOttawa,OVZ,Communication and Sociology,Offer,79.33,2/17/2026,,,
UOttawa,OWI,Mathematics and Computer Science (Data Science),Offer,96,11/26/2025,,,
UOttawa,OWI,Mathematics and Computer Science (Data Science),Offer,94,1/14/2026,,,
UOttawa,OWI,Mathematics and Computer Science (Data Science),Offer,91.17,1/14/2026,,MCV4U was only a 76,I had 2 IB courses in my Top 6: Advanced Functions (SL) and TOK
UOttawa,OWK,Food Sciences,Offer,91.83,11/26/2025,,,
UOttawa,OXD,Criminology,Offer,94.6,11/25/2025,,,$3000 entry scholarship
UOttawa,OXD,Criminology,Offer,85,12/10/2025,,,
UOttawa,OXD,Criminology,Offer,85.67,1/7/2026,,,$2000 entry scholarship
UOttawa,OXD,Criminology,Offer,79.5,1/13/2026,,,
UOttawa,OXD,Criminology,Offer,89.7,2/17/2026,,,
UOttawa,OXD,Crimonology,Offer,82,2/17/2026,,,
UOttawa,OXE,Economics (COOP),Offer,83,11/25/2025,,,Offered on grade 11 marks
UOttawa,OXE,Economics (BA),Offer,83,11/26/2025,,,
UOttawa,OXE,Economics,Offer,93,11/27/2025,,,IB Diploma student
UOttawa,OXG,Environmental Economics and Public Policy,Offer,96,11/9/2025,,,
UOttawa,OXL,Political Science (Coop),Offer,96,11/23/2025,,,
UOttawa,OXL,Political Science (Coop),Offer,96.5,11/25/2025,,,
UOttawa,OXL,Political Science,Offer,93.5,11/25/2025,,,
UOttawa,OXL,Political Science,Offer,90.6,11/25/2025,,,With a $2000 entrance scholarship
UOttawa,OXL,Political Science,Offer,89,11/26/2025,,,
UOttawa,OXL,Political Science (Coop),Offer,91.67,1/7/2026,,,
UOttawa,OXL,Political Science,Offer,85.67,1/7/2026,,,$2000 entry scholarship
UOttawa,OXL,Political Science (Coop),Offer,93,1/14/2026,,,1000 entrance scholarship
UOttawa,OXL,Political Science,Offer,87,1/16/2026,,,
UOttawa,OXL,Political Science,Offer,81.16,3/18/2026,,,
UOttawa,OXM,BA Psychology,Offer,95.8,11/25/2025,,,"International, got 70K scholarship"
UOttawa,OXM,BA Psychology,Offer,90,11/26/2025,,,
UOttawa,OXM,BA Psychology,Offer,89,12/19/2025,,,"AP Psych, $1000 scholarship"
UOttawa,OXM,BA Psychology,Offer,77,5/5/2026,,,
UOttawa,OXN,BSc Psychology,Offer,91,11/25/2025,,,
UOttawa,OXN,BSc Psychology,Offer,91.83,11/26/2025,,,
UOttawa,OXO,Public Administration,Offer,94,11/25/2025,,,
UOttawa,OXQ,"Sociology, French Immersion stream",Offer,98.83,11/26/2025,,,Doing AP French language and culture exam in the spring
UOttawa,OXQ,Sociology,Offer,80,1/22/2026,,,
UOttawa,OXS,"Communication + Political Science, Co Op",Offer,96.25,11/25/2025,,,"Early offers use either 5 3U/3M courses or a mix of 4U/4M midterms and 3U/3M courses, not sure what it would have been for me since my midterm was uploaded yesterday"
UOttawa,OXV,Economics and Political Science,Offer,95,11/25/2025,,,"Awarded $3,000 admission scholarship + $1,000 renewable scholarship for the French Immersion Stream"
UOttawa,OXV,Economics and Political Science,Offer,91.5,11/25/2025,,,
UOttawa,OXY,Philosophy and Political Science,Offer,94.44,11/25/2025,,,
UOttawa,OXY,Philosophy and Political Science,Offer,94.44,11/25/2025,,,
UOttawa,OXZ,Public Administration and Political Science,Offer,96.2,11/25/2025,,,
UOttawa,OXZ,Public Administration and Political Science,Offer,94,11/25/2025,,,
UOttawa,OXZ,Public Administration and Political Science,Offer,80.6,11/26/2025,,,
UOttawa,OXZ,Public Administration and Political Science,Offer,84,1/8/2026,,,
UOttawa,OZP,Sciences biomédicales,Offer,96.17,11/26/2025,,,"6th option on ouac, 3k entrance scholarship + 1k per year (for french), francophone school, good luck :)"
UOttawa,OZP,Biomedical Science,Offer,91,11/26/2025,,,
UOttawa,QEC,Direct Entry Computer Engineering,Rejected,90.6,5/13/2026,,,Shocked to get rejected considering people with lower marks got in and earlier at that.
UTM,TAH,Social Sciences (Economics),Offer,87.16,1/27/2026,,,
UTM,TEV,Visual Studies,Offer,95.8,1/27/2026,,,
UTM,TEV,Visual Studies,Offer,93.33,1/27/2026,,,
UTM,TME,Commerce,Offer,94.3,1/27/2026,,,"$3,000 scholarship"
UTM,TME,Commerce,Offer,94,1/27/2026,,,
UTM,TME,Commerce,Offer,93.67,1/27/2026,,,2000 scholarship
UTM,TME,Commerce,Offer,93.2,1/27/2026,,,
UTM,TME,Commerce,Offer,90.4,1/27/2026,,,Had calc and eng4u in my first semester
UTM,TME,"Commerce (Including Accounting, Economics, Finance, Marketing)",Offer,90,1/27/2026,,,
UTM,TME,Commerce,Offer,89.67,1/27/2026,,,
UTM,TME,"Commerce (including Accounting, Finance, Marketing)",Offer,87,1/27/2026,,,
UTM,TME,Commerce,Offer,89.83,2/24/2026,,,
UTM,TME,Commerce,Offer,88,3/17/2026,,,
UTM,TMG,Management,Offer,96.5,1/27/2026,,$3000 scholarship,
UTM,TMG,Management,Offer,94,1/27/2026,,,
UTM,TMG,Management,Offer,92.5,1/27/2026,,,
UTM,TMG,Management,Offer,94.67,3/18/2026,,,
UTM,TMG,Management BBA,Offer,88.67,5/22/2026,,,
UTM,TMG,Management,Offer,83.5,5/22/2026,,,
UTM,TMH,Humanities (Classical Civilization),Offer,94.5,1/27/2026,,,
UTM,TMH,"Ethics, Law & Society",Offer,84,1/28/2026,,,
UTM,TMK,Forensic Science,Offer,96.33,1/27/2026,,,"IB (HL Math AA, HL English Lit, HL Chemistry, SL Physics, SL Economics, SL French B)"
UTM,TMK,Forensic Science,Offer,95.5,1/27/2026,,,
UTM,TMK,Forensic Science,Offer,91.33,1/27/2026,,,
UTM,TMK,Forensic Science,Offer,91,1/27/2026,,,
UTM,TMK,Forensic Science,Offer,85,1/27/2026,,,
UTM,TMK,Forensic Science,Offer,89,,,,
UTM,TML,Life Sciences,Offer,97.6,1/27/2026,,,
UTM,TML,Life Sciences,Offer,96.5,1/27/2026,,,
UTM,TML,Life Sciences,Offer,95.16,1/27/2026,,,
UTM,TML,Life Sciences,Offer,95,1/27/2026,,,
UTM,TML,Life Sciences,Offer,94,1/27/2026,,,
UTM,TML,Life Sciences,Offer,94,1/27/2026,,,
UTM,TML,Life Sciences,Offer,94,1/27/2026,,,
UTM,TML,Life Sciences,Offer,93.5,1/27/2026,,,$3000 Entrance Scholarship
UTM,TML,Life Sciences,Offer,93,1/27/2026,,,$3000 scholarship
UTM,TML,Life Sciences,Offer,92.67,1/27/2026,,,
UTM,TML,Life Sciences,Offer,92.16,1/27/2026,,,IB Student!
UTM,TML,Life Sciences,Offer,91.6,1/27/2026,,,
UTM,TML,Life Sciences,Offer,91,1/27/2026,,,"IB, goodluck to everyone <3"
UTM,TML,Life Sciences,Offer,89,1/27/2026,,,"thought i wasnt gonna get in lol, you guys got this!!"
UTM,TML,Life Sciences,Offer,87,1/27/2026,,,
UTM,TML,Life Sciences (Biotechnology),Offer,88,1/28/2026,,,
UTM,TML,Life Sciences,Offer,86.33,1/30/2026,,,"zilch nothing but grades. Because this offer came on the day of my last exam for sem 1, im guessing they used my midterms and i took chemistry last year (grade 12) and advanced funcions, so they probably used that aswell."
UTM,TML,Life Sciences,Offer,96.5,2/24/2026,,,
UTM,TML,Life Sciences,Offer,92,2/24/2026,,,
UTM,TML,Life Sciences (Molecular Biology),Offer,86,2/24/2026,,,"Must maintain ""a final overall average of at least 78%, including a final mark of at least 70% in English (ENG4U or equivalent) and 70% in each additional prerequisite subject by June 30, 2026."""
UTM,TML,Life Sciences (Biology for Health Science),Offer,93.5,2/25/2026,,,
UTM,TML,Life Sciences,Offer,95,3/19/2026,,,
UTM,TML,Life Sciences,Offer,95.37,1/27/2026,,,
UTM,TMP,Psychological and Brain Sciences,Offer,96.3,1/7/2026,,,
UTM,TMP,Psychological and Brain Sciences,Offer,92.8,1/27/2026,,,
UTM,TMP,Psychological and Brain Sciences,Offer,92.67,1/27/2026,,,
UTM,TMP,Psychological and Brain Sciences,Offer,92,1/27/2026,,,
UTM,TMP,Psychological and Brain Sciences,Offer,83.2,2/24/2026,,,
UTM,TMP,Psychological and Brain Sciences,Offer,93.5,3/18/2026,,,
UTM,TMS,Social Sciences,Offer,93.5,1/27/2026,,,
UTM,TMS,Social Sciences (Political Science),Offer,93.5,1/27/2026,,,
UTM,TMS,"Social Sciences (Criminology, Law & Society)",Offer,90,1/27/2026,,,$2K Scholarship
UTM,TMS,Social Sciences (Political Science),Offer,86,1/27/2026,,,
UTM,TMS,"Social Sciences (Criminology, Law & Society)",Offer,84,2/24/2026,,,
UTM,TMW,Chemical and Physical Sciences,Offer,94,1/27/2026,,,
UTM,TMW,Chemical and Physical Sciences,Offer,94,1/27/2026,,,
UTM,TMW,Chemical and Physical Sciences,Offer,86.7,1/27/2026,,,
UTM,TMW,Chemical and Physical Sciences,Offer,86.17,1/27/2026,,,
UTM,TMW,Chemical and Physical Sciences,Offer,93.17,2/24/2026,,,
UTM,TMX,Computer Science,Offer,99.67,1/27/2026,,Mostly game dev and FRC,University of Toronto Scholar and University of Toronto Mississauga (UTM) Entrance Award
UTM,TMX,Computer Science,Offer,98,1/27/2026,,"Talked about personal projects, and tutoring mainly",
UTM,TMX,Computer Science,Offer,97.67,1/27/2026,,"hackathons, web development bootcamp, and selfstudying",university of toronto scholar (10k) and UTM entrance award (3k)
UTM,TMX,Computer Science,Offer,97.33,1/27/2026,,"No ecs for comp sci, just expressed interest in math",
UTM,TMX,Computer Science,Offer,96,1/27/2026,,Grades are king,You got this!
UTM,TMX,Computer Science,Offer,94.83,1/27/2026,,"french immersion, volunteered at McMaster engineering, FRC team, data science certifications, some game development projects",got $3000 scholarship
UTM,TMX,Computer Science,Offer,94.83,1/27/2026,,"SWE Internship, Robotics, Clubs, etc.",
UTM,TMX,Computer Science,Offer,94,1/27/2026,,,
UTM,TMX,Computer Science,Offer,92.33,1/27/2026,,Mostly mentioned small hobby projects and how joining coding club sparked my intrest in cs.,
UTM,TMX,Computer Science,Offer,91.5,1/27/2026,,"robotics club, coding club, arduino mini projects, cad software practice",
UTM,TMX,Computer Science (Information Security Specialist),Offer,94,1/28/2026,,"roblox dev, hackathon winner, cybersec intern",full IB course load
UTM,TMX,Computer Science,Offer,96,2/24/2026,,"Co-Head of FIRST and VEX Robotics teams, 3 Jobs, MMA , Passion Project, Basketball, baseball, Cycling, Volunteer Tutor, Student Ambassador, UofT and Waterloo and MIT Summer programs, Cricket Team Captain, Math Team, Silver Duke of Ed award",Dont worry about 11 for this program tbh I had high 80s in 11 but high 90s in 12 and I got in the earlier rounds. God Bless
UTM,TMX,Computer Science,Offer,93,2/24/2026,,250k+ View tech focused youtube channel; FRC Robotics Programming Lead & Coordinator; Badminton Player,3000$ Scholarship; Guaranteed Residence
UTM,TMX,Computer Science,Offer,96.5,2/27/2026,,,
UTM,TMX,Computer Science,Offer,94.83,3/18/2026,,"Research project with students from the University of Toronto and McMaster University. President of the Robotics Club and Chess Club. CS50, CISCO, and other certifications. Volunteered at a coding school. Attended lectures at the University of Toronto, wrote CSMC and CCC (didn't say results)",
UTM,TMX,Computer Science,Deferred,85,4/14/2026,,,Deferred to TMZ: Mathematical & Computational Sciences.
UTM,TMX,Computer Science,Deferred,97.42,4/15/2026,,"I wrote about 959 words, I talked about game design experience, a programming co-op I did that had a conference in Toronto, some certifications I did, programming/engineering clubs and competitions I had done, and hackathons.",I got deferred to Mathematical and Computational Sciences
UTM,TMX,Computer Science,Deferred,90,5/13/2026,,"Made a small company, worked coop at tech company, mvp for soccer team, centrals javelin","Chem and physics online, deferred to math and computational sciences"
UTM,TMZ,Mathematical & Computational Sciences,Offer,96.83,1/27/2026,,,"I did adv functions and calculus in gr11 (100 and 99 in each respectively), my midterm was 91 ENG4U, 95 EWC4U, 99 MDM4U, and I had no other science first semester but had a 97 in gr11 chemistry."
UTM,TMZ,Mathematical & Computational Sciences,Offer,96.33,1/27/2026,,,
UTM,TMZ,Mathematical & Computational Sciences,Offer,95.83,1/27/2026,,,Full IB
UTM,TMZ,Mathematical & Computational Sciences,Offer,95.75,1/27/2026,,,
UTM,TMZ,Mathematical & Computational Sciences,Offer,95,1/27/2026,,,94-96
UTM,TMZ,Mathematical & Computational Sciences,Offer,92.33,1/27/2026,,,
UTM,TMZ,Mathematical & Computational Sciences,Offer,91.17,1/27/2026,,,2 IB Courses in my Top 6: Advanced Functions (SL) and TOK
UTM,TMZ,Mathematical & Computational Sciences,Offer,97,2/2/2026,,,
UTM,,Computer Science (CMP1 Admission),Offer,A*A*AB Predicted A Level Grades,3/19/2026,,"MC Server which earned 100k, relevant GitHub projects, lead of schools STEM Society which holds a national olympiad with 500+ delegates",Good luck kids
UTSc,TCL,Health Sciences (Co-Op),Offer,95.33,1/27/2026,,,
UTSc,TCL,Life Sciences (Health Sciences Stream) Co-Op,Offer,91,1/27/2026,,,
UTSc,TLA,Computer Science,Deferred,94.8,4/14/2026,,,"Deferred to Mathematics Co-op with $1,500 entrance scholarship"
UTSc,TPS,Psychology & Health Studies,Offer,96.33,1/27/2026,,,
UTSc,TPS,Psychology & Health Studies (co-op and regular),Offer,96,1/30/2026,,,"2,000 per year in scholarships"
UTSc,TPS,Psychology & Health Studies,Offer,83.6,2/4/2026,,,
UTSc,TSI,Paramedicine (Joint Program with Centennial College),Offer,94,2/24/2026,,"Talked about how I play soccer for physical competence and have volunteered in medical settings --- hospital, clinic, eye clinic",
UTSc,TSI,Paramedicine (Joint Program with Centennial College),Offer,91.16,5/22/2026,,Was working part-time (not med related) and worked pharmacy co-op the previous year,2k entrance scholarship
UTSc,TSI,Paramedicine,Offer,87.33,5/22/2026,,"1. job experience was me working at an after school program for disabled kids for the past 1-2 years, did co op over the summer at a hospital and called it an internship 2. volunteer experience included working at a food bank for two years, an animal foster organization, and a bit over 400 volunteer hours at the time of application 3. part of the green team, vp of hosa at my school 4. had a lot of certifications, like cpr, first aid, opiod harm reduction, wilderness first aid","dont use ai for the supp app because they can totally tell, and ur marks dont matter after the cutoff as long as u have a good supp app. good luck!!"
UTSc,TSL,Life Sciences,Offer,95.83,1/27/2026,,,
UTSc,TSL,Life Sciences,Offer,95,1/27/2026,,,
UTSc,TSL,Life Sciences,Offer,94.3,1/27/2026,,,
UTSc,TSL,Life Sciences,Offer,92,1/27/2026,,,
UTSc,TSL,Life Sciences (Co-op and Regular),Offer,91.6,1/27/2026,,,
UTSc,TSL,Life Sciences (Co-op and Regular),Offer,90.16,1/27/2026,,,
UTSc,TSL,Life Sciences,Offer,90,1/27/2026,,,
UTSc,TSL,Life Sciences (Biology),Offer,87.83,1/27/2026,,,
UTSc,TSL,Life Sciences,Offer,87.7,2/24/2026,,,
UTSc,TSL,Life Sciences (Co-op),Offer,92.5,3/5/2026,,,
UTSc,TSL,Life Sciences (Co-op),Offer,81.6,4/14/2026,,,
UTSc,TSL,Life Sciences (Co-op and Regular),Offer,90.5,5/22/2026,,,
UTSc,TSM,Management (BBA),Offer,97.33,1/27/2026,,"Baseball Team, Yearbook Committee, DECA, Volunteer Club, Volunteering at TPL, JA",
UTSc,TSM,Management and Accounting (BBA),Offer,96.67,1/27/2026,,"DECA Accounting Application Series (ACT) competitor (couldn't mention ICDC qualification since Provincials was in February, mentioned Provincials qualification + Regionals awards); Editor-in-Chief of school paper for three years; Seasonal Coordinator of a philanthropic volunteering school council for a year; a few smaller school extracurriculars that i've done for many years, showed dedication","had 3 courses (ENG4U / MHF4U / BAF4M) in semester 1 so no MCV4U mark yet, but my top 3 grade 11 marks were all 98% ^^; entrance scholarship: $3000, renewable for 3 additional years (GPA 3.70+); also, even if you already have an offer, keep working hard !! high grades can still get you some nice scholarships; feel free to reach out to me on discord (@alinue) 🌷"
UTSc,TSM,Management (BBA),Offer,96,1/27/2026,,Try to be authentic and human with ur answers i guess,
UTSc,TSM,Management (BBA),Offer,95,1/27/2026,,"Intern + Co-op at a law firm, City of markham employee, Student Council",
UTSc,TSM,Management and Accounting (co-op),Offer,94.83,1/27/2026,,"- 2 years summer counselor, accounting co-op, non profit ngo",
UTSc,TSM,Management (BBA),Offer,94.3,1/27/2026,,"Volunteer, basketball and co-op","$2,000 scholarship"
UTSc,TSM,Management and Finance (BBA),Offer,94,1/27/2026,,Business SHSM w/ Co-op; volunteering 150+ hrs,Be earnest in your supp apps!!!
UTSc,TSM,Management (BBA) (co-op),Deferred,90,2/24/2026,,,deferred to Social Sciences & Humanities (regular)
UTSc,TSM,Management and Accounting + Master of Accounting and Finance - Combined Degree Path,Offer,96,2/24/2026,,"101 vol hours, co-founder/president of newspaper club and yearbook club, part time job for 4.5 years",
UTSc,TSM,Management (BBA) (co-op),Offer,96,2/24/2026,,,
UTSc,TSM,Management (BBA) (co-op),Offer,94,2/24/2026,,"school magazine editor, founded a magazine, volunteered in 8+ orgs",
UTSc,TSM,Management (BBA) (co-op),Offer,94,2/24/2026,,,
UTSc,TSM,Management (BBA) (co-op and regular),Offer,93.5,2/24/2026,,"Studco, 100 hours community service, charity event organizer, guest speaker for government event, etc.",
UTSc,TSM,Management (BBA),Offer,92.67,2/24/2026,,,1500 scholarship
UTSc,TSM,Management (BBA),Offer,91,2/24/2026,,"three languages, work and volunteer experience. also some minor awards.",good luck !! you got this <3
UTSc,TSM,Management (BBA) (co-op),Offer,88,2/24/2026,,"Nationally certified ski Instructor for 3 years, President of school committee, President of community FBLC chapter, Canadian Blood Services Volunteer, French Tutor",
UTSc,TSM,Management and Accounting (Co-op) + Master’s in Accounting and Finance,Offer,86.27,2/24/2026,,"Yearbook Club, Accounting Co-op, Working at CNE",1k entrance scholarship
UTSc,TSM,Management (BBA) (co-op and regular),Offer,95,3/18/2026,,"Robotics, Apart of school clubs",
UTSc,TSM,Management (BBA) (co-op),Offer,94.5,3/18/2026,,,
UTSc,TSM,Management (BBA) (co-op),Offer,94,3/18/2026,,,
UTSc,TSM,Management (BBA) (co-op),Offer,87,3/18/2026,,"worked in a restaurant, volunteer tutor, classroom assistant",
UTSc,TSP,Physical and Environmental Sciences,Offer,90,1/21/2026,,,
UTSc,TSP,Physical and Environmental Sciences,Offer,80,3/17/2026,,,
UTSc,TSP,Physical and Environmental Sciences Co-op,Offer,89.93,3/18/2026,,,
UTSc,TUC,"Visual and Performing Arts, Arts Management and Media",Offer,94,1/27/2026,,,
UTSc,TUC,Visual and Performing Arts,Offer,95.5,2/24/2026,,,
UTSc,TUC,Visual and Performing Arts,Offer,91,2/24/2026,,,$1000 entrance scholarship
UTSc,TUD,Social Sciences & Humanities,Offer,91.67,1/27/2026,,,
UTSc,TUD,Social Sciences & Humanities,Offer,88.67,1/27/2026,,,
UTSc,TUD,Political Science coop,Offer,86,1/27/2026,,,
UTSc,TXC,Computer Science (Co-op),Offer,98.5,2/24/2026,,AP calc BC 5,UofT scholar (1w scholarship)
UTSc,TXC,Computer Science (Co-op),Offer,98.5,2/24/2026,,,uoft scholar ( 10k scholarship)
UTSc,TXC,Computer Science (Co-op),Offer,95,2/28/2026,,Very strong essays; worked here previously.,12k scholarship total. Did IB but dropped 2nd sem gr. 12.
UTSc,TXC,Computer Science (Co-op),Offer,98.67,3/18/2026,,,"President’s Scholars of Excellence (top 150 students), $15k scholarship"
UTSc,TXC,Computer Science,Offer,96.67,3/18/2026,,,
UTSc,TXC,Computer Science (Co-op),Offer,99.67,4/14/2026,,,Scholarships: 10k + 3k renewable
UTSc,TXC,Computer Science (Co-op and Regular),Offer,96.5,4/14/2026,,,
UTSc,TXC,Computer Science (Co-op),Offer,96.5,4/14/2026,,,"3k scholarship. SHSM (incomplete according to OUAC). Full IB, predicted 42/45."
UTSc,TXC,Computer Science (Co-op),Offer,95.8,4/14/2026,,,
UTSc,TXC,Computer Science (Co-op and Regular),Deferred,89,5/21/2026,,"School tech club executive, Waterloo CIMS & Fermat contest distinction (top 25%).",Deferred to Co-op Mathematics
UTSc,TXC,Computer Science (Co-op),Deferred,90.33,5/22/2026,,,Deferred to Co-op Physical and Environmental Sciences. I did no supp apps. I got an 83 in physics and an 88 in functions.
UTSc,TXC,Computer Science (Co-op),Offer,98.67,5/22/2026,,,"Got 15k entrance scholarship, 3k each year after the first year"
UTSc,TXC,Computer Science (Co-op),Offer,96.67,5/22/2026,,,Uoft scholar award. 10k + 3k renewable
UTSc,TXC,Computer Science (Co-op and Regular),Offer,96.2,5/22/2026,,,"$3000 scholarship, renewable"
UTSc,TXD,Life Sciences (Health Sciences Stream) (Human Biology (co-op optional)),Offer,98.13,1/27/2026,,,15k scholershippington - psep
UTSc,TXD,Life Sciences (Health Sciences Stream),Offer,96,1/27/2026,,,
UTSc,TXD,Life Sciences (Health Sciences Stream) (Human Biology (co-op optional)),Offer,95.5,1/27/2026,,,10k scholarshippington
UTSc,TXD,Life Sciences (Health Sciences Stream) (co-op),Offer,94.17,1/27/2026,,,
UTSc,TXD,Life Sciences (Health Sciences Stream) (co-op and regular),Offer,94,1/27/2026,,,
UTSc,TXD,Life Sciences (Health Sciences Stream) (co-op and regular)(Human Biology (co-op optional)),Offer,94,1/27/2026,,,"$3k admission scholarship, renewable with 3.7 GPA all 4 years"
UTSc,TXD,Life Sciences (Health Sciences Stream),Offer,93.5,1/27/2026,,,
UTSc,TXD,Life Sciences (Health Sciences Stream) (co-op and regular),Offer,93,1/27/2026,,,
UTSc,TXD,Life Sciences (Health Sciences Stream),Offer,92.67,1/27/2026,,,
UTSc,TXD,Life Sciences (co-op),Offer,91.3,1/27/2026,,,"IB student, goodluck to everyone <3"
UTSc,TXD,Life Sciences (Health Sciences Stream),Offer,89.83,1/27/2026,,,
UTSc,TXD,"Life Sciences (Health Sciences Stream) (Molecular Bio, Immunology and disease) (coop)",Offer,94.67,2/2/2026,,,
UTSc,TXD,Life Sciences (Health Science Stream),Offer,94.75,2/24/2026,,,
UTSc,TXD,Life Sciences (Health Sciences Stream) (co-op and regular),Offer,91.67,2/24/2026,,,
UTSc,TXD,Life Sciences (Health Sciences Stream) (co-op),Offer,90.67,2/24/2026,,,"75% conditional, $1500 Scholarship"
UTSc,TXD,Life Sciences (Health Sciences Stream) (co-op),Offer,90.12,2/24/2026,,,
UTSc,TXD,Life Sciences (Health Science Stream),Offer,87.67,2/24/2026,,,
UTSc,TXD,Life Sciences (Health Sciences Stream) (co-op and regular),Offer,93.5,3/17/2026,,,"Full IB Diploma student with strong academic performance (predicted scores up to 7).; Actively involved in multiple extracurriculars demonstrating leadership, initiative, and strong time management while contributing to my school and community."
UTSc,TXD,Life Sciences (Health Sciences Stream) (co-op and regular),Offer,91.8,4/14/2026,,,
UTSc,TXD,Life Sciences (Health Sciences Stream),Offer,90.83,5/22/2026,,,"IB, $1000 scholarship"
UTSc,TXD,Life Sciences (Health Stream),Offer,90,5/22/2026,,,
UTSc,TXD,Life Sciences,Offer,85.47,5/22/2026,,,"Got alternate offer to non-coop program, 75% final average for conditional, $1000 entrance scholarship"
UTSc,TXD,Life Sciences (Health Sciences Stream) (co-op),Offer,91,,,,
UTSc,TXF,Psychology & Health Studies (Health Science Stream),Offer,93.8,1/27/2026,,,
UTSc,TXF,Psychology & Health Studies (Health Science Stream),Offer,93.33,1/27/2026,,,
UTSc,TXF,Psychology & Health Studies (Health Science Stream),Offer,92,1/27/2026,,,
UTSc,TXQ,BBA (Management & Finance) and BSc (Statistics - Quantitative Finance) (co-op and regular),Offer,95,1/27/2026,,,
UTSc,TXQ,BBA (Management & Finance) and BSc (Statistics - Quantitative Finance) (co-op and regular),Offer,95,1/27/2026,,,
UTSc,TXQ,BBA (Management & Finance) and BSc (Statistics - Quantitative Finance) (co-op and regular),Offer,94,1/27/2026,,,
UTSc,TXQ,BBA (Management & Finance) and BSc (Statistics - Quantitative Finance) (co-op and regular),Offer,93.2,1/27/2026,,ski instructor and internship experience,
UTSc,TXQ,BBA (Management & Finance) and BSc (Statistics - Quantitative Finance) (co-op and regular),Offer,93,2/24/2026,,,
UTSc,TXQ,BBA (Management & Finance) and BSc (Statistics - Quantitative Finance) (co-op and regular),Deferred,92.5,4/14/2026,,"Represented Canada Twice in Canada Internationally for Chess; Top 10 at the 2024 FIDE World School Chess Championships; National Master at Chess; Piano ARCT Diploma; Founder/Owner of Community Chess Club raising over $10,000 to organizations like CHEO, Alzheimer's Society of Canada etc.",2 IB Courses in Top 6: Advanced Functions (SL) and TOK
UTSc,TXQ,BBA (Management & Finance) and BSc (Statistics - Quantitative Finance) (co-op and regular),Waitlisted,95,5/22/2026,,"assistant teacher, non profit orphan manager, co-op with municipality",alternate offer: co-op stats
UTSc,TXS,Mathematics,Offer,97,1/27/2026,,,
UTSc,TXS,Mathematics (co-op),Offer,90.83,1/27/2026,,,
UTSc,TXS,Mathematics (co-op),Offer,95.33,2/24/2026,,,
UTSc,TXS,Mathematics (co-op),Offer,91,2/24/2026,,,
UTSc,TXU,Statistics (Co-op),Offer,92,1/27/2026,,,
UTSc,TXU,Statistics (Co-op),Offer,92,1/27/2026,,,+2k scholarship
UTSc,TXU,Statistics (Co-op),Offer,89,2/24/2026,,,group a but international student
UTSc,TXU,Statistics (Co-op),Offer,92.18,3/18/2026,,,
UTSc,TXU,Statistics (Co-op),Offer,95,5/22/2026,,,
Waterloo,EW,Health Sciences,Deferred,89.83,5/14/2026,,,Deferred to Life Science
Waterloo,WA,"Arts, Co-op",Offer,95.8,12/4/2025,,,
Waterloo,WA,"Arts, Psychology (co-op optional)",Offer,94,12/4/2025,,,
Waterloo,WA,Arts,Offer,93.17,12/4/2025,,,
Waterloo,WA,"Arts, Legal Studies",Offer,91,12/4/2025,,,
Waterloo,WA,"Arts, Co-op",Offer,90.83,12/4/2025,,,
Waterloo,WA,"Arts, Communications Arts & Design Co-op",Offer,90.5,12/4/2025,,,
Waterloo,WA,"Arts, Legal Studies",Offer,90.33,12/4/2025,,,
Waterloo,WA,"Arts, Co-op",Offer,,12/9/2025,,,"Political Science-98, Western and World History-94, Religious Education-93, International Business-90, English-83"
Waterloo,WA,"Arts, Economics (co-op)",Offer,90.17,2/3/2026,,,
Waterloo,WA,Arts,Offer,87,2/3/2026,,,
Waterloo,WA,Arts,Offer,86,2/3/2026,,,
Waterloo,WA,"Arts, Legal Studies",Offer,87.2,5/6/2026,,,
Waterloo,WA,Political Science,Offer,86,5/6/2026,,,
Waterloo,WAB,Arts and Business Co-op,Offer,92,12/4/2025,,,
Waterloo,WAB,Arts and Business,Offer,88.16,12/4/2025,,,
Waterloo,WAB,Arts and Business,Offer,92,12/5/2025,,,
Waterloo,WAB,Arts and Business,Offer,85.67,2/27/2026,,,
Waterloo,WAB,Arts and Business,Offer,87,5/6/2026,,,surprised I didn't get in earlier
Waterloo,WBA,"Business Administration (Laurier) & Mathematics (uWaterloo) Double Degree, Co-op",Offer,96.33,3/19/2026,,AIF aimed for engineering and mathematics,瞎报的
Waterloo,WBA,"Business Administration (Laurier) & Mathematics (uWaterloo) Double Degree, Co-op",Offer,96.33,3/19/2026,,"DECA Awards, Statistics Projects, Part Time Jobs, Relevant Coursework (APs)",
Waterloo,WBA,"Business Administration (Laurier) & Mathematics (uWaterloo) Double Degree, Co-op",Offer,88.33,3/19/2026,,"ICDC 2x, couple big hackathon wins, high CSMC score","Did IB and had to do advanced function in grade 11, didn't care about school at the time and didn't know it mattered for uni until I got like a 60 and then realized i'm cooked, thats why my average was so low, no idea how I got in. IB isn't too hard so do it ifyw but be smart about what courses you pick haha."
Waterloo,WBA,"Business Administration (Laurier) & Mathematics (uWaterloo) Double Degree, Co-op",Offer,97.3,3/20/2026,,,
Waterloo,WBA,"Business Administration (Laurier) & Mathematics (uWaterloo) Double Degree, Co-op",Deferred,92,5/6/2026,,,
Waterloo,WBA,"Business Administration (Laurier) & Mathematics (uWaterloo) Double Degree, Co-op",Deferred,95.33,5/8/2026,,"AIF was tailored towards engineering, unrelated to math or bba 💀💀. Good ECs: ICDC 2x w awards, club exec roles, sports, did good on a non-waterloo math contest. Euclid and CSMC were buns tho.","Deferred to honours math/FARM, co-op."
Waterloo,WBA,"Business Administration (Laurier) & Mathematics (uWaterloo) Double Degree, Co-op",Deferred,93.67,5/8/2026,,,Got deferred to math/FARM
Waterloo,WBA,"Business Administration (Laurier) & Mathematics (uWaterloo) Double Degree, Co-op",Deferred,92.67,5/8/2026,,Targeted towards EE Robotics Ecar job sports tutoring volunteering ect,Alternative offer to farm
Waterloo,WBA,"Business Administration (Laurier) & Mathematics (uWaterloo) Double Degree, Co-op",Offer,98.7,5/8/2026,,"Student Council president, DECA, Provincial Badminton, badminton coach",
Waterloo,WBA,"Business Administration (Laurier) & Mathematics (uWaterloo) Double Degree, Co-op",Offer,97.5,5/8/2026,,"CSMC Distinction. Euclid (did shit).  Russian School of Math (Grade 7–12).Professional: Co-op @ CFA Society Toronto; designed high school financial outreach, content creation, and peer market research. Leadership: Founder/President of DECA chapter; Math Club; Asian Student Alliance. Community/Teaching: Piano teacher, played piano since age 3 (RCM Lvl 9, started teaching in Gr 10); Peer Math Tutor (Gr 11-12); focused on STEM accessibility and communication.","good luck guys, you got this :)"
Waterloo,WBA,"Business Administration (Laurier) & Mathematics (uWaterloo) Double Degree, Co-op",Offer,97,5/8/2026,,"led a hackathon, icdc, 3x cimc/csmc school champion + couple other math awards",
Waterloo,WBA,"Business Administration (Laurier) & Mathematics (uWaterloo) Double Degree, Co-op",Offer,96.33,5/8/2026,,"Model UN, Co-founded Stock Market Club at School, Qualified for DECA provs, nothing crazy",
Waterloo,WBA,"Business Administration (Laurier) & Mathematics (uWaterloo) Double Degree, Co-op",Offer,95.67,5/8/2026,,,
Waterloo,WBA,"Business Administration (Laurier) & Mathematics (uWaterloo) Double Degree, Co-op",Offer,95.67,5/8/2026,,,
Waterloo,WBA,"Business Administration (Laurier) & Mathematics (uWaterloo) Double Degree, Co-op",Offer,94,5/8/2026,,"(AIF was same as my one for mgmt eng) Student council PM, DECA VP, MUN VP, Robotics Club Re‑founder & Senior Lead, president of another small club, starter on both the school basketball and volleyball teams, summer job, another job as a business assistant for my relatives’ wedding company, job shadowing and volunteering at relevant companies, plus a few smaller things like club memberships and personal projects.","if you have any questions, feel free to reach out to me at disc: Ashqr (I dont use much) insta: Asharxsidd"
Waterloo,WBA,"Business Administration (Laurier) & Mathematics (uWaterloo) Double Degree, Co-op",Offer,93.33,5/8/2026,,"Represented Canada Twice in Canada Internationally for Chess; Top 10 at the 2024 FIDE World School Chess Championships; National Master at Chess; Piano ARCT Diploma; Founder/Owner of Community Chess Club raising over $10,000 to organizations like CHEO, Alzheimer's Society of Canada etc.",2 IB Courses in Top 6: Advanced Functions (SL) and TOK. MCV4U Mark is only 86.
Waterloo,WBA,"Business Administration (Laurier) & Mathematics (uWaterloo) Double Degree, Co-op",Offer,88.33,5/8/2026,,"Founded non-profit, built a school in an African refugee camp, founded multiple student organizations and initiatives, founded a startup, competed in DECA Provincials, hackathons, Skills Ontario Web Development, math contests, VEX Robotics, coding, school robotics exec",
Waterloo,WBA,"Business Administration (Laurier) & Mathematics (uWaterloo) Double Degree, Co-op",Deferred,95,5/11/2026,,"Lifeguard for 2 years straight, ski coach for 2 years, junior achievement company program, deca provincials, cpa student ambassador.","I got deferred to FARM. Not too sad about it though because I got accepted to the same program through the Laurier campus, applying through Laurier is definitely easier, I would recommend applying through both to raise your chances."
Waterloo,WBC,Business Administration (Laurier) and Computer Science (Waterloo) Double Degree,Offer,98,3/19/2026,,DECA president & exec; Model UN president; Band club founder,"NO comp sci experience whatsoever, I think my school's avg are boosted(?) just focused on marks"
Waterloo,WBC,Business Administration (Laurier) and Computer Science (Waterloo) Double Degree,Offer,97.83,3/19/2026,,"played piano since i was 6, restructured school's coding club as president, organized technovation girls event, went to hackathons and built a ton of music related projects + talked about passion project, other ecs: music leadership team that basically runs the entire music department & has debatably more influence than stuco, a ton of bands, bouldering captain, built website for an npo",IB; had all 6 courses finished
Waterloo,WBC,Business Administration (Laurier) and Computer Science (Waterloo) Double Degree,Offer,96.17,3/19/2026,,"Won Hack The North, Waterloo EV Challenge, built startups with real users.",
Waterloo,WBC,Business Administration (Laurier) and Computer Science (Waterloo) Double Degree,Offer,96.33,3/20/2026,,"Wrote a 25-page Economics Research paper through a program I got into with a full-ride scholarship. Self studied for 3 AP courses. National-level executive for a business club, UofT Math Enrichment program (x2), 300 hrs of volunteering. No Engineering-related extracurriculars.",Feel free to reach out to me on Discord: hobidik99
Waterloo,WBC,Business Administration (Laurier) and Computer Science (Waterloo) Double Degree,Offer,94.11,5/7/2026,,DECA Pres,
Waterloo,WBC,Business Administration (Laurier) and Computer Science (Waterloo) Double Degree,Offer,98.2,5/8/2026,,"Top team in Canada for Technovation hackathon, Volleyball ecs(setter and captain, school coach, academy + house league coach), SHAD '25, Tutoring, WiSTEM club co-founder and vice president <- hosting outreach programs for elementary schools",IB student
Waterloo,WBC,Business Administration (Laurier) and Computer Science (Waterloo) Double Degree (Co-op Only),Offer,96,5/8/2026,,,
Waterloo,WBC,Business Administration (Laurier) and Computer Science (Waterloo) Double Degree,Rejected,95,5/14/2026,,Lots of clubs and volunteering,
Waterloo,WBM,Biomedical Engineering,Offer,98.67,2/27/2026,,,
Waterloo,WBM,Biomedical Engineering,Offer,97.5,2/27/2026,,,
Waterloo,WBM,Biomedical Engineering,Offer,97,2/27/2026,,"Moderate ECA - volunteering Health Research, Varsity Football, Tutoring, Cricket, and some clubs at school STEM",Conditional offer with 70% Grade 12 Physics   And maintain 85% final average
Waterloo,WBM,Biomedical Engineering,Offer,96.83,2/27/2026,,"Actor in a professional play (in Grade 11), student leader on overnight school trips",
Waterloo,WBM,Biomedical Engineering,Offer,96.5,2/27/2026,,"President of a few clubs, mentioned non-stem ec’s for well-roundedness, nothing too crazy",
Waterloo,WBM,Biomedical Engineering,Offer,95.83,2/27/2026,,"Executive in STEM club Chapter at school, member for 4 years; SchoolReach Captain 3 years + member gr 9; Health Internship with International Internship Program; High School Big Data Challenge participant. Solid Interview mostly talking about 2-week Summer Pharmacy science program at UWashington + engineering inspiration from Tech Design at school.","Took Adv. Func. online summer after gr 10 + AP Calc in gr 11. 96 in both, but somehow still got in."
Waterloo,WBM,Biomedical Engineering,Offer,95,2/27/2026,,"talked abt co-op at hospital, club leaderships, part time jobs, submitted kira late lmao","did ns sph, & calc; 95 or smth"
Waterloo,WBM,Biomedical Engineering,Offer,94.83,2/27/2026,,"Pharmacy Assistant, Varsity Slo pitch","No AP classes, submitted AIF on the due date"
Waterloo,WBM,Biomedical Engineering,Offer,94.67,2/27/2026,,,
Waterloo,WBM,Biomedical Engineering,Offer,93.67,2/27/2026,,absolutely cheesed the aif and failed the interview,if i can get in you can get in dont lose hope twin ✌️
Waterloo,WBM,Biomedical Engineering,Offer,93.4,2/27/2026,,Just talked about my debate leadership and some random stuff for the AIF.,Don't do IB its not worth it.
Waterloo,WBM,Biomedical Engineering,Offer,98.58,3/24/2026,,,
Waterloo,WBM,Biomedical Engineering,Offer,97,4/20/2026,,,
Waterloo,WBM,Biomedical Engineering,Offer,91.5,5/6/2026,,"10 extracurriculars on AIF (mostly leadership positions in engineering), interview went really well. I think my supp app carried my application tbh.",My school's adjustment factor is 3% more favorable than the default one.
Waterloo,WBM,Biomedical Engineering,Rejected,89,5/12/2026,,,had a 68 in physics
Waterloo,WBM,Biomedical Engineering,Rejected,93.5,5/13/2026,,,"AIF was well written, I got into Math with Co-op, grades brought me down"
Waterloo,WBM,Biomedical Engineering,Rejected,88.17,5/13/2026,,,
Waterloo,WBM,Biomedical Engineering,Rejected,97.43,5/18/2026,,,genuinely bruh
Waterloo,WBM,Biomedical engineering,Rejected,90,5/21/2026,,"Made a small company, worked coop at tech company, mvp for soccer team, centrals javelin",Chem and physics online
Waterloo,WC,Chemical Engineering,Offer,98.33,2/11/2026,,"Math peer tutoring, club president in school","AP Chem, Calc, and English courses"
Waterloo,WC,Chemical Engineering,Offer,97.5,2/11/2026,,,
Waterloo,WC,Chemical Engineering,Offer,96.5,2/11/2026,,"Started a science club, other than that, nothing interesting.",Writing the AP bio exam in May.
Waterloo,WC,Chemical Engineering,Offer,95.5,2/11/2026,,"Dance Club Leader, HOSA Exec, Church Band Vocalist, DECA Member, Piano Lessons, Co-Lead on NGO Initiative",Currently in IB
Waterloo,WC,Chemical Engineering,Offer,95.33,2/11/2026,,"Thought I bombed the AIF and video. Talked about gardening, DECA ICDC 5th, various club exec roles, sports, math contest national qualifier (not waterloo contest)",
Waterloo,WC,Chemical Engineering,Offer,95,2/11/2026,,,
Waterloo,WC,Chemical Engineering,Offer,97,2/12/2026,,"Nothing crazy, DECA, math contests, chem contests, employment part-time",
Waterloo,WC,Chemical Engineering,Offer,85.2,2/12/2026,,just be urself <3,
Waterloo,WC,Chemical Engineering,Offer,95,2/24/2026,,A lot of leadership experiences,
Waterloo,WC,Chemical Engineering,Offer,96,2/27/2026,,,
Waterloo,WC,Chemical Engineering,Offer,95,2/27/2026,,"Good AIF and Interview. Wrote about about an internship, a youth outreach program I founded, and about being introduced to chemical engineering through counseling at a STEM summer camp on the AIF. Also spoke about the summer camp on my interview",
Waterloo,WC,Chemical Engineering,Offer,94.83,2/27/2026,,"stanford university research program, student council secretary, former culture club prez, camp counsellor, band, video editing/fan edits.. as a hobby + more",did gr 12 physics in the summer and got a 95 (give a REALLY good reason as to why ur doing it outside of day school!!); normal adj factor
Waterloo,WC,Chemical Engineering,Offer,94.33,2/27/2026,,"5 year volunteering in various youth programs based on stuff like leadership, mental health, and planning events; did free at home tutoring; had a freelance video editing side hustle",tbh i dont know how i got in. I had summer school english and my in school english marks were like low 90. My aif was really well written had a bunch of people check it over.
Waterloo,WC,Chemical Engineering,Offer,93.8,2/27/2026,,not much,
Waterloo,WC,Chemical Engineering,Offer,93.33,2/27/2026,,"part time job, math and chem tutor, owned a crochet business, summer volunteering",
Waterloo,WC,Chemical Engineering,Offer,93.33,2/27/2026,,garbage ec’s that didnt relate to eng at all,
Waterloo,WC,Chemical Engineering,Offer,91.83,2/27/2026,,"Nothing crazy - school sport, deca, photography competition + showcase, hosa",I think my interview and aif written responses must have been good???
Waterloo,WC,Chemical Engineering,Offer,41/45 IB Predicted,3/9/2026,,"Student government president, international book drive, online internship that helps thousands of IB students, ice hockey for 8 years, speech and debate for 2 years","7 Business 6 Math AA and Physics HL, 7 Chem 6 Eng L&L and 6 Spanish Ab. SL. Just be honest and follow the tips they say on their website :)"
Waterloo,WC,Chemical Engineering,Offer,94.6,4/20/2026,,My AIF was super good like I think that was the best factor of my application,I am doing a full AP course load too
Waterloo,WC,Chemical Engineering,Deferred,95,5/8/2026,,Good-great ecs,Deffered into geological engineering
Waterloo,WC,Chemical Engineering,Deferred,92,5/8/2026,,,Deferred to Geological Engineering
Waterloo,WC,Chemical Engineering,Rejected,87,5/13/2026,,"exec for 4 years, tutored, job, minor club roles (kinda mid?)",
Waterloo,WCF,Computing and Financial Management,Offer,98.17,5/8/2026,,"robotics, hospital volunteering, math contest awards since grade 9, hockey, tennis, math club president, antkeeping",idk how i got in bc i was trying to get in tron
Waterloo,WCF,Computing and Financial Management,Offer,98.17,5/8/2026,,"PCF, CSMC, COMC distinction, VEX robotics, tutoring job, web development co-op",yippee
Waterloo,WCF,Computing and Financial Management,Offer,98,5/8/2026,,,
Waterloo,WCF,Computing and Financial Management,Offer,97,5/8/2026,,"-18 Adjustment factor. My average was carried by the 3 electives. I had good ECs mainly a hardware eng internship, president of 3 stem clubs, side projects, volunteering, robotics, and hackathons.",My AIF was very tailored towards EE but that didn't seem to harm me.  I ended up getting CS & CFM and not EE lol
Waterloo,WCF,Computing and Financial Management,Offer,93,5/8/2026,,"lifeguard, volonteer at a CHSLD, math and physics tutor and swimming coach",Im from CEGEP so my grades may be getting adjusted somewhat
Waterloo,WCF,Computing and Financial Management,Rejected,99,5/14/2026,,,
Waterloo,WCF,Computing and Financial Management,Rejected,95,5/14/2026,,Lots of clubs and volunteering,
Waterloo,WCF,Computing and Financial Management,Rejected,96.8,5/15/2026,,"Work at Kumon, school champion in contests, placed in XC, track and field ,and swimming, mid contest scores",
Waterloo,WCF,Computing and Financial Management,Rejected,94,5/15/2026,,,
Waterloo,WCS,Computer Science (Co-op),Offer,9.9,2/26/2026,,"Data Science oriented: DS-specialized courses + capstone projects; CIMC 41/60 (Honour Roll), CSMC 41/60 (Honour Roll), Euclid 76/100; Top 10% Regional Robotics Competition + AI self-designed app for natural disaster; ECs: Founder educational project, math tutor for 3 years, vice president of school's debate club, head of PR of school's volunteering club, leader in volunteering campaign, volunteer for community prj for a year","No AP, IB, SAT 1510 790 math (they donot consider it sadly:Đ)"
Waterloo,WCS,Computer Science (Co-op),Offer,,3/3/2026,,"Research, community service, school council etc","A levels, Math Physics IT, predicted A*A*A"
Waterloo,WCS,Computer Science,Offer,99.5,3/18/2026,,,
Waterloo,WCS,Computer Science (Co-op),Offer,99,3/18/2026,,"Computer Science Research at a uni, hackathon, co-leader of a school social justice group, in-school mentor with BGC Bigs, solo piano + guitar",
Waterloo,WCS,Computer Science (Co-op),Offer,90,3/18/2026,,,I had avg of 90% but now it is 82%
Waterloo,WCS,Computer Science (Co-op),Offer,99.2,3/19/2026,,"Distinction on CCC, top school score on Euclid, tutoring business owner, highest standing student since grade 9, multiple hackathons, Math Club and STEM Club president, Kumon primary instructor, multiple coding projects, national champion in ballroom dancing.",
Waterloo,WCS,Computer Science (Co-op),Offer,99,3/19/2026,,sports and presidents of clubs,you guys can do this!
Waterloo,WCS,Computer Science (Co-op),Offer,98.5,3/19/2026,,Student council president,
Waterloo,WCS,Computer Science (Co-op),Offer,98.3,3/19/2026,,"Coding Club Exec, HOSA finalist, Harvard CS50, Lifeguard/Swim Instructor, Black Belt, Part of a CS related Non-Profit, CSMC Distinction, Link Crew, RCM 9 in Piano + Competitions, etc.",Good Luck.
Waterloo,WCS,Computer Science,Offer,97.83,3/19/2026,,"played piano since i was 6, restructured school's coding club as president, organized technovation girls event, went to hackathons and built a ton of music projects + talked about passion project, other ecs: music leadership team, a ton of bands, bouldering captain, made website for an npo",i did IB so I had all my courses done — all 6.
Waterloo,WCS,Computer Science,Offer,96.17,3/19/2026,,"Waterloo EV Challenge, Won Hack The North, made a couple startups worth 100k.",
Waterloo,WCS,Computer Science (Co-op),Offer,98.5,3/20/2026,,"Made a hackathon org with 100+ attendees, board leadership, internship at an IT corp, student council treasurer, distinction on csmc, lead web dev at another hackathon, 2nd place in cities for trivia comps",
Waterloo,WCS,Computer Science (Co-op),Offer,98.5,5/5/2026,,,
Waterloo,WCS,Computer Science (Co-op),Deferred,96.17,5/7/2026,,ECS were absolute Bunion. Don't be like me and start ur ECs early!,Deferred to Geomatics (what kinda program is that to get deferred to lol)
Waterloo,WCS,Computer Science (Co-op),Offer,97,5/7/2026,,"IB, Robotics, CAD",
Waterloo,WCS,Computer Science (Co-op and Regular),Offer,94.11,5/7/2026,,DECA Pres,
Waterloo,WCS,Computer Science,Deferred,96.67,5/8/2026,,"Content creation 15M+ views, chess, cs50, computer club, data club, tutoring",
Waterloo,WCS,Computer Science (Co-op),Offer,99.5,5/8/2026,,"Self parking model car for science fair, 3 APs, 1590 SAT, president of athletic council, 8x OFSAA participant",
Waterloo,WCS,Computer Science (Co-op),Offer,99.5,5/8/2026,,"Cadets, FRC, Lifeguarding, Game Dev",distinction CCC/Euclid
Waterloo,WCS,Computer Science (Co-op),Offer,99.33,5/8/2026,,,
Waterloo,WCS,Computer Science (Regular),Offer,99.33,5/8/2026,,"ECs mentioned: high-performance sport, sponsorship to attend STEM conference, co-president of club, AP classes, extra courses, music ensemble, stage company music director, math and computing contests, visual artist at school exhibition, model UN, executive/member of other clubs, other sports, youth sport coaching, volunteering with animals, piano, graphic design volunteering","$14 000 scholarship, AP French, English Lit., Chem., Physics 1, Calc. AB"
Waterloo,WCS,Computer Science (Co-op),Offer,98.7,5/8/2026,,"3 Bands, Math & Physics Club Presidents",
Waterloo,WCS,Computer Science (Co-op),Offer,98.67,5/8/2026,,"Three part time jobs, UW EMACS Invitational workshop, 150/150@Fermat Contest, 69/100@Euclid",
Waterloo,WCS,Computer Science (Co-op),Offer,98.67,5/8/2026,,"national badminton player + medals, waterloo math contest honor rolls, shad canada, web dev for math non-profit, high school hackathon exec, math & cs clubs copres, badminton club co-founder, deca trainer + provs participant","APs (5 in cs a & chem & calc bc, 4 in physics 1)"
Waterloo,WCS,Computer Science,Offer,98.5,5/8/2026,,"2x euclid honour roll (group 5 and group 4 in gr 11 and 12 respectively), rcm level 10 piano, csia level 1 ski instructor, raised $1500 for school robotics club, presented a research poster at a math conf (not serious, was just a fun sidequest), misc software projects","ap calc bc, stats, phymech (all 5s), got the standard $2.5k scholarship"
Waterloo,WCS,Computer Science (Co-op),Offer,98.5,5/8/2026,,"swe internship for my co-op, FRC robotics member and programmer, VEX robotics programming co-lead, violin for 6 years (orchestra club, school orchestra, school musical), peer tutor club president for 1.5 years, tutoring for 2 years, got 17/75 on the senior CCC (kinda shit lmao), also below average marks in math contests, 2 years weightlifing, one hackathon participation, worked as a sales associate for a merch shop during comic con & fan expo",i think my AIF was really well written.
Waterloo,WCS,Computer Science (Co-op),Offer,98.33,5/8/2026,,"Good ECs, well written essays that I took about 2-3 weeks on.","Get multiple people to review your AIF! And never rush it, reserve about 2 weeks to write a well-polished one."
Waterloo,WCS,Computer Science (Co-op),Offer,98.17,5/8/2026,,2 internships ; 300+ volunteer hours ; JA start-up - VP of Finance - invited to Rotman CDL ; made an app; hackathon winner ; CSMC Distinction ; DECA Exec; Commerce Club President,AP Calc BC and Lit
Waterloo,WCS,Computer Science (Co-op),Offer,98.16,5/8/2026,,"FRC Leadership Position, DECA, Orchestra, SHAD, Hobby software projects",Some IB courses (not diploma)
Waterloo,WCS,Computer Science,Offer,98,5/8/2026,,,
Waterloo,WCS,Computer Science,Offer,98,5/8/2026,,"Internship, rocketry, clubs, charity work.","Spend a lot of time on AIF, easiest way to compensate for grades/boost app. I spent 20+ hrs on it."
Waterloo,WCS,Computer Science (Co-op),Offer,98,5/8/2026,,"39 Euclid, 31 CSMC, Soccer, STEM Club, Robotics, Tutoring, Hospital internship,",jiayou
Waterloo,WCS,Computer Science (Co-op and Regular),Offer,97.8,5/8/2026,,olympiads,
Waterloo,WCS,Computer Science,Offer,97.67,5/8/2026,,"VEX Robotics, clinical volunteering, technical internship at local restaurant chain",IB Diploma
Waterloo,WCS,Computer Science (Co-op and Regular),Offer,97.33,5/8/2026,,,
Waterloo,WCS,Computer Science (Co-op),Offer,97.33,5/8/2026,,,"Took IB, make sure to really spend time writing your AIF"
Waterloo,WCS,Computer Science (Co-op and Regular),Offer,97.3,5/8/2026,,,
Waterloo,WCS,Computer Science (Co-op),Offer,97,5/8/2026,,Euclid/CSMC Distinctive,
Waterloo,WCS,Computer Science,Offer,97,5/8/2026,,"Team Canada Sport, Non Profit, Eng Club, FBLC, Deca",
Waterloo,WCS,Computer Science (Co-op),Offer,96.83,5/8/2026,,,"My supp app was decent, just try to incorporate ur lifes goals and how they apply to that program. Also try doing the contests as I think that helped me a lot."
Waterloo,WCS,Computer Science,Offer,96.8,5/8/2026,,"Math club pres, eng vp, cs club vp, tech rep - athletic council, CTO at Non profit, internship at small buisness, event planner for massive event, 2 sports team captain.","AIF was tailored for engineering but somehow got cs, lowkey didn't think i had a slight bit of chance"
Waterloo,WCS,Computer Science (Co-op),Offer,96.16,5/8/2026,,"Lived on UW campus for math and cs programs, won various competitions and ran a few clubs at my school.",My AIF definitely helped me get in since my avg isn't great.
Waterloo,WCS,Computer Science (Co-op),Offer,95.83,5/8/2026,,"waterloo math contest school champs and honor rolls, 98 in grade 12 cs",I did not expect to get in lol. I just applied for fun
Waterloo,WCS,Computer Science,Offer,95.67,5/8/2026,,"my aif was about founding a wiki with 10 million visits, my YouTube channel LOL and growing up in a traditional family while queer and using that to push for change at my school. I like connected them through the topic of HCI","Had special consideration for ADHD, but at the time it wasnt confirmed so that's what it said on the sheet"
Waterloo,WCS,Computer Science (Co-op),Offer,94.5,5/8/2026,,"Lots of Game Developing experience using Unity and Gdevelop, made 7 cents profit lol. Top 25% award for every waterloo math contest, and 3 School champion medal. Robotics Association humanoid programming Gold & Silver medal for 2 year. Junior Chess&English program instructor.",My average was ahh but AIF saved me. Write good AIFs guys
Waterloo,WCS,Computer Science (Co-op),Offer,93.33,5/8/2026,,"pres for model un & shsm council, exec for physics club, band, tutoring, stem organization","AP chem, physics, adv func, calc"
Waterloo,WCS,Computer Science,Offer,93,5/8/2026,,"lifeguard, volonteer at a CHSLD, math and physics tutor and swimming coach",Im a CEGEP student so my grades may be getting adjusted somewhat.
Waterloo,WCS,Computer Science (Co-op),Offer,97,5/9/2026,,"-18 Adjustment factor. My average was carried by the 3 electives. I had good ECs mainly a engineering/research internship, president of 3 stem clubs, side projects, volunteering, robotics, and hackathons.",My AIF was very tailored towards EE but that didn't seem to harm me.  I ended up getting CS & CFM and not EE lol
Waterloo,WCS,Computer Science,Deferred,99,5/12/2026,,"swe internship, robotics lead, deca icdc - i got into tron first round so my aif wasn't horrible i ngl think its because i never mentioned the words cs once in my aif",deferred to geomatics
Waterloo,WCS,Computer Science (Co-op),Deferred,98.33,5/12/2026,,"10+ hackathons, coding teacher, math competitions, swimming instructor, volleyball, 60+ euclid",LOL deferred to geomatics
Waterloo,WCS,Computer Science (Co-op and Regular),Deferred,98,5/12/2026,,"lots of music stuff, research help in a uw lab, 5 hackathons, 2 wins, some personal projects and volunteering at a local library",:(
Waterloo,WCS,Computer Science,Deferred,97.17,5/12/2026,,president of our school's cs club; program that teaches elementary students how to code; ski instructor; AI startup w/ 1k users; lifeguarding; math club mentor; mlh hackathon winner; RCM lvl 10 piano,"81 Euclid, CSMC & CCC honor roll, 100 calc, 100 cs, 100 functions, 99 data, 98 comp eng, 86 English and still got put in geomatics.. thanks a lot Waterloo (average adjustment in case it matters for cs)"
Waterloo,WCS,Computer Science,Deferred,96.67,5/12/2026,,,88 in English. That is probably what held me back 💔
Waterloo,WCS,Computer Science (Co-op and Regular),Deferred,96.33,5/12/2026,,Ranked globally 88th percentile for 3x3 Rubik's Cube on World Cubing Association; Ranked 114th in Canada (at the time of writing) for 3x3 Fewest Moves Challenge on World Cubing Association; COMC Honours; SAT Math 97th percentile; Waterloo has access to CEMC Math contest results. I know I got 55+ and maybe even 60 on Euclid. I got a 40 on CSMC Senior.,"Deferred to Geomatics (renamed to Geospatial Data Science) 💀I messed up the CCC (bro I got 11/75 when the international average was ~15.5/75). My top 6 was 93 in ENG4U and 97s in everything else. I am a full IB student so when IB exam results come in July, those will audit and change my marks and thereby potentially change my scholarship eligibility."
Waterloo,WCS,Computer Science (Co-op),Deferred,96.2,5/12/2026,,,
Waterloo,WCS,Computer Science,Deferred,96,5/12/2026,,,Deferred to Geomatics
Waterloo,WCS,Computer Science (Co-op),Deferred,95.33,5/12/2026,,I had good EC's and all like FRC and McMaster university engineering awards and leadership experiences.,Deferred to Geospatial Data Science
Waterloo,WCS,Computer Science (Co-op),Deferred,94.33,5/12/2026,,"Self-hosted minecraft server on Linux VPS, created live sound mentorship, included specific details about the school (velocity, professors, student culture)",df to Geomatics
Waterloo,WCS,Computer Science,Deferred,92.3,5/12/2026,,"good ecs, above average aif","deferred to geomatics!!!!!! 99 in calc btw, AIF was way above average, english was 88 so def lowered my average.."
Waterloo,WCS,Computer Science,Deferred,90.5,5/12/2026,,"tutoring, 3+ years of robotics, summer job, school council grade rep",deferred to geomatics
Waterloo,WCS,Computer Science (Co-op and Regular),Deferred,89,5/12/2026,,"School tech club executive, Waterloo CIMS & Fermat contest distinction (top 25%).","Deferred to Honours Geospatial Data Science, Co-op."
Waterloo,WCS,Computer Science (Co-op),Deferred,96.8,5/14/2026,,"Work at Kumon, school champion in contests, placed in XC, track and field ,and swimming, mid contest scores",deferred to geomatics
Waterloo,WD,Systems Design Engineering,Offer,94.7,1/15/2026,,"mid, idk how i got it LETS go, probably very good adj factor",IB
Waterloo,WD,Systems Design Engineering,Offer,99,2/23/2026,,"captain of multiple sports, president of multiple clubs, StuCo",
Waterloo,WD,Systems Design Engineering,Offer,99.7,2/24/2026,,,
Waterloo,WD,Systems Design Engineering,Offer,99.33,2/25/2026,,"GPA carry, good adjustment factor, perfect score on all waterloo PCF contests, 320h volunteering, RBC tech labs (Jus like my goat Nick Chen).",Deadahh spent an hour doing my supp app gng ;-;
Waterloo,WD,Systems Design Engineering,Offer,98.7,2/27/2026,,"$100 000 startup tech business, intern at another startup tech company, tutoring business, athletic awards, captain/mvp in many sports, volunteering.","IB, HL Math, high adj factor"
Waterloo,WD,Systems Design Engineering,Offer,98.67,2/27/2026,,,17 adjustment factor
Waterloo,WD,Systems Design Engineering,Offer,98.2,2/27/2026,,"Leadership roles in volleyball, tutoring part time job, a few school clubs","IB, average adjustment factor, mid interview"
Waterloo,WD,Systems Design Engineering,Offer,96.8,2/27/2026,,"Badminton, Coach, Club co-founder, non profit, Wharton YIC award recipient",
Waterloo,WD,Systems Design Engineering,Offer,95.6,2/27/2026,,"DECA, swimming instructor, arts council, stuco, waterloo hackathon",
Waterloo,WD,Systems Design Engineering,Offer,95.5,2/27/2026,,,
Waterloo,WD,Systems Design Engineering,Offer,93,2/27/2026,,"Main EC's: Cybersecurity networking home lab, online CTF challenges, HOSA cluster head, FTC robotics design/build team member and student mentor, and many personal arduino projects.; Side EC's: DECA, racket club exec, varsity badminton, biology club exec, YNDE exec","85% in g11 chem killed my mark. Funny enough, my application was centered around failure. I also spent 50+ days working on it with 52 revisions and 17 full rewrites (~1-2h/day)"
Waterloo,WD,Systems Design Engineering,Offer,92.5,2/27/2026,,"Research at UW, part of sports teams, community volunteer, etc.",
Waterloo,WD,Systems Design Engineering,Offer,4.0 UW 4.6 W,3/27/2026,,"strong AIF but i thought i sold my KIRA, was NOT expecting this but lfg","taking 9 AP courses, attending hs in bay area"
Waterloo,WD,Systems Design Engineering,Offer,98.2,4/9/2026,,Ez,
Waterloo,WD,Systems Design Engineering,Offer,99,5/6/2026,,"3x ICDC DECA competitor, DECA exec, robotics club exec, robotics competition organizer, double bass section leader in three orchestras",
Waterloo,WD,Systems Design Engineering,Offer,98,5/6/2026,,Band,
Waterloo,WD,Systems Design Engineering,Offer,98,5/6/2026,,"Soccer, STEM Club, Robotics, Tutoring, Hospital internship",jiayou
Waterloo,WD,Systems Design Engineering,Offer,97.33,5/6/2026,,spent a lot of time on the aif!,
Waterloo,WD,Systems Design Engineering,Offer,97.1,5/6/2026,,"Stuco 1yr, model un club founder, robotics team 1 yr,  structural Eng summer co-op/internship",
Waterloo,WD,Systems Design Engineering,Offer,96.33,5/6/2026,,"Spent first semester of Gr 12 as a part-time student at Waterloo and took PSYCH 101, chemical engineering coop position at Waterloo, audio-visual technician, instrumentalist and sound engineer at my church, student leader at church youth group; created a personal follow-up system for first timers and increased attendance by about 28%, QSYS, 3rd place for physics event in Science Olympics @ Western, jazz and concert band, bunch of school clubs, avg adjustment factor",Avg AIF and pretty good interview imo... Also don't be afraid if you're deciding to go into Eng or something related late into high school! I lowk didn't even consider a future in STEM until last year :d Trust God bro
Waterloo,WD,Systems Design Engineering,Offer,96.17,5/6/2026,,"lifeguard/swimming instructor, pres of a club, 10k views fanfic, ib, avg adjustment factor",88 in english btw its not over...
Waterloo,WD,Systems Design Engineering,Offer,95.67,5/6/2026,,,
Waterloo,WD,Systems Design Engineering,Offer,95.5,5/6/2026,,,
Waterloo,WD,Systems Design Engineering,Offer,94.67,5/6/2026,,"no clubs presidents, no business competitions, no robotics competitions, no hackathons, no student councils, no pay-to-win enrichment programs. Focused on childhood hobbies and self-made organization",adj factor carried (11.0)
Waterloo,WD,Systems Design Engineering,Rejected,94,5/13/2026,,,
Waterloo,WD,Systems Design Engineering,Rejected,93.5,5/13/2026,,"Thought my AIF was great, Great interview for the general engineering section, bombed the system design interview.","Did AP bio, currently doing AP computer science. Also Waterloo more like Waterpoo 😂😂😂 (I'm so sad I got rejected)"
Waterloo,WE,Civil Engineering,Offer,98.33,2/11/2026,,"AAA Baseball, President of Athletic Council",
Waterloo,WE,Civil Engineering,Offer,96.5,2/11/2026,,"FRC Subteam Lead, Air Cadet FSgt, Swim Instructor, passions in transportation infrastructure",
Waterloo,WE,Civil Engineering,Offer,96.16,2/11/2026,,"robotics mentor, npo member, club exec, sports team, tutour part time","IB, high adjustment factor"
Waterloo,WE,Civil Engineering,Offer,97.5,2/12/2026,,"Part-time job, Catalyst, Hack the North, UofT Daniels Design, ARCT RCM Piano",just do the interview for the sake of the checklist more than anything- it's really light
Waterloo,WE,Civil Engineering,Offer,97.33,2/12/2026,,DECA Chapter President/MC for Regionals (1st place)/ICDC Medalist; Air Cadets FSgt/Training Program Assistant; STEAM IC Chapter President; Part Time Job (16hrs/week); AGO Top Volunteer; CNE Job,
Waterloo,WE,Civil Engineering,Offer,97,2/12/2026,,"IB, robotics, CAD internship",
Waterloo,WE,Civil Engineering,Offer,94.3,2/27/2026,,,Surprised got in so early as my first term finals dropped my average
Waterloo,WE,Civil Engineering,Offer,94,2/27/2026,,,
Waterloo,WE,Civil Engineering,Offer,92,2/27/2026,,"2 Jobs, exec 3 clubs, Captain at Teens conference, Soccer team, summer camp volunteer, youth fellowship leader, band musician, worship team leader, taekwondo, Physics excellence award.",
Waterloo,WE,Civil Engineering,Offer,90.1,2/27/2026,,"club execs, organized an event attended by over 1000 guests, ~9 adj factor",
Waterloo,WE,Civil Engineering,Offer,90,2/27/2026,,"Make sure to talk about what you learned from each experience, don't just list them.",It's a miracle I got in this early
Waterloo,WE,Civil Engineering,Offer,93,3/13/2026,,"International piano competition win; ARCT, piano accompanist + teacher, badminton club and team, mech club + coding, competitive chess and club leader",2 AP class marks were used in my top 6 but idk if it increased my avg higher than the raw % (idk what waterloo does)
Waterloo,WE,Civil Engineering,Offer,92,5/7/2026,,"sports teams, clubs (athletic council, chemistry club, south Asian student council), volunteering 400+, working 1000+, steam ic engineering head, FTC - programing lead and builder, FRC builder and designer.","my interview went really well, I had alot of exces"
Waterloo,WE,Civil Engineering,Deferred,93.83,5/8/2026,,"rlly mid, surprised I got in.",Got deferred into geological engineering
Waterloo,WEA,Architectural Engineering,Offer,96.5,2/12/2026,,"Volleyball, band, honour band, arts award, table tennis",Minimum 85% conditional
Waterloo,WEA,Architectural Engineering,Offer,94.17,2/27/2026,,"MUN Exec, Muralist, Golf Team, Art Portfolio/Website",
Waterloo,WEA,Architectural Engineering,Offer,92.3,2/27/2026,,"Heavily focused on design extracurriculars on aif, 2 part time jobs + co-op",
Waterloo,WEA,Architectural Engineering,Offer,92.5,5/6/2026,,"Did the optional interview, went pretty well. Ec’s are 2 part time jobs, Link crew leader(introducing grade 9’s into high school). Basketball coach for underprivileged youth, and more than 80 hours score keeping for in school sports.",I didn’t expect to get into this program what so ever and I even got rejected from McMaster engineering 1 hour before receiving this offer. So anything is possible. Keep it up 🙏
Waterloo,WEA,Architectural Engineering,Offer,90.67,5/6/2026,,"Two summer jobs, Part time job throughout the year, Field hockey",
Waterloo,WEA,Architectural Engineering,Rejected,95,5/13/2026,,"President of deca, three time qualifier, president of robotics","Avg adj factor, gen what did i do for the loo to not want me 💔 ig i dont have design ecs???"
Waterloo,WEA,Architectural Engineering,Rejected,91.33,5/13/2026,,I didn't do it because I'm a ding dong,Average grade adjustment factor. Make sure you apply to safeties...
Waterloo,WEB,Environment and Business,Offer,87.5,2/3/2026,,,guys i genuinely failed adv fun adn they took me it doesnt matter ur grades dont matter
Waterloo,WEE,Environmental Engineering,Offer,95.3,2/11/2026,,Didn't really have that many notable extracurriculars; just tried to present my values and core beliefs the most sincere way possible,IBDP candidate
Waterloo,WEE,Environmental Engineering,Offer,92.33,2/11/2026,,"small business owner, club leader, volunteering, all long-term",
Waterloo,WEE,Environmental Engineering,Offer,90,2/27/2026,,"won regionals and competed in the 2025 ontario envirothon (provincial comp, hosted by uwaterloo), played sr. rugby, volunteered as a program assistant for CanSkate, some local one-time volunteer things in my school community, lowk mid ecs",
Waterloo,WEE,Electrical Engineering,Offer,98.76,3/5/2026,,"Volunteered helping old people at senior homes every week since gr 9, founded non profit, school prime minister and student council involved since gr9",They accepted me mad late ngl i would js give up and rescind your application if you have anything under a 98% avg. just a waste of time and stress imo if you don’t have at least 98% avg
Waterloo,WEE,Environmental Engineering,Deferred,94.83,5/8/2026,,"Lifeguard for 2 years, DECA for 3 years, exec of a club, 250+ hours of volunteering across two positions, piano for 6 years, side project about climate risk mitigation that I attended conferences for","deferred to environmental eng. my interview was hella laggy, AIF was completed over the course of 2 weeks"
Waterloo,WEK,Computer Engineering,Offer,95.83,4/22/2026,,Do the interview! Make sure u talk about how the actives changed u as a person and how u grew from that experience,
Waterloo,WEM,Management Engineering,Offer,97.4,11/2/2025,,I thought about my AIF answers for a while and had 2-3 drafts for the first two questions. I didn't really prepare for the interview as I only found out that it was an option a few days before the deadline lol.,
Waterloo,WEM,Management Engineering,Offer,97.7,2/11/2026,,"2 part-time jobs, worked with uw eng, co-founded successful company, good math contest scores, bunch of impactful volunteer work, good interview",
Waterloo,WEM,Management Engineering,Offer,97.5,2/11/2026,,"tutoring, leadership positions in clubs",
Waterloo,WEM,Management Engineering,Offer,96.67,2/11/2026,,"employed for a year, ran a few hackathons, won a few hackathons, varsity sports and sports tournaments out of school - provincial level",
Waterloo,WEM,Management Engineering,Offer,96.16,2/11/2026,,,
Waterloo,WEM,Management Engineering,Offer,96,2/11/2026,,"school dance captain, co-op",
Waterloo,WEM,Management Engineering,Offer,95.5,2/11/2026,,"Sea Cadets, Treasurer of a club",IB
Waterloo,WEM,Management Engineering,Offer,95.17,2/11/2026,,Youngest sales rep at telecom company and FTC,
Waterloo,WEM,Management Engineering,Offer,96,2/12/2026,,"DECA VP, Debate club, Robotics club, Some engineering projects",
Waterloo,WEM,Management Engineering,Offer,95,2/12/2026,,Dm me,
Waterloo,WEM,Management Engineering,Offer,96,2/13/2026,,"Big focus on leadership, XC/Track captain & TEDx club/event founder, 2 month overnight camp counsellor, leading passion project startup team, ski coaching/varsity skiing",Very high adjustment factor
Waterloo,WEM,Management Engineering,Offer,94.8,2/25/2026,,"Junior Firefighting, top in school for CEMC contests, cryptography/puzzle creator for ~100 people, Geometry Dash creator [2 creator points]",
Waterloo,WEM,Management Engineering,Offer,94.83,2/27/2026,,,
Waterloo,WEM,Management Engineering,Offer,94.5,2/27/2026,,,
Waterloo,WEM,Management Engineering,Offer,94.5,2/27/2026,,messed up and laughed for 5 seconds during the kira,
Waterloo,WEM,Management Engineering,Offer,94.3,2/27/2026,,"Schools MUN Delegation President, DECA provincial champion, software engineer for 2 NGO's, Waterloo QSYS Alumni, been coding since I was 7, Air Cadet for like 6 months before dropping, memorized every Modern Family episode","IB, pretty sure my AIF and interview went well"
Waterloo,WEM,Management Engineering,Offer,94.17,2/27/2026,,"PPL program, Part-time job, Tutor, Robotics/Math Club, Repaired phones.",
Waterloo,WEM,Management Engineering,Offer,93,2/27/2026,,,
Waterloo,WEM,Management Engineering,Offer,95.2,5/6/2026,,"marketing/finance coop at cfa society toronto, have been playing piano since i was 3 and taught younger students for two years as well, and peer tutored math at school! also founded deca chapter at my school. fblc top 20 in grade 11 but i dont think it mattered. my aif was targeted towards math, but i still got into eng!",EVERYONE YOU GUYS GOT THIS PLEASE BE HOPEFUL AND KIND TO YOURSELVES. SPREAD LOVE. dont stress yourself out because of reddit some people are so mean! ignore their big egos. im still praying for loo math tmrw lol...
Waterloo,WEM,Management engineering,Offer,95,5/6/2026,,"organized and ran hackathons, helped my uncle operate a hedge fund, after school tutoring for math, and i think I also mentioned playing badminton but I had to quit cuz of injuries",
Waterloo,WEM,Management Engineering,Offer,93.83,5/6/2026,,"Student council PM, Deca VP, MUN VP, Robotics club Re-founder & Senior Lead, president of another small club, school basketball and volleyball team (starter on both), summer job, another job I have (business assistant of my relatives wedding company), job shadowing and volunteering at relevant companies. Couple other smaller things like member of clubs, personal projects e.t.c.","if you have any questions, feel free to reach out to me at disc: Ashqr (I dont use much) insta: Asharxsidd"
Waterloo,WEM,Management Engineering,Offer,93,5/6/2026,,"My ecs were more business orientated than engineering, only mentioned 2 hackathons and summer coding program I did. Business ecs were rly good in my opinion (intl comp, own event etc..)",
Waterloo,WEM,Management Engineering,Offer,92.5,5/6/2026,,"Debate club president, director in a national youth npo, soccer ref, school trombone, uoft debate first place award, stuco director of a department, wloo avogadro comp distinction, rcm piano 6, some other memberships music/politics/science activities","85 calc midterm, Ontario adjustment"
Waterloo,WEM,Management Engineering,Offer,92.33,5/6/2026,,"Robotics, Community Voulteering",
Waterloo,WEM,Management Engineering,Offer,92.17,5/6/2026,,"Ran social media for a school club, actively volunteered for elementary school","~10 adjustment factor. my supp app def carried, so do your best on it!"
Waterloo,WEM,Management Engineering,Offer,91.6,5/6/2026,,"Snowboard instructor, owns a social media account over 5000 followers (self-learned sketchup and autocad, do landscaping desgins for customers, made over $8000 profit), coop at local hospital",
Waterloo,WEM,Management Engineering,Rejected,95.33,5/11/2026,,"Royal Canadian Air Cadets (Sergeant) | Sep 2023–Present | ~145 hrs; Promoted AC → LAC → Cpl → FCpl → Sgt; Participated in Field Training Exercises (FTXs), Annual Ceremonial Reviews (2x), and Remembrance Day Parade; Taught lessons to junior cadets (e.g., D-Day); Led fundraising efforts through the Poppy Campaign, raising $150+; Cricket Team (Vice-Captain) | May 2023–Present | ~42 hrs; Vice-Captain and team leader; Top-order batter and medium-pace bowler (all-rounder); Contributed to numerous team victories; DECA | Sep 2022–Present | ~86 hrs (50 sessions); Earned Regional Certifications in 2024 and 2025; Qualified for and competed at DECA Provincials twice; STEAM Innovation Challenge (STEAM IC) | Sep 2024–Present | ~30 hrs (11 sessions); Qualified for and competed at Provincials; {articipated in innovation and model-development projects; School Newspaper | Sep 2023–Present | ~15 hrs; Assistant Videographer; Writer and Head of Opportunities Column; Engineering Science Quest (University of Waterloo) | Jul 2024; Jul–Aug 2025 | ~174 hrs; Taught science and engineering concepts to youth; Supported STEM outreach and educational programming; Waterloo Region Museum | 2024–2025 | ~24 hrs; Gallery Assistant; Youth Camp Volunteer; Youth Food Systems (YFS) Food Blog | Dec 2023–Present | ~15 hrs; Published content promoting food sustainability and awareness;  Homework Hub Tutor | 2023 | ~15 hrs; Provided academic support and tutoring to students; STEAM Club Leader | 2024–2025 | ~6 hrs; Led STEM outreach activities and club initiatives; SHAD 2025 | Jun–Jul 2025 | ~150 hrs; Completed a Design Entrepreneurship project; Participated in Shad Social and community initiatives; IVEY Summer Leadership Program (SLP) | Aug 2025 | ~53 hrs; Led Capstone Project team; Developed an upcycled quilt business concept; International Baccalaureate (IB) Diploma Programme | 2022–2026; Earned IB certificates in Completed IB Physics SL Completed IB Chemistry HL Completed IB Mathematics: Analysis & Approaches SL; Math Circle | Sep 2020–Jan 2023 | ~72 hrs; Participated in advanced mathematics enrichment programming; Academic Competitions Pascal Contest (2023) 3rd in School Certificate Recipient Cayley Contest (2024) 3rd in School Certificate Recipient CIMC (2024) 2nd in School Certificate Recipient Fermat Contest (2025) SIN Competition (2025) 2nd in School Certificate Recipient CSMC (2025) Euclid Contest (2025)","GL, remember to check ur adjustment factor"
Waterloo,WEM,Management Engineering,Rejected,94.5,5/13/2026,,"Top 4 finalist in UofT case competition (I was the product maker), in 2 non profits, ex competitive sports player, school science club exec, tutoring, etc.","Average adj factor, iyw guides to not do what i did dm me on discord: hoette"
Waterloo,WEV,Geography and Aviation,Offer,90.17,3/6/2026,,,
Waterloo,WEV,Geography and Aviation,Offer,,3/6/2026,,"AIF: talked about how i love airplanes, my time as an exec/pres of a prominent club and my struggles with being neurodivergent.","I honestly don't know my top 6 or how I got accepted before midterms tbh. I only have 3 4u courses completed and 4, 3u courses completed (only one of which is not a prereq of my 3 4u courses) Four courses that might be in my top 6? I dont have 6 courses idk.  MHF4u: 95 ENG4u: 82 ICS4u: 90 Gr11: SPH3u: 83 taking calc and phys rn so maybe thats why?"
Waterloo,WEV,Geography and Aviation,Offer,97.53,3/27/2026,,"Passion/interest was DIY clothing, community involvement was the LGBT+ community, experience reflection was about being trans and Jewish, goals at Waterloo was mostly glazing Waterloo Institute for Sustainable Aerotechnology and their electric planes.","My ECs were mostly speech and debate, GSA president, band, human rights organization internship, Youth and Philanthropy Initiative, some other random stuff; I honestly thought I wouldn't get in."
Waterloo,WEV,Geography and Aviation,Offer,89.5,5/5/2026,,,
Waterloo,WEV,Geography and Aviation,Offer,86.5,5/5/2026,,"No EC, wrote about how I loved planes from when I was a kid.",
Waterloo,WEV,Geography and Aviation,Deferred,88.67,5/12/2026,,Questions,Got deferred to Geography and environmental management co op
Waterloo,WF,Health Sciences (Regular),Offer,91,11/14/2025,,,
Waterloo,WF,Health Sciences,Offer,96.75,12/3/2025,,,
Waterloo,WF,Health Sciences,Offer,94.3,12/4/2025,,,
Waterloo,WF,Health Sciences,Offer,96.7,12/5/2025,,,
Waterloo,WF,Health Sciences,Offer,96.66,12/5/2025,,,Conditional offer to be maintain 70% of Grade 12 Biology and 80% overall average of 6 subjects.
Waterloo,WF,Health Sciences,Offer,96.12,12/5/2025,,,Minimum final average of 80%
Waterloo,WF,Health Sciences,Offer,95.83,12/5/2025,,,
Waterloo,WF,Health Sciences,Offer,98.83,12/9/2025,,,
Waterloo,WF,Health Sciences,Offer,96.5,12/9/2025,,,
Waterloo,WF,Health Sciences,Offer,96,12/12/2025,,,
Waterloo,WF,"Health Sciences, Co-op",Offer,97.33,2/5/2026,,,
Waterloo,WF,Health Sciences,Offer,96.33,2/5/2026,,,
Waterloo,WF,Health Sciences,Offer,96.1,2/5/2026,,,
Waterloo,WF,Health Sciences,Offer,96,2/5/2026,,,
Waterloo,WF,Health Sciences,Offer,95.83,2/5/2026,,,
Waterloo,WF,Health Sciences,Offer,97.83,2/6/2026,,,
Waterloo,WF,Health Sciences (Regular),Offer,96.33,2/6/2026,,,
Waterloo,WF,Health Sciences,Offer,96.2,2/6/2026,,,Co-op + 5k scholarship
Waterloo,WF,"Health Sciences, Co-op",Offer,95,2/6/2026,,,IB
Waterloo,WF,"Health Sciences, Co-op",Offer,96,2/17/2026,,,
Waterloo,WF,"Health Sciences, Co-op",Offer,97,2/27/2026,,,
Waterloo,WF,"Health Sciences, Co-op",Offer,94.6,2/27/2026,,,
Waterloo,WF,"Health Sciences, Co-op",Offer,93.17,2/27/2026,,,
Waterloo,WF,Health Sciences,Offer,93,2/27/2026,,,IB DP student
Waterloo,WF,"Health Sciences, Co-op",Offer,94.3,2/28/2026,,,"Im done all my top 6, also in IB diploma"
Waterloo,WF,"Health Sciences, Co-op",Offer,94.33,3/2/2026,,,
Waterloo,WF,"Health Sciences, Co-op",Offer,92.33,3/4/2026,,,"in AP, signed up for euclid math contest"
Waterloo,WF,Health Sciences (Regular),Offer,95.66,5/8/2026,,,
Waterloo,WF,"Health Sciences, Co-op",Offer,95,5/8/2026,,,xl
Waterloo,WF,Health Sciences,Offer,94.8,5/8/2026,,,
Waterloo,WF,Health Sciences,Offer,94,5/8/2026,,,
Waterloo,WF,"Health Sciences, Co-op",Offer,93.83,5/8/2026,,,
Waterloo,WF,"Health Sciences, Co-op",Offer,93.67,5/8/2026,,,
Waterloo,WF,Health Sciences (Regular),Offer,93.67,5/8/2026,,,
Waterloo,WF,Health Sciences Co-op,Offer,93.67,5/8/2026,,,
Waterloo,WF,"Health Sciences, Co-op",Offer,93.5,5/8/2026,,,
Waterloo,WF,"Health Sciences, Co-op",Offer,93.3,5/8/2026,,,
Waterloo,WF,"Health Sciences, Co-op",Offer,92.67,5/8/2026,,,
Waterloo,WF,Health Sciences,Offer,92.33,5/8/2026,,,I took gr 11 IB biology and I think that helped. Gr 11 avg was a 96
Waterloo,WF,Health Sciences,Offer,91.5,5/8/2026,,,
Waterloo,WF,Health Sciences,Offer,89.83,5/8/2026,,,
Waterloo,WF,"Health Sciences, Co-op",Offer,92.33,5/12/2026,,,
Waterloo,WF,"Health Sciences, Co-op",Offer,92,5/12/2026,,,
Waterloo,WF,Health Sciences (Regular),Offer,87.8,5/12/2026,,,
Waterloo,WF,"Health Sciences, Co-op",Deferred,89.83,5/13/2026,,,"90 in bio, 98 in advanced functions, 82 english, 80 chem, 96 and 93 for electives"
Waterloo,WF,Health Sciences,Offer,93,5/13/2026,,,
Waterloo,WF,Health Sciences,Offer,88,5/13/2026,,,
Waterloo,WF,"Health Sciences, Co-op",Rejected,83,5/13/2026,,,
Waterloo,WF,"Health Sciences, Co-op",Deferred,90.17,5/14/2026,,,deferred into lifesci + coop
Waterloo,WF,Health Sciences,Rejected,91.5,5/14/2026,,,
Waterloo,WF,Health Sciences,Rejected,82,5/14/2026,,,
Waterloo,WGB,Global Business and Digital Arts,Offer,93.8,12/4/2025,,"No need ECs, poor gr11 grade (77% out of the 8 courses, one 60s, two 50s)","ENG4U eLearning, MDM4U summer, SPH4U summer, History4U. OUAC ranking 7"
Waterloo,WGB,Global Business and Digital Arts,Offer,92,12/4/2025,,,"waterloo didn’t send out an email, check ur portal for acceptances"
Waterloo,WGB,Global Business and Digital Arts,Offer,91.5,12/4/2025,,,
Waterloo,WGB,Global Business and Digital Arts,Offer,90.5,12/4/2025,,,
Waterloo,WGB,Global Business and Digital Arts,Offer,94.17,2/4/2026,,,
Waterloo,WGB,Global Business and Digital Arts,Offer,81.99,2/26/2026,,,
Waterloo,WGB,Global Business and Digital Arts,Offer,90.4,3/27/2026,,,
Waterloo,WGB,Global Business and Digital Arts,Offer,89,5/6/2026,,,I took AP English
Waterloo,WGB,Global Business and Digital Arts,Rejected,88.67,5/14/2026,,,"my english grade was below the standard (72 and they need 75), i have 90s otherwise, straight bs"
Waterloo,WGM,Geomatics,Offer,98.1,11/26/2025,,,
Waterloo,WGM,Geomatics (Co-op),Offer,81.67,2/3/2026,,,
Waterloo,WHE,Public Health,Offer,96.33,12/4/2025,,,
Waterloo,WHE,Public Health (Co-op),Offer,90.5,12/6/2025,,,
Waterloo,WHE,Public Health (Co-op),Offer,93,2/6/2026,,,I did the full IB diploma so I had all my grade 12 courses like six of them by first semester.
Waterloo,WHE,Public Health,Offer,88.5,2/27/2026,,,Co-op honours program
Waterloo,WK,Kinesiology (Co-op),Offer,92.83,12/4/2025,,,
Waterloo,WK,Kinesiology (Co-op),Offer,92.75,12/4/2025,,,
Waterloo,WK,Kinesiology (Regular),Offer,90,12/4/2025,,,
Waterloo,WK,Kinesiology (Co-op),Offer,90,12/4/2025,,,
Waterloo,WK,Kinesiology (Co-op),Offer,91.3,2/5/2026,,,
Waterloo,WK,Kinesiology (Co-op),Offer,93,2/6/2026,,,
Waterloo,WK,Kinesiology (Co-op),Offer,87.5,2/27/2026,,,
Waterloo,WK,Kinesiology (Co-op),Offer,86.5,3/2/2026,,,
Waterloo,WK,Kinesiology (Co-op),Offer,85.33,3/2/2026,,,"$1,000"
Waterloo,WK,Kinesiology (Co-op),Offer,87.7,5/8/2026,,,
Waterloo,WK,Kinesiology (Co-op),Offer,85.33,5/11/2026,,,
Waterloo,WK,Kinesiology (Regular),Offer,85.33,5/11/2026,,,
Waterloo,WLS,Life Sciences,Offer,94.6,11/18/2025,,,
Waterloo,WLS,Life Sciences,Offer,94,12/2/2025,,,
Waterloo,WLS,Life Sciences,Offer,97,12/3/2025,,,
Waterloo,WLS,Life Sciences (Biochemistry),Offer,96.83,12/3/2025,,,
Waterloo,WLS,Life Sciences,Offer,96.75,12/3/2025,,,
Waterloo,WLS,Life Sciences,Offer,96.33,12/3/2025,,,
Waterloo,WLS,Life Sciences (Biomedical Science),Offer,95.3,12/3/2025,,,Best of Luck! :)
Waterloo,WLS,Life Sciences,Offer,95,12/3/2025,,,
Waterloo,WLS,Life Sciences (Regular),Offer,94.5,12/3/2025,,,Conditional 78%
Waterloo,WLS,Life Sciences,Offer,93.2,12/3/2025,,,
Waterloo,WLS,Life Sciences (Biology),Offer,93,12/3/2025,,,
Waterloo,WLS,Life Sciences (Regular) (Biomedical Science),Offer,93,12/3/2025,,,
Waterloo,WLS,Life Sciences (Regular) (Biomedical Science),Offer,93,12/3/2025,,,
Waterloo,WLS,"Life Sciences (Biochemistry, Co-op)",Offer,92.83,12/3/2025,,,hello my lovelvies im back w this :P this one idk how they calcualted my avg but ye :) ill be back soon conditoinal : 78% condtional for Adv. functions : min. 70% conditional for calc : min. 70% also i friggin finally put in the right applicaitons sent date omd (compare row 554 and 553 I ELGIT MESSED UP TWICE LMAO)
Waterloo,WLS,Life Sciences (Co-op and Regular) (Biochemistry),Offer,91.83,12/3/2025,,,
Waterloo,WLS,Life Sciences (Co-op and Regular) (Biomedical Sciences),Offer,91.67,12/3/2025,,,"Partial IB - Didn't do AIF, not required for health or life science courses I believe."
Waterloo,WLS,Life Sciences (Regular) (Biomedical Science),Offer,90.67,12/3/2025,,,"78% conditional, decision made after sem 1 midterms"
Waterloo,WLS,Life Sciences (Biomedical Sciences),Offer,90,12/3/2025,,,
Waterloo,WLS,Life Sciences (Co-op) (Biology),Offer,89,12/3/2025,,,
Waterloo,WLS,Life Sciences (Co-op) (Biology),Offer,88,12/3/2025,,,
Waterloo,WLS,Life Sciences (Biomedical Science),Offer,98.16,12/4/2025,,,
Waterloo,WLS,Life Sciences (Co-op),Offer,96.5,12/4/2025,,,"tbh I have no idea how they calculated my avg, so I used gr11 finals + gr12 mid terms here. good luck everyone!"
Waterloo,WLS,Life Sciences (Biomedical Science),Offer,96.33,12/4/2025,,,AYYYYY
Waterloo,WLS,Life Sciences (Co-op and Regular) (Biomedical Sciences),Offer,95.67,12/4/2025,,,I stressed out a TON
Waterloo,WLS,Life Sciences (Biomedical Science),Offer,95.5,12/4/2025,,,
Waterloo,WLS,Life Sciences (Co-op),Offer,94.83,12/4/2025,,,Grade 12 midterm average is 91; I took HZT4U Grade 10 going into Grade 11 and MDM4UE Grade 11. Took AP Lang and AP Stats Grade 11. Was offered Regular Life Sciences (w/o co-op).
Waterloo,WLS,"Life Sciences (Biochemistry, Co-op)",Offer,94.67,12/4/2025,,,
Waterloo,WLS,Life Sciences (Co-op and Regular) (Biomedical Sciences),Offer,94,12/4/2025,,,
Waterloo,WLS,Life Sciences (Co-op and Regular),Offer,94,12/4/2025,,,
Waterloo,WLS,Life Sciences (Co-op and Regular) (Biochemistry),Offer,92.5,12/4/2025,,,
Waterloo,WLS,"Life Sciences (Biochemistry, Co-op)",Offer,92.5,12/4/2025,,,
Waterloo,WLS,Life Sciences (Biochemistry),Offer,91.67,12/4/2025,,,
Waterloo,WLS,Life Sciences (Co-op and Regular) (Psychology (co-op optional)),Offer,90.83,12/4/2025,,,
Waterloo,WLS,Life Sciences (Co-op and Regular),Offer,90.17,12/4/2025,,,
Waterloo,WLS,Life Sciences (Psychology),Offer,91,12/17/2025,,,
Waterloo,WLS,Life Sciences,Offer,94,12/26/2025,,,
Waterloo,WLS,Life Sciences (Regular),Offer,91,1/11/2026,,,
Waterloo,WLS,Life Sciences (Co-op),Offer,93.8,2/3/2026,,,
Waterloo,WLS,Life Sciences (Co-op),Offer,93,2/3/2026,,,
Waterloo,WLS,Life Sciences (Co-op),Offer,91.16,2/3/2026,,,
Waterloo,WLS,Life Sciences (Regular),Offer,90,2/3/2026,,,
Waterloo,WLS,"Life Sciences (Biochemistry, Co-op)",Offer,89.5,2/3/2026,,,
Waterloo,WLS,Life Sciences,Offer,88,2/3/2026,,,
Waterloo,WLS,Life Sciences (Co-op),Offer,87.3,2/3/2026,,,
Waterloo,WLS,Life Sciences,Offer,86,2/3/2026,,,
Waterloo,WLS,Life Sciences (Biochemistry),Offer,98.89,2/4/2026,,,
Waterloo,WLS,Life Sciences (Biochemistry),Offer,90.67,2/4/2026,,,
Waterloo,WLS,Life Sciences (Regular),Offer,88.67,2/4/2026,,,"I don't have any. I have 91 average in grade 11, I fast tract biology with 93, and I got my offer before my first semester classes final (my first semester was pretty bad)"
Waterloo,WLS,Life Sciences (Co-op),Offer,88.2,2/4/2026,,,
Waterloo,WLS,Life Sciences (Biology) (Co-op and Regular),Offer,88,2/4/2026,,,"In Gr13, completed all courses except calculus when accepted"
Waterloo,WLS,Life Sciences (Biomedical Sciences),Offer,88,2/4/2026,,,
Waterloo,WLS,Life Sciences (Co-op),Offer,87,2/4/2026,,,
Waterloo,WLS,Life Sciences (Biomedical Sciences),Offer,86.33,2/4/2026,,,"Full IB student; English 84%, Calculus and Vectors 84%, Advanced Functions 83%, Biology 98%, Psychology 89%, and Chemistry 80%"
Waterloo,WLS,"Life Sciences (Biochemistry, Co-op)",Offer,86.33,2/4/2026,,,"Full IBstudent,  i got into co op for this, English 84%, Calculus and Vectors 84%, Advanced Functions 83%, Biology 98%, Psychology 89%, and Chemistry 80%"
Waterloo,WLS,Life Sciences,Offer,85,2/4/2026,,,
Waterloo,WLS,Life Sciences (Biology (co-op)),Offer,85,2/4/2026,,,
Waterloo,WLS,Nanotechnology Engineering,Offer,94.67,2/11/2026,,"Founder of two clubs, Student Council President, leadership position in a few other clubs, volunteering, and 2x CEMC math contest school champion","Full IB 40/45 (HL Math AA, Chemistry, English Lit; SL French ab, Physics, History)"
Waterloo,WLS,Life Sciences (Co-op),Offer,89.5,2/24/2026,,,
Waterloo,WLS,Life Sciences (Co-op and Regular),Offer,93,2/25/2026,,,
Waterloo,WLS,Life Sciences,Offer,84.33,2/25/2026,,,Doesn't have a co-op though...
Waterloo,WLS,Life Science + CAP Status,Offer,94.5,5/3/2026,,,
Waterloo,WLS,"Life Sciences (Biomedical Sciences, Regular)",Offer,90.67,5/4/2026,,,"pres of club, exec of 3+ clubs, worked a job, volunteered alot"
Waterloo,WLS,Life Sciences,Offer,85.17,5/4/2026,,,Took AP English
Waterloo,WLS,Life Sciences (Biomedical Sciences),Offer,88,5/5/2026,,,
Waterloo,WLS,Life Sciences,Rejected,79,5/14/2026,,,
Waterloo,WLS,Life Sciences (Biology) (Co-op),Rejected,74.7,5/14/2026,,,extremely bad mcv4u and sch4u grade
Waterloo,WLS,Life Sciences (Biomedical Sciences),Rejected,74.7,5/14/2026,,,extremely bad mcv4u and sch4u grades
Waterloo,WM,Mathematics (Co-op),Offer,9.9,2/5/2026,,"Data Science oriented: DS-specialized courses + capstone projects; CIMC 41/60 (Honour Roll), CSMC 41/60 (Honour Roll), Euclid 76/100; Top 10% Regional Robotics Competition + AI self-designed app for natural disaster; ECs: Founder educational project, math tutor for 3 years, vice president of school's debate club, head of PR of school's volunteering club, leader in volunteering campaign, volunteer for community prj for a year",
Waterloo,WM,Mathematics (Co-op),Offer,99.67,3/19/2026,,"Robotics, Lifeguarding, Game Dev, Air Cadets",Mid scores on Waterloo contests
Waterloo,WM,Mathematics (Co-op),Offer,98.5,3/19/2026,,distinctions in maths competitions,
Waterloo,WM,Mathematics (Co-op),Offer,98.17,3/19/2026,,"Lowkey mid, multiple sports teams, mid contest results, work as a tutor.",
Waterloo,WM,Mathematics (Co-op),Offer,97.67,3/19/2026,,"Nothing much, all directed towards eng and not math, just some tutoring, music and other activities.","I have gotten every offer as of now EXECPT for electrical engineering. Heck I even got UofT SG comp sci, but not engineering lmao, and I don't have any coding related ecs"
Waterloo,WM,Mathematics (Co-op),Offer,97.33,3/19/2026,,"Bilingual writer for a magazine, part time job, community center mentor, coop at uwaterloo","Don’t believe the self-centered ppl that brag abt themselves on Reddit, trust in yourself, you got this."
Waterloo,WM,Mathematics (Co-op),Offer,96.67,3/19/2026,,"talked about debate, piano and swimming, 400+ volunteer hours","francophone school, good luck :)"
Waterloo,WM,Mathematics (Co-op),Offer,96.33,3/19/2026,,"Math contests, band member, vice president of math club, nothing too special",!?弱弱?!
Waterloo,WM,Mathematics (Co-op),Offer,96.33,3/19/2026,,,
Waterloo,WM,Mathematics (Co-op),Offer,96.33,3/19/2026,,"DECA Awards, Statistics Projects, Part Time Jobs, Relevant Coursework (APs)",
Waterloo,WM,Mathematics (Co-op),Offer,96.16,3/19/2026,,Relevant ECs were EMACS and math club. Also had a bunch of other random things.,
Waterloo,WM,Mathematics (Co-op),Offer,96,3/19/2026,,"Volleyball Team captain, Student council, Robotics club team lead",Scored surprisingly well on the Canadian Senior Mathematics Competition
Waterloo,WM,Mathematics (Co-op),Offer,95.8,3/19/2026,,attended all Waterloo math contests and got distinction in all contests,
Waterloo,WM,Mathematics (Co-op),Offer,95.3,3/19/2026,,Average supp app,Took advanced functions and calculus and vectors in grade 11
Waterloo,WM,Mathematics (Co-op),Offer,94.5,3/19/2026,,"DECA, Non-profit, tutor",IB diploma
Waterloo,WM,Mathematics (Co-op),Offer,83.67,3/20/2026,,"My dad died and I had to join the mafia to help support my family, made very good references to it on my application, Gooning 5h/day (grandmaster baiter), RCM 6 piano, played volleyball a few times",
Waterloo,WM,Mathematics (Co-op),Offer,98.17,5/8/2026,,"Self studied HS math and calculus in gr8 due to interest... did a decent amount of pure math in high school, (linear algebra, analysis, measure theory, etc etc as well as some undergrad physics). Chess (online, went to some clubs briefly), badminton, cricket, volunteering at school and elementary schools (mostly random things and a lot of tutoring math/science classes from gr9-gr12). Little Etsy business in gr10, and obviously the math contests from gr9-gr12, with medal cutoff/distinction for each of them, although I never thought I did that well. Got a 72 on Euclid this year.",
Waterloo,WM,Mathematics,Offer,97.5,5/8/2026,,"CSMC Distinction. Euclid (did shit).  Russian School of Math (Grade 7–12).Professional: Co-op @ CFA Society Toronto; designed high school financial outreach, content creation, and peer market research. Leadership: Founder/President of DECA chapter; Math Club; Asian Student Alliance. Community/Teaching: Piano teacher, played piano since age 3 (RCM lvl 9, started teaching in Gr 10); Peer Math Tutor (Gr 11-12); focused on STEM accessibility and communication.","good luck guys, dont overthink it, you got this :)"
Waterloo,WM,Mathematics (Co-op),Offer,97.5,5/8/2026,,High level competetive running recruited to varsity teams,
Waterloo,WM,Mathematics (Co-op),Offer,97.17,5/8/2026,,"Karate teacher for 4 years, math peer tutor, teachers assistant for a grade 9 math class","50 Euclid, 34 CSMC"
Waterloo,WM,Mathematics (Co-op),Offer,97,5/8/2026,,"Worked at Kumon, music and band stuff, studied a bunch of undergraduate math already","My grade 11 average was in the 80s, there’s always time to clutch up"
Waterloo,WM,Mathematics (Co-op and Regular),Offer,96.33,5/8/2026,,Officially ranked 114th in Canada for Fewest Moves Challenge in 3x3 Rubik's Cube (at the time of application); Officially ranked 88th percentile globally for 3x3 Rubik's Cube Single and Average (at the time of application); COMC Honours; SAT Math 97th percentile; Waterloo also gets my CEMC contest results. I scored a 11/75 on CCC Senior (ik thats bad but what was that first question istg) and 40/60 on CSMC Senior. Not sure what I got on Euclid but I'm sure it was 55-65.,"I am a full IB student, so English, French, and both Maths are subject to change when exam results come on July 6 or 7. My top 6 was 93 in ENG4U, 97 in both MHF4U and MCV4U, 97 in FSF4U, 97 in HZT4U (Theory of Knowledge), and 97 in SPH4U."
Waterloo,WM,Mathematics (Co-op),Offer,96.33,5/8/2026,,"Model UN, Co-founded Stock Market Club at School, Qualified for DECA provs, nothing crazy",
Waterloo,WM,Mathematics (Co-op and Regular),Offer,96.17,5/8/2026,,"Interned at a Financial Bank, Played an instrument for 7+ Years, Ran Schoolwide Hackathons, Robotics Software Lead, 4 yrs Badminton, Tons of HS clubs, Math contests, coding-related side projects",
Waterloo,WM,Mathematics (Co-op),Offer,94.8,5/8/2026,,"Teaching coding in Pakistan, Math tutoring, English and Math tutoring to refugees, Table Tennis Team Captain, Table Tennis Club co-founder, Children's Program Assistant - EarlyOn Centre, Reading, FRC (First Robotics Competition)",
Waterloo,WM,Mathematics,Offer,94.33,5/8/2026,,"Self-hosted minecraft server on Linux VPS, created live sound mentorship, included specific details about the school (velocity, professors, student culture)","IB, average high school weight"
Waterloo,WM,Mathematics (Co-op),Offer,94,5/8/2026,,"4 Years Head Yearbook photographer, Tutored grades 1-6 kids 200 hours, DECA provincial runner up 2x, Student Ambassador for my school, Religious club VP, MedLife grade 12 representative, more volunteering.",
Waterloo,WM,Mathematics (Co-op),Offer,93.67,5/8/2026,,,
Waterloo,WM,Mathematics (Co-op),Offer,93.5,5/8/2026,,"For each question I wrote about: 1. My passion for sports analytics/statistics 2. My time volunteering and weaving milk bag beds at a church 3. Troubles with gaining permission from a teacher to play on baseball team due to poor grades 4. My passion for math and it's applications in every area of life 5. ECs: barista/retailer job, varsity baseball, senior tennis, senior badminton, fitness club, volunteering","Took 1 elearn class in my top 6 (nutrition). Prereqs: 92 calculus & vectors, 92 english, 93 adv functions"
Waterloo,WM,Mathematics (Co-op),Offer,93.33,5/8/2026,,"pres for model un & shsm council, exec for physics club, band, tutoring, stem organization","AP chem, physics, adv func, calc"
Waterloo,WM,Mathematics (Co-op),Offer,93.33,5/8/2026,,"Represented Canada Twice in Canada Internationally for Chess; Top 10 at the 2024 FIDE World School Chess Championships; National Master at Chess; Piano ARCT Diploma; Founder/Owner of Community Chess Club raising over $10,000 to organizations like CHEO, Alzheimer's Society of Canada etc.",2 IB Courses in Top 6: Advanced Functions (SL) and TOK. MCV4U was only an 86.
Waterloo,WM,Mathematics (Co-op),Offer,92.8,5/8/2026,,"Exec of school council, Deca awards, exec of another club, hospital volunteer, Math awards","be yourself, good luck guys you got this seriously I wish I stressed less this year"
Waterloo,WM,Mathematics,Offer,92.67,5/8/2026,,AIF for EE rejected from ee tho,
Waterloo,WM,Mathematics (Co-op),Offer,92.33,5/8/2026,,,
Waterloo,WM,Mathematics (Co-op),Offer,92,5/8/2026,,"Started club, shad, coding projects/commissions, 3D awards 3rd in Ontario.",idk how i got in with a 92
Waterloo,WM,Mathematics (Co-op),Offer,92,5/8/2026,,stacked athlete,
Waterloo,WM,Mathematics (Co-op),Offer,90.4,5/8/2026,,,
Waterloo,WM,Mathematics (co-op),Offer,89,5/8/2026,,,
Waterloo,WM,Mathematics (Co-op and Regular),Rejected,97.33,5/14/2026,,"talked abt making art, writing music, cross country, math and science tutoring, badminton,, honestly nothing too substantial",
Waterloo,WM,Mathematics (Co-op),Rejected,96.33,5/14/2026,,"Some clubs, tutoring for school and privately, VEX robotics for two years, running a chess club, helping kids with disabilities, it was pretty mid tbh.",Did bad on all the contests. Did English in summer school.
Waterloo,WM,Mathematics,Rejected,96,5/14/2026,,"Internship, deca, part time job and others",Idk how I got rejected - no online classes either
Waterloo,WM,Mathematics (Co-op),Rejected,94,5/14/2026,,"President of 2 clubs, Band, average Euclid score","5 AP classes, 4 on AP Calc AB, 35 ACT"
Waterloo,WM,Mathematics (Co-op),Rejected,92.83,5/14/2026,,"exec positions on clubs, not anything special",IB
Waterloo,WM,Mathematics (Co-op),Rejected,92,5/14/2026,,,"i did physics online, my math marks were 90s, and i gave up on the aif did it a day before it was due"
Waterloo,WM,Mathematics (Co-op and Regular),Rejected,80.7,5/14/2026,,"Choir, peer tutor for Math, volunteered to give food to the homeless",
Waterloo,WMB,Mathematics/Business Administration,Offer,96.33,5/8/2026,,,Just be yourself!!!!
Waterloo,WMB,Mathematics/Business Administration,Offer,94.17,5/8/2026,,,
Waterloo,WMF,"Mathematics/Financial Analysis and Risk Management, Co-op",Offer,98,3/18/2026,,,
Waterloo,WMF,"Mathematics/Financial Analysis and Risk Management, Co-op",Offer,98.5,3/19/2026,,student council president,
Waterloo,WMF,Mathematics/Financial Analysis and Risk Management,Offer,97,3/19/2026,,,
Waterloo,WMF,"Mathematics/Financial Analysis and Risk Management, Co-op",Offer,96.17,3/19/2026,,,
Waterloo,WMF,electrical engineering,Offer,88,4/1/2026,,no ecs,-3.2 adjustment
Waterloo,WMF,Mathematics/Financial Analysis and Risk Management,Offer,94,4/9/2026,,,
Waterloo,WMF,Mathematics/Financial Analysis and Risk Management,Offer,91,4/9/2026,,"Competitive piano playing, nonprofit cofounder, club vice president, tutor","IB 37, $2000 entrance scholarship"
Waterloo,WMF,"Mathematics/Financial Analysis and Risk Management, Co-op",Offer,95,4/16/2026,,Talked about founding a finance club,Grade 12
Waterloo,WMF,Mathematics/Financial Analysis and Risk Management,Offer,97.5,5/8/2026,,Competetive running recruited to varsity teams,
Waterloo,WMF,Mathematics/Financial Analysis and Risk Management,Offer,96.83,5/8/2026,,"black belt, archery medal, deca medal, peer tutoring coordinator, marketing exec",IB diploma
Waterloo,WMF,Mathematics/Financial Analysis and Risk Management,Offer,96.33,5/8/2026,,,Just be yourself on the AIF!!!
Waterloo,WMF,"Mathematics/Financial Analysis and Risk Management, Co-op",Offer,96.33,5/8/2026,,"Model UN, Co-founded Stock Market Club at School, Qualified for DECA provs, nothing crazy",
Waterloo,WMF,"Mathematics/Financial Analysis and Risk Management, Co-op",Offer,95.83,5/8/2026,,"half assed aif with horrendous/next to none ecs, smthn about being a band section leader, speedcubing, some random bottom of the barrel bs i could think of on the last day ¯\_(ツ)_/¯ (distinction on 2025 fermat + csmc as well, euclid 2026: 58)",2k+ pres scholarship of distinction rahh sem 1 finals: english - 88 (sonion ring😭) advfunc - 98 sem 2 midterms: band - 98 calc - 99 chem - 96 repertoire - 96
Waterloo,WMF,"Mathematics/Financial Analysis and Risk Management, Co-op",Offer,95.67,5/8/2026,,"Talked about DECA provs, competitive swimming, waterloo contests (FLC, Euclid, CSMC, fermat etc.)",dont need to do super well on contests to get in NGL
Waterloo,WMF,Mathematics/Financial Analysis and Risk Management,Offer,95.67,5/8/2026,,,
Waterloo,WMF,"Mathematics/Financial Analysis and Risk Management, Co-op",Offer,95,5/8/2026,,25 euclid:70. 26 euclid: 80,
Waterloo,WMF,Mathematics/Financial Analysis and Risk Management,Offer,95,5/8/2026,,,
Waterloo,WMF,"Mathematics/Financial Analysis and Risk Management, Co-op",Offer,94.83,5/8/2026,,"Music council president, FBLC top 10 twice, badminton team, volunteering",did so bad on Euclid but still got in!
Waterloo,WMF,Mathematics/Financial Analysis and Risk Management (FARM),Offer,94.83,5/8/2026,,,
Waterloo,WMF,Mathematics/Financial Analysis and Risk Management Honours Co-op,Offer,94.8,5/8/2026,,"Teaching coding in Pakistan, Math tutoring, English and Math tutoring to refugees, Table Tennis Team Captain, Table Tennis Club co-founder, Children's Program Assistant - EarlyOn Centre, Reading, FRC (First Robotics Competition)",
Waterloo,WMF,Mathematics/Financial Analysis and Risk Management,Offer,94,5/8/2026,,"4 Years Head Yearbook photographer, Tutored grades 1-6 kids 200 hours, DECA provincial runner up 2x, Student Ambassador for my school, Religious club VP, MedLife grade 12 representative, more volunteering.",
Waterloo,WMF,Mathematics/Financial Analysis and Risk Management,Offer,93.67,5/8/2026,,I talked about doing competitive swimming my whole life and coaching swimming. I talked about a program I volunteered in Spain called Pueblos Ingles doing an English Immersion program and I was a Pickleball Convenor for 55+ Seniors.,
Waterloo,WMF,"Mathematics/Financial Analysis and Risk Management, Co-op",Offer,93.67,5/8/2026,,,
Waterloo,WMF,Mathematics/Financial Analysis and Risk Management,Offer,92,5/8/2026,,Mentioned DECA in AIF,Youth mentor at a community centre + had a CO-OP at an accounting firm
Waterloo,WMF,Mathematics/Financial Analysis and Risk Management,Offer,91,5/8/2026,,Sport and Cadets -- Leadership type stuff I guess,"IB (is useless)-- if you're an athlete, def contact the schools coach."
Waterloo,WMF,Mathematics/Financial Analysis and Risk Management,Offer,95.33,5/11/2026,,"Royal Canadian Air Cadets (Sergeant) | Sep 2023–Present | ~145 hrs; Promoted AC → LAC → Cpl → FCpl → Sgt; Participated in Field Training Exercises (FTXs), Annual Ceremonial Reviews (2x), and Remembrance Day Parade; Taught lessons to junior cadets (e.g., D-Day); Led fundraising efforts through the Poppy Campaign, raising $150+; Cricket Team (Vice-Captain) | May 2023–Present | ~42 hrs; Vice-Captain and team leader; Top-order batter and medium-pace bowler (all-rounder); Contributed to numerous team victories; DECA | Sep 2022–Present | ~86 hrs (50 sessions); Earned Regional Certifications in 2024 and 2025; Qualified for and competed at DECA Provincials twice; STEAM Innovation Challenge (STEAM IC) | Sep 2024–Present | ~30 hrs (11 sessions); Qualified for and competed at Provincials; {articipated in innovation and model-development projects; School Newspaper | Sep 2023–Present | ~15 hrs; Assistant Videographer; Writer and Head of Opportunities Column; Engineering Science Quest (University of Waterloo) | Jul 2024; Jul–Aug 2025 | ~174 hrs; Taught science and engineering concepts to youth; Supported STEM outreach and educational programming; Waterloo Region Museum | 2024–2025 | ~24 hrs; Gallery Assistant; Youth Camp Volunteer; Youth Food Systems (YFS) Food Blog | Dec 2023–Present | ~15 hrs; Published content promoting food sustainability and awareness;  Homework Hub Tutor | 2023 | ~15 hrs; Provided academic support and tutoring to students; STEAM Club Leader | 2024–2025 | ~6 hrs; Led STEM outreach activities and club initiatives; SHAD 2025 | Jun–Jul 2025 | ~150 hrs; Completed a Design Entrepreneurship project; Participated in Shad Social and community initiatives; IVEY Summer Leadership Program (SLP) | Aug 2025 | ~53 hrs; Led Capstone Project team; Developed an upcycled quilt business concept; International Baccalaureate (IB) Diploma Programme | 2022–2026; Earned IB certificates in Completed IB Physics SL Completed IB Chemistry HL Completed IB Mathematics: Analysis & Approaches SL; Math Circle | Sep 2020–Jan 2023 | ~72 hrs; Participated in advanced mathematics enrichment programming; Academic Competitions Pascal Contest (2023) 3rd in School Certificate Recipient Cayley Contest (2024) 3rd in School Certificate Recipient CIMC (2024) 2nd in School Certificate Recipient Fermat Contest (2025) SIN Competition (2025) 2nd in School Certificate Recipient CSMC (2025) Euclid Contest (2025)",gl
Waterloo,WMF,Mathematics/Financial Analysis and Risk Management,Rejected,96,5/14/2026,,"Internship, deca, part time job, volunteering etc",Idk how I got rejected - no online classes either
Waterloo,WMF,Mathematics/Financial Analysis and Risk Management (FARM),Rejected,92.5,5/15/2026,,"President of Investing Club, Used math to model derivatives leading to 6 figures in trading profits","Very competitive program, Goodluck future applicant!"
Waterloo,WMT,Mechatronics Engineering,Offer,99.67,2/27/2026,,"Student Council 2 years, peer tutoring, internship, sports - volleyball, basketball, badminton, robotics, head of 3 clubs","APs: Calc, Chem, Physics, Seminar, Research, French, Compsci, Microecon"
Waterloo,WMT,Mechatronics Engineering,Offer,98.83,2/27/2026,,,
Waterloo,WMT,Mechatronics Engineering,Offer,98.4,2/27/2026,,,
Waterloo,WMT,Mechatronics Engineering,Offer,98,2/27/2026,,national + international astro olympiads,did APs but didn't submit them
Waterloo,WMT,Mechatronics Engineering,Offer,97.5,2/27/2026,,"4 years+exec in electric car racing team, 5 years Air Cadets, CEMC math contest distinctions/school champions, Waterloo Eng summer internship, other club execs",:D
Waterloo,WMT,Mechatronics Engineering,Offer,97.5,2/27/2026,,student council president; robotics founder+president; kumon instructor; starting a tutoring service; student senator; hosa president,
Waterloo,WMT,Mechatronics Engineering,Offer,97.3,2/27/2026,,"Robotics lead, 2x DECA ICDC top 10, skating instructor",I release it 5 times a day. Helps with the stress iykyk
Waterloo,WMT,Mechatronics Engineering,Offer,97,2/27/2026,,"student leadership council secretary, badminton captain, yearbook editor-in-chief",ib
Waterloo,WMT,Mechatronics Engineering,Offer,96.67,2/27/2026,,"Electrical lead for Frc robotics team, peer turtoring, talked about personal project","took AP functions, AP physics, AP calculus, and AP chemistry"
Waterloo,WMT,Mechatronics Engineering,Offer,96,2/27/2026,,"IB student, mid EC's, founded small charity, VP of DECA chapter, interest in building small model/rc cars.",
Waterloo,WMT,Mechatronics Engineering,Offer,96,2/27/2026,,"Oxford 2025 Climate Change Competition Runner Up, Yearbook head, experiment on NASA mission",
Waterloo,WMT,Mechatronics Engineering,Offer,95.83,2/27/2026,,"3x VEX Robotics Worlds, provincial champions and world division champions. Became mentor in last year. Volunteer coding tutoring at non-profit. Ski instructor.",
Waterloo,WMT,Mechatronics Engineering,Offer,95.67,2/27/2026,,,
Waterloo,WMT,Mechatronics Engineering,Offer,95.5,2/27/2026,,"2k-2.5k hours on robotics, only ec",
Waterloo,WMT,Mechatronics Engineering,Offer,95.33,2/27/2026,,Solid ECs (sports + engineering related work experiences and projects + charity work),
Waterloo,WMT,Mechatronics Engineering,Offer,96,3/20/2026,,"Robotics Club President, Audio and Visual Lead, 2 Misson trips, Varsity Sports",
Waterloo,WMT,Mechatronics Engineering,Offer,95.83,3/25/2026,,"Bunch of awards at engineering/Physics/math Competitions, cello, prez of some clubs, some job/volunteering etc.","-9.5 adj factor, 10 APs all 5s"
Waterloo,WMT,Mechatronics Engineering,Offer,95.83,3/25/2026,,"Few club prez(s), some cool engineering/physics/math awards, cello, camp counsellor etc","-9.5 adj factor, 10 APs all 5s"
Waterloo,WMT,Mechatronics Engineering,Offer,95.16,4/7/2026,,"Robotics, Science Fair, Research Project, Job, Volunteering",
Waterloo,WMT,Mechatronics Engineering,Offer,94.67,4/20/2026,,"Sent something to near-space altitude, coding club founder, built autonomous drone software and some object recognition systems; built custom PCBs for most of these.",
Waterloo,WMT,Mechatronics Engineering,Offer,"3A*s, 1B (International A Levels)",4/21/2026,,"In the interview, I talked about my interest in renewable energy. I think the EC that made me stand out is me working as a Mathematics teacher assistant.","My subjects are A Level Maths, Physics and Arabic and AS Level Chemistry."
Waterloo,WMT,Mechatronics Engineering,Offer,97.5,4/21/2026,,"Chair of Student Council (2 years), Deca (Exec 2 years, 3x Regionals First Place award), Arts Council President (4 years), Part-time retail/food jobs (1 year), Visual arts high school program (4 years, connected my passion for art and creativity to engineering in supp app), Shad, CSMC Distinction","You got this :) Don't be scared to apply if you only realized you wanted to engineering late in high school (like me), I had absolutely no engineering/robotics experience except a few summer camps so it's totally possible! Emailed for earlier decision due to UBC offer deadline."
Waterloo,WMT,Mechatronics Engineering,Offer,94.5,4/21/2026,,"Waterloo CCC HR, CSMC Distinction, Top Spots in National tournaments in basketball(Ukraine), a lot of courses taken for academics(UMich Programming, Northwestern Robotics and Hong Kong TechSci Uni Matrices course), 3rd in Ukrainian Physics Contest, Got away from war(talk a lot about its effects on me in the sup app), School HOSA club member and School's Robotics club co-founder/leader","Sent them my UBC offer which has a deadline of May 01, asked for an earlier decision and they gave me one! ig: mekhoel.igna"
Waterloo,WMT,Mechatronics Engineering,Offer,98.17,5/6/2026,,"Robotics for 1 year, awards on math contests, small microbusiness, volunteering at hospital, president of math club, antkeeping",I didnt have any notable jobs or coop experience
Waterloo,WMT,Mechatronics Engineering,Offer,96.83,5/6/2026,,"Vex (1104S & 1104V), school clubs, job, coop, volunteering and sports. Nothing too crazy.",AP Advanced Functions and AP Calc
Waterloo,WMT,Mechatronics Engineering,Offer,96.8,5/6/2026,,"VEX Robotics, Provincial-level Debate, Co-Founder of Cultural Group, 3 Varisty Sports, ACE Mentors Program, Volunteering with Church...e.t.c.",I still can't believe it. This was my dream program!!
Waterloo,WMT,Mechatronics Engineering,Offer,96.67,5/6/2026,,"International Competitive Dance, Physics Club president (exec of couple others), 10 years working with Blender (done competitions, etc...), web developer, hosted a student business market, programmed robots. Just a solid aif + video interview ig.",son we made it
Waterloo,WMT,Mechatronics Engineering,Offer,96,5/6/2026,,"Founded robotics team (FTC) at school, captain. Student Senate member (like a student council but school district wide). Violinist in the pit orchestra at my school for 3 years. Apart of School's math club since start of highschool. Apart of the arts and media program at my school for the past 5 years, where I specialize in instrumental music (started in grade 7, till now).  Started a violin business, where I play at many events, stages, gigs, and teach private lessons. I’ve started this business by busking in markets. Done 100+ gigs/events throughout, playing on various major stages and have appeared on national television. I've also worked with many other charities, and made my own fundraisers as well through violin which I raised $2000. I've started this business in 2019, and i'm still going. Apart of a charity based in NYC that raises funds for Homeless Kids in NYC and teen refugees, and how we raise money is by playing music in venues across NYC. Apart of the charity for 3 years, and have raised over $10,000 dollars while I was apart of their group. We have also done shows in Toronto to raise money for people in need in Canada. Substitute violin teacher at a music studio Helped a kids robotics summer camp as a camp counsellor at my school (affiliated with our robotics team)","Avg Adjustment; Applicant date is when I fully completed my waterloo application (AIF, interview); individual grades: 98- chem; 97 - Advanced functions; 95 - calc; 95- physics; 92 - english; 99 - Pit Orchestra"
Waterloo,WMT,Mechatronics Engineering,Offer,92.83,5/6/2026,,,
Waterloo,WMT,Mechatronics Engineering,Rejected,97.5,5/13/2026,,,
Waterloo,WMT,Mechatronics Engineering,Rejected,96.67,5/13/2026,,"Started a business ($1k+ profit) , peer tutor for chemistry, exec in 2 clubs where I managed a ton of members and organized events, tons of hackathons and stem competitions, Waterloo ccc and csmc no distinction.",Bomboclat big t pls lemme in
Waterloo,WMT,Mechatronics Engineering,Rejected,94,5/13/2026,,FTC technical team co-captain,
Waterloo,WMT,Mechatronics Engineering,Rejected,93.67,5/13/2026,,mid ecs,
Waterloo,WMT,Mechatronics Engineering,Rejected,92.5,5/13/2026,,"Head of robotics team and computer science club, orchestra conductor",
Waterloo,WN,Math/Chartered Professional Accountancy (CPA),Offer,98.33,5/8/2026,,"Internship, president of robotics, president of student council, music council",
Waterloo,WN,Math/Chartered Professional Accountancy (CPA),Offer,97,5/8/2026,,lots of math contests,
Waterloo,WN,Math/Chartered Professional Accountancy (CPA),Offer,95.67,5/8/2026,,,
Waterloo,WN,Math/Chartered Professional Accountancy (CPA),Offer,95.17,5/8/2026,,,
Waterloo,WN,Math/Chartered Professional Accountancy (CPA),Offer,93.67,5/8/2026,,,
Waterloo,WN,Math/Chartered Professional Accountancy (CPA),Offer,91,5/8/2026,,Just mentioned a sport and Cadets,IB (is useless)
Waterloo,WN,Math/Chartered Professional Accountancy (CPA),Rejected,94.67,5/14/2026,,"president of MUN and target alpha, part time job as clerk",
Waterloo,WNT,Nanotechnology Engineering,Offer,93.5,2/3/2026,,,
Waterloo,WNT,Nanotechnology Engineering,Offer,95.16,2/11/2026,,"deca, eng internship, few exec positions",
Waterloo,WNT,Nanotechnology Engineering,Offer,98.16,2/12/2026,,,
Waterloo,WNT,Nanotechnology Engineering,Offer,94,2/12/2026,,"Assistant coach for a rep basketball team, founder of a math tutoring start up, few leadership positions at school, 3 year varsity basketball and 4 years varsity tennis",
Waterloo,WNT,Nanotechnology Engineering,Offer,96.3,2/27/2026,,,
Waterloo,WNT,Nanotechnology Engineering,Offer,95.8,2/27/2026,,"Majority of my extracurriculars were long commitment (3+ years) and my ""essays"" were more written like narratives",You've got this c:
Waterloo,WNT,Nanotechnology Engineering,Offer,89.83,3/2/2026,,"Deca three time provincial qualifier, captain of baseball team, eng club founder, peer tutor",
Waterloo,WNT,Nanotechnology Engineering,Offer,90.67,5/6/2026,,"Deca provincial top 15 medal recipient, Model UN Exec, relatively high rank in royal canadian air cadets, member of a few clubs",
Waterloo,WNT,Nanotechnology Engineering,Offer,89.3,5/6/2026,,"Protein Research Team, Student council, internship",
Waterloo,WNT,Nanotechnology Engineering,Offer,87.14,5/8/2026,,1st in Ontario for Enduro mountain biking and 2nd for Downhill. Sponsored by several companies making social media content for them and placing podium. JV starting goalie for 2 years on the team for 3. Yearbook photography and social media.,Metis and IB
Waterloo,WP,Planning,Offer,96.67,12/4/2025,,,
Waterloo,WP,Planning,Offer,94.16,12/4/2025,,,IB courses
Waterloo,WP,Planning,Offer,93.8,12/4/2025,,,"No need ECs, poor gr11 grade (77% out of the 8 courses, one 60s, two 50s)"
Waterloo,WP,Planning,Offer,93.67,12/4/2025,,,never expected to get in so early
Waterloo,WP,Planning,Offer,92.33,12/4/2025,,,
Waterloo,WP,Planning,Offer,91.2,12/4/2025,,,no supp just baller
Waterloo,WP,Planning,Offer,89.83,12/4/2025,,,
Waterloo,WP,Planning,Offer,96,12/5/2025,,,i love urban planning✌️
Waterloo,WP,Planning,Offer,91.22,1/13/2026,,,
Waterloo,WP,Planning,Offer,90.6,2/3/2026,,,
Waterloo,WP,Planning,Offer,89.3,2/3/2026,,,
Waterloo,WP,Planning,Offer,91.5,2/4/2026,,,
Waterloo,WP,Planning,Offer,90,2/25/2026,,,
Waterloo,WP,Planning,Offer,86.5,2/25/2026,,,yayyyyy good luck everyone
Waterloo,WP,Planning,Offer,86,2/25/2026,,,
Waterloo,WP,Planning,Offer,90.33,5/5/2026,,,IBDP
Waterloo,WP,Planning,Offer,92,5/6/2026,,,See everynyan september >w<
Waterloo,WP,Planning,Offer,87.67,5/8/2026,,,
Waterloo,WPS,Physical Sciences (Co-op),Offer,96,12/3/2025,,,
Waterloo,WPS,Physical Sciences (Chemistry),Offer,95.17,12/3/2025,,,
Waterloo,WPS,Physical Sciences (Co-op),Offer,94,12/3/2025,,,
Waterloo,WPS,Physical Sciences (Biological and Medical Physics),Offer,93.83,12/3/2025,,,IB courses
Waterloo,WPS,Physical Sciences (Medicinal Chemistry),Offer,93,12/3/2025,,,
Waterloo,WPS,Physical Sciences (Earth Sciences),Offer,92.33,12/3/2025,,,
Waterloo,WPS,Physical Sciences (Co-op),Offer,87.8,12/3/2025,,,
Waterloo,WPS,Physical Sciences (Co-op),Offer,96.83,12/4/2025,,,"Physical Science was my 2nd choice for Waterloo. I did adv functions and calculus in gr11 (100 and 99 in each respectively), my midterm was 91 ENG4U, 95 EWC4U, 99 MDM4U, and I had no other science first semester but had a 97 in gr11 chemistry."
Waterloo,WPS,Physical Sciences,Offer,95.17,12/4/2025,,,"I am an IB student, but I submitted my converted scores, and btw best of luck if your applying."
Waterloo,WPS,Physical Sciences (Mathematical Physics),Offer,94.67,12/4/2025,,,Completed Calculus and Advanced Functions in grade 11
Waterloo,WPS,Physical Sciences,Offer,94,12/4/2025,,,
Waterloo,WPS,Physical Sciences,Offer,94,12/4/2025,,,IB Student
Waterloo,WPS,Physical Sciences,Offer,92.3,12/4/2025,,,"Not based off midterms, but highest final grades from gr.11"
Waterloo,WPS,Physical Sciences (Co-op),Offer,89,12/4/2025,,,
Waterloo,WPS,Physical Sciences,Offer,88,12/4/2025,,,
Waterloo,WPS,Physical Sciences,Offer,94,12/26/2025,,,
Waterloo,WPS,Physical Sciences,Offer,90.33,1/20/2026,,,
Waterloo,WPS,Physical Sciences (Co-op),Offer,98,1/23/2026,,-,
Waterloo,WPS,Physical Sciences (Co-op),Offer,91.2,2/2/2026,,,
Waterloo,WPS,Physical Sciences (Co-op),Offer,91,2/3/2026,,,
Waterloo,WPS,"Physical Sciences (Materials & Nanosciences, co-op)",Offer,89.8,2/3/2026,,,No Calc yet
Waterloo,WPS,Physical Sciences (Co-op),Offer,89.4,2/3/2026,,,Major in Biological and Medical Physics
Waterloo,WPS,Physical Sciences (Co-op),Offer,95.67,2/4/2026,,,
Waterloo,WPS,Physical Sciences,Offer,91.33,2/4/2026,,,94 in MHF4U. From low grade inflation school (adj fac. usually like 10~11%)
Waterloo,WPS,Physical Sciences (Biological and Medical Physics),Offer,88,2/4/2026,,,
Waterloo,WPS,Physical Sciences,Offer,85,2/4/2026,,,
Waterloo,WPS,"Physical Sciences (Materials & Nanosciences, co-op)",Offer,95.8,2/24/2026,,,All courses included in average except calc
Waterloo,WPS,"Physical Sciences (Materials & Nanosciences, co-op)",Offer,95.8,2/24/2026,,,
Waterloo,WPS,Physical Sciences (Biological and Medical Physics),Offer,93.8,2/24/2026,,,
Waterloo,WPS,Physical Sciences (Nanoscience and Materials),Offer,96.3,2/25/2026,,,
Waterloo,WPS,Physical Sciences (Co-op),Offer,91.83,2/25/2026,,,
Waterloo,WPS,Physical sciences (Mathematical Physics),Offer,84.16,5/5/2026,,,"emailed them coz my english teacher wrongfully failed me on something for ""cheating"" and I got adhd diagnosis second sem."
Waterloo,WPS,Physical Sciences (Co-op),Offer,91,5/6/2026,,,
Waterloo,WPS,Physical Sciences (Medicinal Chemistry Co-op),Offer,84.5,5/6/2026,,,
Waterloo,WR,Architecture,Rejected,93.8,3/10/2026,,,Grade 11 DO MATTER!!!!!!!!!!!!
Waterloo,WR,Architecture,Rejected,88.83,3/11/2026,,,Lwk didn't even make it to the portfolio stage. Was hoping the interior design course (97%) I took would give me an advantage. Full IB student
Waterloo,WR,Architecture,Offer,97.67,4/24/2026,,"Went in-person for interview, be confident in your presentational skills. Had a 12 piece portfolio + lots of sketchbook.","no aps, grinded portfolio during the summer going into grade 12, as well as winter break."
Waterloo,WR,Architecture,Offer,97.33,4/24/2026,,Interview is mostly presenting your portfolio pieces but also on yourself. Went in-person for interview.,
Waterloo,WR,Architecture,Offer,93.8,4/24/2026,,Digital/In-person Interview Required,G12 midterm did not matter
Waterloo,WR,Architecture,Offer,93.5,4/24/2026,,"Co-prez of clubs, badminton, basketball, tennis, softball, student council committee",AP classss
Waterloo,WR,Architecture,Rejected,90,4/24/2026,,"Club roles, interest in arch, other extracurriculars, art courses, volunteering, etc.","Stage 2 b4 interview: upload portfolio and written answers abt urself. No précis, and then interview. Guys don’t be like me and finish ur portfolio a week before lol. I don’t know if it was just my panel but they didn’t ask about my written responses but only about my portfolio & gen arch stuff."
Waterloo,WS,Science,Offer,99.33,12/3/2025,,,
Waterloo,WS,Science,Offer,96.75,12/3/2025,,,
Waterloo,WS,Science,Offer,93.67,12/3/2025,,,
Waterloo,WS,Science,Offer,97,12/4/2025,,,
Waterloo,WS,Science,Offer,94.83,12/4/2025,,,Grade 12 midterm average is 91; I took HZT4U Grade 10 going into Grade 11 and MDM4UE Grade 11. Took AP Lang and AP Stats Grade 11.
Waterloo,WS,Science,Offer,97.33,2/3/2026,,,
Waterloo,WS,Science,Offer,90.5,5/4/2026,,,
Waterloo,WSA,Science & Financial Management (co-op),Offer,97,12/4/2025,,,1 AP & 4 grade 12 credits completed before this year. Conditional average 78%
Waterloo,WSA,Science & Financial Management (co-op),Offer,93.5,12/4/2025,,,
Waterloo,WSA,Science & Financial Management (co-op),Offer,90,2/24/2026,,,
Waterloo,WSB,Science and Business,Offer,90,12/5/2025,,,
Waterloo,WSB,Science and Business,Offer,95,,,,
Waterloo,WSE,Environmental Science,Offer,97,12/4/2025,,,1 AP & 4 grade 12 credits completed before this year. Conditional average 78%
Waterloo,WSE,Environmental Science,Offer,83,12/4/2025,,,
Waterloo,WSE,Environmental Science,Offer,99.33,2/3/2026,,,
Waterloo,WSF,Sustainability and Financial Management,Offer,92.33,2/13/2026,,,
Waterloo,WSF,Sustainability and Financial Management,Offer,92,2/13/2026,,,IDK HOW I GOT IT HELPPP IM SO HAPPY
Waterloo,WSF,Sustainability and Financial Management,Offer,92.83,2/16/2026,,,
Waterloo,WSF,Sustainability and Financial Management,Offer,89.4,2/26/2026,,,
Waterloo,WSO,Software Engineering,Offer,95.13,2/11/2026,,"400-ish volunteer hours with at-risk children in a boys' group home, robotics club, student council deputy prime minister, varsity tennis and volleyball",
Waterloo,WSO,Software Engineering,Offer,99.67,2/27/2026,,,WOOO TIME TO WAIT FOR UW CS PLEASE !! round is so early though I was surprised
Waterloo,WSO,Software Engineering,Offer,98.17,2/27/2026,,"apple co-op, council co-pres, CS club vice pres, tech lead at non-profit with verifiable impact,  5x waterloo contest honour rolls, ccc senior honour roll, hackathon winner, 4 varsity sports teams",lets gooo
Waterloo,WSO,Software Engineering,Offer,98.17,2/27/2026,,2 internships ; 300+ volunteer hours ; JA start-up - VP of Finance -  invited to Rotman CDL ; made an app;  hackathon winner ; CSMC Distinction ; DECA Exec; Commerce Club President,AP Calc BC and Lit
Waterloo,WSO,Software Engineering,Offer,96.67,2/27/2026,,"Main ECs: Co-op and summer term at AI/ML startup, running a summer program sponsored by the startup, waterloo quantum summer program (QSYS) ; Others: running 2 hackathons (participated in 5), distinction on math contests, girls mentorship program, volunteering (education centre, youth program, senior homes), 4 clubs","Doing AP calculus AB in second semester, but the offer was made prior to second sem midterms."
Waterloo,WSO,Software Engineering,Offer,96.3,2/27/2026,,,
Waterloo,WSO,Software Engineering,Offer,89,2/27/2026,,"olympian qualifier, ROPSA champion, clinical research at Dartmouth, 5x hackathon winner, deca ICDC 4x, HOSA ILC 3x, HOSA ILC winner 2x, apple co-op, Jane street co-op, YC startup, muslim student association marketing team","IB Hl physics, chemistry, math AA; APUSH; AP Lang and Lit"
Waterloo,WSO,Software Engineering,Offer,98.2,3/2/2026,,"ECs mentioned: high-performance sport, sponsorship to attend STEM conference, co-president of club, AP classes, extra courses, music ensemble, stage company music director, math and computing contests, visual artist at school exhibition, model UN, executive/member of other clubs, other sports, youth sport coaching, volunteering with animals, piano, graphic design volunteering","AP French, English Lit., Chem., Physics 1, Calc. AB"
Waterloo,WSO,Software Engineering,Offer,99,3/27/2026,,,
Waterloo,WSO,Software Engineering,Offer,99.33,5/6/2026,,"RBC Internship, Coding Teacher, STEM workshops, NSS Competition Winner, DECA President, 4x Hackathon wins, Waterloo Contests (top 40%), Lifeguard, OFSAA Volleyball, Hockey, Badminton, Invited to BC to learn about Indigenous Canadians.","Avg adjustment factor, AP program (only taking calc AB)"
Waterloo,WSO,Software Engineering,Offer,99.33,5/6/2026,,"frc, cadets, lifeguarding, game dev",avg adj factor
Waterloo,WSO,Software Engineering,Offer,99,5/6/2026,,"Extracurriculars: Music Council President, Concert Band (4 years), Jazz Band (3 years), Peel Showcase Band (audition-based, performing in May 2025), Swimmer (Bronze Cross, CPR-C, plans to get National Lifeguard and Instructor License), HOSA (participated in grades 9-10, not in grade 11, unsure about grade 12), HOSA Canada (2/3 years, competed in Medical Terminology and Medical Math), IBMC (Grade 9/10), Piano teacher (taught biweekly for 2-3 hours over 6 months), Waterloo Math Competitions (5 distinctions), Google Data Analytics Certificate (completed), Assisted with IB Info Night (chatted with parents), Hosted school’s 50th anniversary event for alumni as part of CAS, Other CAS projects.","I honestly can't rly believe I got it... my ecs are all local, not crazy technical, and i have no majorrr awards. And I didn't apply to CE or SYDE as an easier option like I was told to. very pleased with this result Oh that and I'm an IB student, taking SL math (not even HL???) !!"
Waterloo,WSO,Software Engineering,Offer,98.7,5/6/2026,,"Startup with 70,000 users, Offered $150k-$750k to drop out of highschool, piloted the Startup at Seneca college with 40,000 students. Built an in house version of Waterloo's WMOJ to host Computing competitions for hundreds of students.","Follow the standard Waterloo pipeline. High marks, good ECs, CCC, Euclid, CEMC, First robotics. Don't need to do all of them just pick a few."
Waterloo,WSO,Software Engineering,Offer,98.5,5/6/2026,,,
Waterloo,WSO,Software Engineering,Offer,98.33,5/6/2026,,"national badminton player + medals, waterloo math contest honor rolls, shad canada, web dev for math non-profit, high school hackathon exec, math & cs clubs copres, badminton club co-founder, deca trainer + provs participant","APs (5 in cs a & chem & calc bc, 4 in physics 1), mediocre kira interview"
Waterloo,Wso,Software Engineering,Offer,97.33,5/6/2026,,"Pres of 4 clubs, traditional catalyst program, distinction and honour roll on ccc and multiple math contests.",Avg adjustment factor no ap ib
Waterloo,WSO,Software Engineering,Offer,96.17,5/6/2026,,,
Waterloo,WSO,Software Engineering,Offer,93.83,5/6/2026,,"Wednesday session leader of different UFA Wednesday sessions like Java & Python computer programming, Scouts Canada youth leader, STEM Club Math department member, Environmental Alliance executive, 272.75 volunteer hours, purple belt karate assistant educator, PASS Club Physics and Functions tutor, experience with programming languages like C++, Java, Python, HTML, Javascript, regularly attended computer science, physics, chemistry and math contests hosted by Waterloo","No AP or IB courses, adjustment factor of -9.4 (Ursula Franklin Academy), had an 86 in Physics (the entire course for the semester only had one or two students with a grade of 90 or above)"
Waterloo,WSO,Software Engineering,Rejected,94.17,5/13/2026,,,
Waterloo,WSV,Science and Aviation,Offer,92,3/5/2026,,yap about planes. literally,
Waterloo,WSV,Science and Aviation,Offer,90.17,3/6/2026,,,
Waterloo,WSV,Science and Aviation,Offer,95.5,3/26/2026,,"Volunteered over 400+ hours city events, provincial events, local events. Air cadets for 3+ years.",
Waterloo,WSV,Science and Aviation,Offer,97.83,5/4/2026,,"Math club, President of leadership club, singing, volunteering",
Waterloo,WSV,Science and Aviation,Offer,93.5,5/4/2026,,"Mentioned VEX Robotics, volunteered for 250 hours at a community centre for summer camp, and my goals revolving around aviation.",
Waterloo,WSV,Science and Aviation,Offer,89.5,5/4/2026,,,
Waterloo,WSV,Science and Aviation,Rejected,80.5,5/14/2026,,,
Waterloo,WWF,Electrical Engineering,Offer,98.83,2/27/2026,,"rcm classical guitar lvl 9, full time math research at uhn, clinical musician, french lessons, math club president, part time job, lead guitarist in guitar club, frc team, ymca swim instructor, waterloo math contests + comc",submitted ap calc bc score (5)
Waterloo,WWF,Electrical Engineering,Offer,98.5,2/27/2026,,"part time job, sports teams, basic clubs",
Waterloo,WWF,Electrical Engineering,Offer,98.5,2/27/2026,,,
Waterloo,WWF,Electrical Engineering,Offer,98.17,2/27/2026,,Club executive; 2x internship experience; concert band; co-op @ a university,
Waterloo,WWF,Electrical Engineering,Offer,97.33,2/27/2026,,,
Waterloo,WWF,Electrical Engineering,Offer,97.33,2/27/2026,,,
Waterloo,WWF,Electrical Engineering,Offer,97.3,2/27/2026,,"International engineering competition finalist, 1000 hours+ volunteering, lots of Waterloo contests, 9 clubs this year, 5 clubs last year, student council president",Ngl expecting it to come a bit later I was surprised
Waterloo,WWF,Electrical Engineering,Offer,97,2/27/2026,,"Ontario Chess Challenge Top 10 (twice), President of Chess Club, 10 years of playing piano, Science Council Executive, Computer Club Executive","Part of the school AP program, and gifted program.  Waterloo adjustment ~11."
Waterloo,WWF,Electrical Engineering,Offer,96.5,2/27/2026,,"robotics exec, music and drama club president, choir leader, school camp director and sleepaway paid camp counselor, math club exec, top 5% csmc idk whats notable",IB
Waterloo,WWF,Electrical Engineering,Offer,96,2/27/2026,,"Co-Head of FIRST and VEX Robotics teams, 3 Jobs, MMA , Passion Project, Basketball, baseball, Cycling, Volunteer Tutor, Student Ambassador, UofT and Waterloo and MIT Summer programs, Cricket Team Captain, Math Team, Silver Duke of Ed award",
Waterloo,WWF,Electrical Engineering,Offer,95.33,2/27/2026,,"Catalyst, Hypatia school champion + honors, Fermat school champion, DECA ICDC + markeing specialist, debate club co-president",
Waterloo,WWF,Electrical Engineering,Offer,95.33,2/27/2026,,"Black Belt in Karate, Marketing Executive Positions, Peer Tutoring Coordinator",IB Diploma
Waterloo,WWF,Electrical Engineering,Offer,95,2/27/2026,,"Some small personal projects(fixing/reselling electronics, providing computer building help online), casual team/individual sports. No (significant) leadership positions or big awards. Nothing seriously impressive or with any kind of large recognition.","IB, HLs: Math, Phys, Chem. Got in despite 88 in English, 93 Chem, and mediocre ECs. Guy saying you should give up if you have sub 98 is wrong! However, I did fully expect to get rejected :/"
Waterloo,WWF,Electrical Engineering,Offer,98.6,3/5/2026,,,
Waterloo,WWF,Electrical Engineering,Offer,97.4,3/5/2026,,,
Waterloo,WWF,Electrical Engineering,Offer,95.6,3/5/2026,,,
Waterloo,WWF,Electrical Engineering,Offer,91.83,3/11/2026,,AI agent dev Intern; Mathematics tutor; Research Project about calculus intuition; Research intern in Institute of technology and food engineering ; Mathematics Olympiads; Built tutoring website,From CEGEP quebec low adjustment factor -3.6
Waterloo,WWF,Electrical Engineering,Offer,98.5,3/12/2026,,"Inaugural award for school created in recognition of my dedication to the Mount Elizabeth Tech Club Program: Leadership and Service Award (4 years); Founded a School Debate Club (2 years); Lead, advisor and mentor for FRC control's team (programming) (3 years); Nominated and semi-finalist for Dean's List Award (FIRST Robotics); Won 6 out of 8 academic awards last year; Graduating a year early by taking an online course overload over the summer; Gold star, Sergeant in RCACC Engineers (cadets) (3 years); Yearbook Club member (3 years); Student Council (1 year); Domino's Pizza Cook (Best Dough Shaper), currently unemployed (2 years); Shopify Entrepreneur (drop shipping hobby started by a group of friends); Schulich Leadership Scholarship School Nominee",
Waterloo,WWF,Electrical Engineering,Offer,96.17,3/23/2026,,,
Waterloo,WWF,Electrical Engineering,Offer,91,4/7/2026,,"Robotics team, made PCBs","-0.4 adjustment factor, comung from cegep"
Waterloo,WWF,Electrical engineering,Offer,88,4/8/2026,,worked at a non profit,3.2 adj
Waterloo,WWF,Electrical Engineering,Offer,97.83,4/21/2026,,"distinction in all waterloo math contests (excluding gauss), some honourable mentions/golds in CLMC and COMC. 200+ volunteer hours, 9 years taekwondo (black belt), average ecs aside from that (none related to engineering/EE)","took AP Calc BC, Chem and Physics 1"
Waterloo,WWF,Electrical Engineering,Offer,97.83,4/24/2026,,,Full IB
Waterloo,WWF,Electrical engineering,Offer,92,4/29/2026,,0 actual ecs others than I work part time,3.2 adj
Waterloo,WWF,Electrical Engineering,Offer,98.5,5/6/2026,,"Strong music related ECs (orchestras + competitions + RCM), Part time job, community involvement in music, leadership position in STEM clubs (Math, Robotics, etc).",Did lots of AP exams + SAT (for US unis). Also have a great correction factor
Waterloo,WWF,Electrical Engineering,Offer,96.83,5/6/2026,,,
Waterloo,WWF,Electrical Engineering,Deferred,96.8,5/8/2026,,,Deferred to Nanotechnology Engineering
Waterloo,WWF,Electrical Engineering,Rejected,"4A* predicted in Maths, further maths, physics, chemistry",5/13/2026,,"Volunteering at Oxfam, gold DofE, making a smartwatch, fencing captain, f1 in schools, gold in uk physics/chemistry/maths challenge/olympiad",
Waterloo,WWF,Electrical Engineering,Rejected,98.83,5/13/2026,,"mid ECs (Robotics Lead, Air Cadets, Music, Peer Tutor, etc.)","Avg. adjustment factor, rlly try to stand out on AIF and don't rely on grades"
Waterloo,WWF,Electrical Engineering,Rejected,98.5,5/13/2026,,"Mid ecs (non-STEM clubs and job), goofed the AIF and interview",Adjustment factor of around -12 I think
Waterloo,WWF,Electrical Engineering,Rejected,97.67,5/13/2026,,"black belt karate, provincial champion, track&field, volunteer (mental health, tutoring), piano","Thought AIF was good - told my story well - but they must have not liked it. Should have probably applied earlier for early round consideration.  I tutor other people that got in, so it's a bit ironic :)"
Waterloo,WWF,Electrical Engineering,Rejected,97,5/13/2026,,"-18 adjustment factor. Good ECS + interview imo. Engineering/research internship, ran 3 clubs, side projects, volunteering, robotics, and hackathons.",Got into CS and CFM. I think it was mainly the adjustment factor that cooked me for eng
Waterloo,WWF,Electrical Engineering,Rejected,95.8,5/13/2026,,"Select hockey, part-time job",
Waterloo,WWF,Electrical Engineering,Rejected,95.33,5/13/2026,,Nothing too noteworthy-head of a couple coubs-head programmer for ftc robotics team-part of mechanical team for frc robotics team-ran stem classes for children once a week,
Waterloo,WWF,Electrical Engineering,Rejected,94.2,5/13/2026,,"IB diploma student, mid ECs",
Waterloo,WWF,Electrical Engineering,Rejected,94,5/13/2026,,,ENG4U summer school
Waterloo,WWF,Electrical Engineering,Rejected,93.33,5/13/2026,,"pres for mun & shsm, physics club & stem organization exec, sports, shad uw",AP courses im so sad :(
Waterloo,WWF,Electrical Engineering,Rejected,92.67,5/13/2026,,"I thought it was well written, ECAR ROBOTICS JOB CLUB EXEC CONTESTS VOLUNTEERING",waterloo is missing out
Waterloo,WWG,Geological Engineering,Offer,96,2/11/2026,,Volunteer for chess club at local library for over four years. Math tutor at school and private tutor since start of grade 12. Member of VEX robotics team for two years. Member of science club and math club at school.,
Waterloo,WWH,Mechanical Engineering,Offer,94.54,11/11/2025,,"Leader of Aerospace Club for 3 years(largest science-based club in school, did many hands-on experiments), led World War History Club for 2 years (primarily talked about politics, ethics in weaponry, and just some basic history), working on an independent study project with STEAM teacher on converting defected military vehicles into civilian construction/rescue vehicles, led school's International Space Settlement Design Competition team for 3 years, executive in seismology club, executive in yearbook club, awarded passion award for STEAM by school, 1500 SAT, 117 TOEFL, part-time TOEFL tutor, 11 AP courses.",
Waterloo,WWH,Mechanical Engineering,Offer,99.67,2/27/2026,,,
Waterloo,WWH,Mechanical Engineering,Offer,99,2/27/2026,,,
Waterloo,WWH,Mechanical Engineering,Offer,97.5,2/27/2026,,Both were kinda mid,
Waterloo,WWH,Mechanical Engineering,Offer,96.67,2/27/2026,,"pt job, entrepreneur, clubs, tutoring",
Waterloo,WWH,Mechanical Engineering,Offer,96.67,2/27/2026,,"No ecs related to engineering: Student council president/VP, touring sports player, visual arts major, dance club president, employed at a non-profit during the summer, I also wrote about being short!",
Waterloo,WWH,Mechanical Engineering,Offer,96.5,2/27/2026,,"Robotics firm, city museum worker, daycare worker, FBLA/TA, did a bunch of waterloo contests, GODOT!",The secret to getting in: Talk about minecraft redstone during your interview
Waterloo,WWH,Mechanical Engineering,Offer,96.5,2/27/2026,,,
Waterloo,WWH,Mechanical Engineering,Offer,96,2/27/2026,,"FRC Design Lead, Hackclub Highway Hackpad, FTC Team, Physics Club Exec, 3D printing club Exec, Software Product Tester @ startup, President of Robotics Club, Talked passion starting from creating technical farms from Minecraft.",IDK HOWW
Waterloo,WWH,Mechanical Engineering,Offer,89,2/27/2026,,"Formula 2 Engineering and Analytics Analysis Team Involvement, FIRST Robotics Competition (FRC) Design Lead, VEX Robotics Team Co-Head, Hack Club member (software & hardware projects), Waterloo/CMC math contests participant, STEM/design hackathons and engineering challenges, CAD and mechanical design projects in Fusion 360, robotics club executive, student engineering/design team projects, tutoring in math and physics, part-time work and entrepreneurial side project",Finally.
Waterloo,WWH,Mechanical Engineering,Offer,95.83,3/2/2026,,"I took grade 12 English over the summer, so I had to explain why I took it. I answered it honestly, which is why I think I got the offer (even though I know waterloo doesn't like it when you take online classes). Wrote about how I was a part of the tennis team, band, and student council. For the interview, I talked about my interests in space and stuff. Did the interview like 30 minutes before the due date (I do not recommend this! do it earlier)","This was offer 4/6 that I got. I got this one @ 2:04 PM They definitely mis-clicked on me 😭. I'm only part of 1 team, band, and student council, and have like a 100 volunteer hours. ON TOP OF THAT I also took English over the summer, so I don't really know what happened here. sem 1 finals (top 6): GRADE 11 ANTHRO [100], comp sci [97], english (online summer school) [93], leadership [88], physics [98], adv func [99]"
Waterloo,WWH,Mechanical Engineering,Offer,96.91,3/5/2026,,"robotics electrical systems designer, stem mentorship program volunteer",
Waterloo,WWH,Mechanical Engineering,Offer,96,3/5/2026,,"I'm an embedded systems hobbyist, Arduino robotics builder, machine learning competition finalist, STEM workshop instructor, exec of 3d printing club",
Waterloo,WWH,Mechanical Engineering,Offer,95.55,3/5/2026,,,
Waterloo,WWH,Mechanical Engineering,Offer,94,3/5/2026,,"Rocket propulsion research project participant, autonomous vehicle algorithm developer, engineering innovation challenge winner, microcontroller firmware programmer, robotics electrical systems designer, STEM mentorship program volunteer",
Waterloo,WWH,Mechanical Engineering,Offer,93.9,3/5/2026,,"structural design competition competitor, engineering blog and technical writer",IB Diploma
Waterloo,WWH,Mechanical Engineering,Offer,93.5,3/5/2026,,"High school engineering club founder, hardware startup intern, sensor-based environmental monitoring project developer, computer vision research assistant, robotics drivetrain designer, hackathon project lead, engineering design competition medalist.",they lowk dont know where we finished in the hackathon (we where second last)
Waterloo,WWH,Mechanical Engineering,Offer,92.95,3/5/2026,,,
Waterloo,WWH,Mechanical Engineering,Offer,92.5,3/5/2026,,"Robotics mechanical lead, student satellite design team member, autonomous drone programming project, physics competition participant, CAD modeling freelancer, renewable energy prototype builder, engineering outreach volunteer.",I was talking about Minecraft in my AIF how did they let me in
Waterloo,WWH,Mechanical Engineering,Offer,99,3/20/2026,,,
Waterloo,WWH,Mechanical Engineering,Offer,96.8,3/25/2026,,"Okay ECs(tutor, research, clubs...), no Euclid, kinda bad Kira",
Waterloo,WWH,Mechanical Engineering,Offer,99.5,3/26/2026,,"frc pres, hardware hackathons, personal projects, part time jobs (multiple)",
Waterloo,WWH,Mechanical Engineering,Offer,95.4,4/10/2026,,"Created software that was purchased by school, head of 3D printing club at school",
Waterloo,WWH,Mechanical Engineering,Offer,97,4/21/2026,,"DECA provs, tutor, volunteering, art, utm workshops",Asked for early consideration (offer from UBC due may 1st)
Waterloo,WWH,Mechanical Engineering,Offer,93,4/21/2026,,"Piano 13 years, competitive abacus 13 years, waterloo math contest distinctions, math tutor since gr 9, self-learned AP calc bc in grade 9, popular content creator 50k+, game dev 1M+ players, financial manager for a $10M revenue business, built a PVC air cannon with friends that shoots golf balls (which i talked abt in the interview lol), did swimming, baseball, and martial arts but i sucked, a bunch of volunteering 1K+ hours, also i was immortal in valorant and unreal in fortnite","rricx on discord, i’m happy to help any future applicants! also got early consideration since i got an offer from outside ontario"
Waterloo,WWH,Mechanical Engineering,Offer,95.5,4/22/2026,,Mid Interview,Did the AIF the day it was due so no need to stress if youre 09 reading this. Also asked Early. Consideration cuz of may 1st deadline
Waterloo,WWH,Mechanical Engineering,Offer,98.3,5/5/2026,,"OFSAA medal in tennis, Varsity xc & track captain, varsity volleyball, badminton, frisbee, 28 medals including 9 championships across all sports, competitive speedcuber, tennis coach",Avg adjustment factor
Waterloo,WWH,Mechanical Engineering,Offer,98.5,5/6/2026,,"President of two clubs, two part time jobs, FRC, tutoring. Mid but I think I write about them well.",
Waterloo,WWH,Mechanical Engineering,Offer,93.5,5/6/2026,,,
Waterloo,WWH,Mechanical Engineering,Offer,92.5,5/6/2026,,lots of stuff,
Waterloo,WWH,Mechanical Engineering,Offer,96,5/7/2026,,"Adjustment factor: 11-12; EC's: DECA, school clubs, part time job relating to the field; Pretty bad interview (messed up some words, looked away sometimes)",gl to everyone applying next year
Waterloo,WWH,Mechanical Engineering,Offer,95,5/7/2026,,"STEM Club, Eng Club, Senior Editor of school paper and yearbook, Tutoring, a hackathon i think, some more stuff",i think the interview went rlly well (my school has avg adjustment factor)
Waterloo,WWH,Mechanical Engineering,Offer,99.5,5/13/2026,,"Intern at meta, google, and apple. 400 volunteer hours at st joseph's hospital. Ranked #3 in Canada for wrestling. Founded a 1.3 million dollar startup.",N/a
Waterloo,WWH,Mechanical Engineering,Rejected,98.67,5/13/2026,,"Decent ecs i guess, but nothing really engineering-related","If Waterloo is your top option, my advice is to 1) have at least a little bit of eng experience so you can talk about that in the aif (ie robotics, personal project) and 2)reallllly do well on your aif."
Waterloo,WWH,Mechanical Engineering,Rejected,97.2,5/13/2026,,"BASEF, McMaster Material Science Olympics, Bangla Language Heritage School","AP Chem, Physics, Calc AB"
Waterloo,WWH,Mechanical Engineering,Rejected,95.5,5/13/2026,,"Officially ranked 88th percentile for 3x3 Rubik's cube worldwide, COMC Honours, SAT Math 97th percentile, 40/60 on CSMC Senior, and 56 on Euclid in Gr11.","I applied to Nanotech for second choice (Tier 3 or 4) and didn't get into that either 💀 It makes sense, my school's adjustment factor is -16.6 so yeah. (Btw I was an IB Diploma student - that doesn't make any tangible difference at all if y'all were wondering)."
Waterloo,WWH,Mechanical Engineering,Rejected,95.33,5/13/2026,,"Captain of Volleyball, Baseball, and Esports, VEX robotics team lead, part time job, METRocketry Canards Design, Rocket League Provincial Champion, Comp sci + trivia club, private tutoring, elementary school outreach program","Average adj factor, 93 vectors midterm and English cooked me. Rainy day in pizzaville"
Waterloo,WWH,Mechanical Engineering,Rejected,95,5/13/2026,,,
Waterloo,WWH,Mechanical Engineering,Rejected,94.5,5/13/2026,,No ECs aside from volunteering,
Waterloo,WWH,Mechanical Engineering,Rejected,94,5/13/2026,,"my AIF was incredible, I wrote about specific clubs, design teams and professors I wanted to work along side with while at Waterloo. I wrote about my numerous ECs such as Robotics, Starting a charity at my school, Rowing for 5+ years, my internships and much more. I genuinely don't know why I was rejected. My friend with a lower Average, Worse ECs and  ChatGPT ai-slop essays got in but I didn't? This is BS. My interview was also decent, I got cut off near the end but I got my point across.",You can read my AIF here: https://docs.google.com/document/d/10fjBMbs8zDC_GPO-OtD954aE-uinoMhokU3FIaTSG8g/edit?usp=sharing
Waterloo,WWH,Mechanical Engineering,Rejected,94,5/13/2026,,,
Waterloo,WWH,Mechanical Engineering,Rejected,94,5/13/2026,,"Interview Went very well, My AIF was kinda mid, idk what I was smoking",
Waterloo,WWH,Mechanical Engineering,Rejected,93.67,5/13/2026,,,
Waterloo,WWH,Mechanical Engineering,Rejected,90.8,5/13/2026,,"I truly believe that my Supp app and interview was amazing....I know that I have very good EC's, so this was VERY disappointing. I've seen people with like 1 lame EC and a 98 avg get in...clearly Waterloo just wanted chopped robots lol fml",I am in IB.
Waterloo,WWH,Mechanical Engineering,Rejected,96.83,5/14/2026,,,
Waterloo,WWH,Mechanical Engineering,Rejected,92,5/14/2026,,"First Robotics, EV automotive, rocketry club, three SHSMs, hockey, etc",Waterloo had great clubs and dynamic department. But I got a great engineering offer at another top eng university that in the end will cost me less.
Waterloo,WWH,Mechanical Engineering,Rejected,90.5,5/14/2026,,"tutoring, 3+ years of robotics, summer job, school council grade rep",
Waterloo,WWH,Mechanical Engineering,Rejected,96,,,"competitive sports, varsity sports, STEM",got into McMaster and Queens Engineering
Waterloo,WWJ,Computer Engineering,Offer,99.2,2/27/2026,,"founder of a 5k mrr SAAS company, deca icdc 2x, non-profit with 20k raised, 10x hackathon winner, interned @ rbc, interned @ yc backed startup",
Waterloo,WWJ,Computer Engineering,Offer,98.17,2/27/2026,,"FIRST Robotics lead, Student Council executive, multiple ML/AI projects (award-winning and funded), RAG software developer co-op, math and physics tutor, Catalyst program participant, multiple hackathon wins, varsity volleyball and badminton player.",AP
Waterloo,WWJ,Computer Engineering,Offer,98,2/27/2026,,"Did well, FRC team, taken TEJ and ICS classes",
Waterloo,WWJ,Computer Engineering,Offer,97.8,2/27/2026,,"3 Bands, Presidents of 2 Clubs",
Waterloo,WWJ,Computer Engineering,Offer,97.76,2/27/2026,,Seriously mid ECS but great application and interview imo,
Waterloo,WWJ,Computer Engineering,Offer,97.67,2/27/2026,,"Good ECs, ok interview. Took about a month to write/refine the AIF","Don’t rush the AIF! Take your time, refine, and ensure your responses are concise. Every word counts, especially since the limits are so tight. You got this!!"
Waterloo,WWJ,Computer Engineering,Offer,97.5,2/27/2026,,"CEMC contest distinctions, piano, tutoring, mid interview",AP
Waterloo,WWJ,Computer Engineering,Offer,97.5,2/27/2026,,"About 16 ECs, CEMC contests, employment, Volunteer Experience (300+ hours) KIRA was mid, AIF kinda good not really",IB student (applied with Ontario grades however)
Waterloo,WWJ,Computer Engineering,Offer,97.2,2/27/2026,,"published CS research, startup w/ funding, 2x robotics worlds, hardware internship, won several hackathons, 2x varsity sports",
Waterloo,WWJ,Computer Engineering,Offer,97,2/27/2026,,,
Waterloo,WWJ,Computer Engineering,Offer,97,2/27/2026,,"FRC, VEX, software internship, bunch of school sports, employment",IB
Waterloo,WWJ,Computer Engineering,Offer,96.8,2/27/2026,,,
Waterloo,WWJ,Computer Engineering,Offer,96.8,2/27/2026,,"Skin care non profit co-founder, deca pres, video editing, SHAD program","IB, avg adj factor"
Waterloo,WWJ,Computer Engineering,Offer,95,2/27/2026,,cured cancer,
Waterloo,WWJ,Computer Engineering,Offer,94.17,2/27/2026,,,
Waterloo,WWJ,Computer Engineering,Offer,94.17,2/27/2026,,"FRC, tutoring business, debate competitions, jobs",Make sure to have a good range of ecs! Connect well to the questions on AIF and to waterloo's unique opportunities :)
Waterloo,WWJ,Computer Engineering,Offer,92.83,2/27/2026,,"CMOQR Qualifier, Air Cadets, CCC results, talked about pool for question 1 of AIF.",Adjustment Factor is -9.9
Waterloo,WWJ,Computer Engineering,Offer,97.17,2/28/2026,,"rbc co-op, research paper competition winner, deca icdc, robotics tutoring co-op",
Waterloo,WWJ,Computer Engineering,Offer,98,3/24/2026,,"Started a business, created a payment website, Volunteered as a Martial Arts Instructor, Martial Arts Black Belt.",
Waterloo,WWJ,Computer Engineering,Offer,94,3/30/2026,,"lifeguard, volonteer at a CHSLD, math and physics tutor and swimming coach","I have a low adjustment factor (-2,4), also I took my time to do the AIF by asking current students to review it."
Waterloo,WWJ,Computer Engineering,Offer,95,4/2/2026,,1. Engineering lab assistant at UofA 2. Provincial Badminton & Chess 3. Volunteering at a non-profit 4. Clubs & Tutoring at school 5. Teaching assistant at a language school 6. Instructor at a summer camp 7. Other smaller volunteering and leadership roles,"SL IB for Math, Chemistry & Physics. 3/5 courses non-semestered, English in 2nd semester, and only 1 pre-req completed. Unsure on how the average was calculated; 98% if the 100 in English 30 was accounted for. Provided interesting answers and tried to connect everything to engineering on the AIF."
Waterloo,WWJ,Computer Engineering,Offer,96.4,4/20/2026,,main ec was a 4 month swe internship,adjustment factor of -10.9
Waterloo,WWJ,Computer Engineering,Offer,99.33,4/21/2026,,,
Waterloo,WWJ,Computer Engineering,Offer,98.67,4/21/2026,,,
Waterloo,WWJ,Computer Engineering,Offer,98,5/6/2026,,,Filled extenuating circumstances form
Waterloo,WWJ,Computer Engineering,Offer,97.83,5/6/2026,,"DECA Regionals Podiums, Air Cadet FSgt, School Podcast Host, School Newspaper, Research placement","avg Adj. Factor, to any 09s reading this: make sure you choose ecs that you really enjoy to discuss in your written responses, it made my AIF so much easier to write and that much better too. y'all got this!"
Waterloo,WWJ,Computer Engineering,Offer,97.33,5/6/2026,,Competed internationally in a sport & volunteering projects,
Waterloo,WWJ,Computer Engineering,Offer,96.83,5/6/2026,,"astronomy paper, math contest, math club, robotics, ccc, talked about neuro-sama in the interview",idek why im accepted into comp eng but not math
Waterloo,WWJ,Computer Engineering,Offer,96.3,5/6/2026,,really good contest scores + ok projects + really good essays,"dedicated to my adjustment factor & my chem notes; anyone reading this in the future, pls go to a low adjustment factor school"
Waterloo,WWJ,Computer Engineering,Offer,96,5/6/2026,,"Hackathon, Engineering clubs, AP courses, Math contest, Volunteer.",
Waterloo,WWJ,Computer Engineering,Offer,95.8,5/6/2026,,"Leadership in FRC, Hackathons, and EDI (Hack the North Glaze)",
Waterloo,WWJ,Computer Engineering,Offer,95.67,5/6/2026,,"Interview & ecs were mediocre-average, but had a good adjustment factor",
Waterloo,WWJ,Computer Engineering,Offer,94.83,5/6/2026,,"Same as CS (lived on campus for some math and cs programs, won competitions, led clubs)",I pretty much expected to get CE but CS was a nice surprise.
Waterloo,WWJ,Computer Engineering,Offer,94.5,5/6/2026,,"Club swimming, FRC driver lead, 2 APs, job (swim coach) + volunteering, school string orchestra (provs + nationals), under 10 adjustment factor (idk actual value), TEJ class",I lowk forgot the interview question was public knowledge lmao I made it up on the spot
Waterloo,WWJ,Computer Engineering,Offer,97.2,5/8/2026,,"small business, 4 internships, part-time job, SHAD, DECA provincials, piano, provincial science fairs, and 300 volunteer hours",
Waterloo,WWJ,Computer Engineering (Co-op only),Rejected,98,5/13/2026,,"lots of music stuff + awards, research help in a uw lab, 5 hackathons, 2 wins, some personal projects and volunteering at a local library",ts is rng bruh
Waterloo,WWJ,Computer Engineering,Rejected,96,5/13/2026,,,ec's were mid
Waterloo,WWJ,Computer Engineering,Rejected,91.6,5/13/2026,,Above average ECs,
Waterloo,WWJ,Computer Engineering,Rejected,96,5/14/2026,,"Academic awards, sports, volunteering, working part time",
Waterloo,WWJ,Computer Engineering,Rejected,93.33,5/14/2026,,really good extracurriculars,
Waterloo,WWJ,Computer Engineering,Rejected,92.5,5/21/2026,,,
Waterloo,WXY,Accounting and Financial Management,Offer,96.6,2/12/2026,,,
Waterloo,WXY,Accounting and Financial Management,Offer,99.17,2/13/2026,,"Peer math tutoring, club president at school","AP Chem, Calc, English courses"
Waterloo,WXY,Accounting and Financial Management,Offer,98.67,2/13/2026,,,
Waterloo,WXY,Accounting and Financial Management,Offer,98.33,2/13/2026,,,
Waterloo,WXY,Accounting and Financial Management,Offer,98.2,2/13/2026,,,
Waterloo,WXY,Accounting and Financial Management,Offer,97.12,2/13/2026,,,There’s no supplemental moving forward I guess so just get your average as high as you can.
Waterloo,WXY,Accounting and Financial Management,Offer,97,2/13/2026,,,"had 3 courses (ENG4U / MHF4U / BAF4M) in semester 1 so no MCV4U mark yet, but my top 3 grade 11 marks were all 98% ^^ also, even if you already have an offer, keep working hard !! this is a conditional offer – make sure you still have 75%+ in ENG4U / MHF4U / MCV4U and an overall top 6 average of 80%+, and high grades can still get you some nice scholarships 🌷"
Waterloo,WXY,Accounting and Financial Management,Offer,97,2/13/2026,,,"Completed MCV4U, MHF4U, ENG4U"
Waterloo,WXY,Accounting and Financial Management,Offer,96.67,2/13/2026,,,"English Sem 2, only had 3 gr 12 courses going into this avg"
Waterloo,WXY,Accounting and Financial Management,Offer,96.67,2/13/2026,,,Took 7 grade 12 courses in grade 11
Waterloo,WXY,Accounting and Financial Management,Offer,96.5,2/13/2026,,,
Waterloo,WXY,Accounting and Financial Management,Offer,96.4,2/13/2026,,,
Waterloo,WXY,Accounting and Financial Management,Offer,96.33,2/13/2026,,,
Waterloo,WXY,Accounting and Financial Management,Offer,96,2/13/2026,,,
Waterloo,WXY,Accounting and Financial Management,Offer,92,2/13/2026,,,
Waterloo,WXY,Accounting and Financial Management,Offer,99.16,2/16/2026,,,
Waterloo,WXY,Accounting and Financial Management,Offer,98.33,2/16/2026,,,
Waterloo,WXY,Accounting and Financial Management,Offer,96.8,2/26/2026,,,
Waterloo,WXY,Accounting and Financial Management,Offer,96.33,3/12/2026,,,
Waterloo,WXY,Accounting and Financial Management,Offer,96,3/12/2026,,,
Waterloo,WXY,Accounting and Financial Management,Offer,95.67,3/12/2026,,,
Waterloo,WXY,Accounting and Financial Management,Offer,95,3/12/2026,,,
Waterloo,WXY,Accounting and Financial Management,Offer,95,3/12/2026,,,
Waterloo,WXY,Accounting and Financial Management,Offer,94,3/12/2026,,,adv f and Calc was 92
Waterloo,WXY,Accounting and Financial Management,Offer,93.5,3/12/2026,,,
Waterloo,WXY,Accounting and Financial Management,Offer,93.5,3/12/2026,,"no supp app, only grades",just get high grades for the required courses
Waterloo,WXY,Accounting and Financial Management,Offer,93,3/12/2026,,,
Waterloo,WXY,Accounting and Financial Management,Offer,97.8,4/15/2026,,literally nothing ;-; I doubt they looked at my AIF,
Waterloo,WXY,Accounting and Financial Management,Offer,96.33,5/11/2026,,,
Waterloo,WXY,Accounting and Financial Management,Offer,95.75,5/11/2026,,Only grades,
Waterloo,WXY,Accounting and Financial Management,Offer,95.67,5/11/2026,,,
Waterloo,WXY,Accounting and Financial Management,Offer,95.33,5/11/2026,,,
Waterloo,WXY,Accounting and Financial Management,Offer,94.5,5/11/2026,,,
Waterloo,WXY,Accounting and Financial Management,Offer,94.17,5/11/2026,,,did IB
Waterloo,WXY,Accounting and Financial Management,Offer,94.16,5/11/2026,,,
Waterloo,WXY,Accounting and Financial Management,Offer,94,5/11/2026,,,
Waterloo,WXY,Accounting and Financial Management,Offer,94,5/11/2026,,,
Waterloo,WXY,Accounting and Financial Management,Offer,92.33,5/11/2026,,,IB applicant
Waterloo,WXY,Accounting and Financial Management,Deferred,94.83,5/12/2026,,,"Got UW SFM, no clue why, people with lower avgs got AFM"
Waterloo,WXY,Accounting and Financial Management,Deferred,94.3,5/12/2026,,,"Deferred into SFM, no AIF fried my ahh"
Waterloo,WXY,Accounting and Financial Management,Deferred,93.6,5/12/2026,,,"Got SFM, no idea why"
Waterloo,WXY,Accounting and Financial Management,Deferred,93.5,5/12/2026,,,"Got deferred to Sustainability and Financial Management (Sfm), took AP bio, currently taking AP computer science"
Waterloo,WXY,Accounting and Financial Management,Deferred,93.3,5/12/2026,,,Deferred to SFM
Waterloo,WXY,Accounting and Financial Management,Deferred,93.67,5/13/2026,,,Deferred to SFM
Waterloo,WXY,Accounting and Financial Management,Deferred,93.33,5/13/2026,,"Represented Canada Twice Internationally for Chess; Top 10 at the 2024 FIDE World School Chess Championships; National Master at Chess; Piano ARCT Diploma; Founder/Owner of Community Chess Club Raising over $10,000 to organizations like CHEO, Alzheimer's Society of Canada etc.",2 IB Courses in Top 6: Advanced Functions SL and TOK. MCV4U Mark was only 86
Waterloo,WXY,Accounting and Financial Management,Deferred,92,5/13/2026,,,Deferred to Honours Arts and Business
Waterloo,WXY,Accounting and Financial Management,Deferred,90,5/13/2026,,,Deferred to Honours Arts and Business
Waterloo,WXY,Accounting and Financial Management,Deferred,86,5/13/2026,,,"Deferred to Honours Arts and Business (Regular/Co-op), if u have like a 89%+ average you got a decent chance to get in."
Waterloo,WXY,Accounting and Financial Management,Deferred,85.33,5/13/2026,,,"Deferred to Honours Arts and Business, Co-op."
Waterloo,WXY,Accounting and Financial Management,Deferred,91.7,5/14/2026,,,Deferred to Honour arts and Business co-op with 2k scholarships
Waterloo,WXY,Accounting and Financial Management,Deferred,86.5,5/14/2026,,,Deferred to Arts & Business
Western,AEO,Ivey AEO,Offer,96.83,1/30/2026,,"Wrote a 25-page Economics Research paper through a program I got into with full-ride scholarship. Self-studied 3 AP courses. National-level executive of a business club, UofT Math Enrichment program (x2), 300hrs of volunteering. Included many awards, including a medal in an international Economics competition, Waterloo Math contest distinctions, and sports achievements.",Feel free to reach out to me on Discord: hobidik99. Happy to discuss my application further or read the essays/applications of applicants for next cycles.
Western,AEO,Ivey AEO,Offer,86.4,2/10/2026,,,Shotgunned a beer before the sup-app to loosen nerves LOL
Western,AEO,Ivey AEO,Offer,96.5,2/12/2026,,,
Western,AEO,Ivey AEO,Offer,96,2/12/2026,,"Student Council President, 10 years of RCM, Duke of Edinburgh Bronze Award",
Western,AEO,Ivey AEO,Offer,93.5,2/12/2026,,"International Awards, Published Research, Startup",
Western,AEO,Ivey AEO,Offer,95,2/17/2026,,"5 questions, they video record your answer. You have about 3 mins for each if I remember. I talked about my volunteer work at hospitals as it related to a question about conflict resolution.",IB
Western,AEO,Ivey AEO,Offer,94.6,2/20/2026,,"Volunteer at Martial Arts Dojo, Part Time Restaurant Job, Photography Featured in Buzzfeed and other big magazines, also talked about ecom business I started and had to shut down.",Also accepted to Rotman Commerce
Western,AEO,Ivey AEO,Offer,99.16,2/24/2026,,"National level athlete, student council executive",
Western,AEO,Ivey AEO,Offer,98,2/24/2026,,"DECA Co-President, Holiday Gift Box Drive Co-Chair, competitive equestrian and volunteer coordinator",IB student
Western,AEO,Ivey AEO,Offer,98,2/24/2026,,"small business owner, camp counsellor, president fblc, marketing internship; write the essays in the format they want you to write in",ATTEND IVEY APPLICATION INFO SESSION!! they gave all the details about what to write in sup ap
Western,AEO,Ivey AEO,Offer,95.5,3/4/2026,,,
Western,AEO,Ivey AEO,Offer,93,3/5/2026,,"Competitive swimmer and swim coach, Student council member, taekwondo summer instructor, school ""link crew"", and others",
Western,AEO,Ivey AEO,Offer,97,3/6/2026,,"School club president, fundraising events, external national organization VP,  internship",IB
Western,AEO,Ivey AEO,Offer,95,3/6/2026,,"helping my uncle mange a hedge fund, owned a small business friends generating ~high 6 figs, and I for the identity essay I talked about sum generic",I knew alot of current students in AEO to look over my application and I had some AEO graduates as references so i think that probably helped
Western,AEO,Ivey AEO,Offer,94.8,3/6/2026,,"2 essays were about starting and coaching a youth sports team (a sport i grew up in), and being deca president and using my experience i got from going to ICDC to transform our chapter and help others succeed. my additional activities were student council president, mock trial exec member, sports coach (a job), and my sport.","make sure you follow the CAR method (context, action, result) focus on IMPACT. how it impacted you, others, and your community. show meaningful change, that you made a real difference. quantify things as much as you can to show impact."
Western,AEO,Ivey AEO,Offer,94.5,3/6/2026,,,
Western,AEO,Ivey AEO,Offer,94.33,3/6/2026,,,"When writing the supp app, emphasize the traits they are looking for. Do NOT procrastinate the essays or interviews, it's really not that bad tbh"
Western,AEO,Ivey AEO,Offer,94,3/6/2026,,,
Western,AEO,Ivey AEO,Offer,93.66,3/6/2026,,Did all of my interviews on the same night back to back; ended with ivey so I was the most ready from the other interviews,"Main EC’s were core leader in a student leadership program, and captain of a district wide rugby team. Others were 10 yrs of ski racing, and 3 years of work as a lifeguard. No AP or IB"
Western,AEO,Ivey AEO,Offer,93.33,3/6/2026,,"-I used my personal experiences to connect with how I would be a great leader (I chose something meaningful and deep), worked super hard on my 2 essays and I kept editing and refining.",
Western,AEO,Ivey AEO,Offer,92.67,3/6/2026,,"Relay For Life Committee Head, Sports Instructor, Intern at a local business, Volunteer Summer Camp Instructor, Social Media Organization Founder","I would say spend a lot of time on the essays, they definitely helped considering my avg. Imo a lot of people don't spend as much time as they should, so if you really try on them it'll definitely help with your odds."
Western,AEO,Ivey AEO,Offer,92.33,3/6/2026,,"Interview was bomb, I feel like this was my best supp app out of all the schools I applied too, so thats why my gpa is lower then the typical admit.","You got this! No AP courses, 21k followers, 6.5 mil views, business club pres, 400 vol hours, 3 years on stuco all elected positions, pre college summer program at ubc sauder, mental health intiatives, personalized and personal essay"
Western,AEO,Ivey AEO,Offer,91.6,3/6/2026,,"essay on swim competitions and coaching other essay on student council. Nothing to insane. Video interview was good, felt very confident during and after.",
Western,AEO,Ivey AEO,Offer,90,3/6/2026,,"for the 500 word essays: president + re-founder of improv club, figure skating coach; 5 additional ecs: violin, student council, drama (arts) council, figure skating, mixed media arts; kira interivew: standard behaviour questions - dont stress u got this!",
Western,AEO,Ivey AEO,Offer,97,3/25/2026,,"Soccer and robotics for main essays, other ones just random stuff. Kira went decently",
Western,AEO,Ivey AEO,Offer,97,3/25/2026,,"I filled out all activities, pretty strong KIRA because I practiced",
Western,AEO,Ivey AEO,Offer,96.7,3/25/2026,,Essays talked about time as tennis captain/OFSAA experience and work as a youth leader/service host for youth church services,"Be authentic with your essays, don't just list and flex accomplishments. Find a way to mention experiences/accomplishments and how they have impacted you/what you've learned from them."
Western,AEO,Ivey AEO,Offer,94,3/25/2026,,write an essay thats interesting to read and solves a problem you care about,
Western,AEO,Ivey AEO,Offer,97,3/27/2026,,One phenomenal perfect essay about national team sports. Rest was mid.,Sport may have helped a lot.
Western,AEO,Ivey AEO,Offer,97,3/27/2026,,,
Western,AEO,Ivey AEO,Offer,97,4/1/2026,,,
Western,AEO,Ivey AEO,Offer,90.5,4/8/2026,,,
Western,AEO,Ivey AEO,Offer,98.2,4/10/2026,,,
Western,AEO,Ivey AEO,Offer,97,4/10/2026,,supp app was really mid. wrote both my essays in like 2 hours. talked about presidency of school engineering club and my piano teaching job. barely related to business,"ivey is a program that 100% cares about your essays wayyyyy more than your grades, so really focus on ur supp app. dont be like me, who spent 2 hours on them total"
Western,AEO,Ivey AEO,Offer,96,4/10/2026,,"DECA VBC Advisor + Provincialist, public speaking non-profit","Interview was decent but essays were good. Filled out all 5 additional activities (sports, club executive, volunteering, etc.)"
Western,AEO,Ivey AEO,Offer,93.33,4/10/2026,,"workshop, summer camp counsellor, assistant swimming coach, co-vp for club, piano, deca exec","IB student, interview went pretty well"
Western,AEO,Ivey AEO,Offer,95,4/16/2026,,"Talked about summer internship and being a cantor, also had dishwashing, DECA treasurer exec, Relay for Life Finance exec,",
Western,AEO,Ivey AEO,Rejected,92.5,4/16/2026,,,
Western,AEO,Ivey AEO,Rejected,98,4/23/2026,,,
Western,AEO,Ivey AEO,Rejected,96.8,4/23/2026,,"Essays: Business owner + summer camp, ECS + awards: Deca trainer + ICDC finalist (top 20 overall, top 10 presentation, prov. champ (top 9 + top 10 presentation) varsity ultimate frisbee (3yrs) and badminton team (2yrs), rotman commerce boardroom case comp finalist, summer camp counselor.","Id say the interview doesnt matter too much, but the essays def do. talk more about what you did and impacts ESP what changed. You dont need flashy titles or acheivements, its about the story you make out of it and how nice you make it sound; I sent HBA admissions an email and this is what they said in reponse: ; For future applications, I would suggest focusing on clearly demonstrating: What you noticed or identified in your environment; What actions you took and why; What changed or improved as a result of your involvement; What you learned and how it shaped your perspective; Concrete examples of leadership, teamwork, initiative taken, achievements, resilience, integrity and your commitment levels to each activity"
Western,AEO,Ivey AEO,Rejected,96.67,4/23/2026,,great essays bad videos,IB
Western,AEO,Ivey AEO,Rejected,96,4/23/2026,,,
Western,AEO,Ivey AEO,Rejected,95.33,4/23/2026,,All Chat,
Western,AEO,Ivey AEO,Rejected,93,4/23/2026,,,
Western,AEO,Ivey AEO,Rejected,91.5,4/23/2026,,,i did my ivey interview first out of all my supplementals and it was horrible i was so awkward so if you are considering ivey as your first choice do some other university interviews first
Western,AEO,Ivey AEO,Rejected,90.33,4/23/2026,,Interview was buns-- writing part was aight,
Western,AEO,Ivey AEO,Rejected,95.67,4/29/2026,,,
Western,AEO,Ivey AEO,Rejected,95,4/29/2026,,"i was a head of a nonprofit that raised over 1.6k in funds, i've done musical theatre and had lead roles, and im the head of the mock trial club at my school. i also thought that my kira talent went pretty well. honestly quite surprised at the decision....",
Western,AEO,Ivey AEO,Rejected,93.87,4/29/2026,,,
Western,AEO,Ivey AEO,Rejected,94.67,4/30/2026,,President of multiple clubs and started a passion project impacting many students,IB
Western,AEO,Ivey AEO,Rejected,93,4/30/2026,,I thought it went really well :(,Pretty sad I thought i had decent ECs and great video interview/essays
Western,AEO,Ivey AEO,Offer,93,5/12/2026,,"Diabetes camp volunteer, cofounding/leading women in business club, united way breakfast committee head, coaching jr girls volleyball, captain of sr girls volleyball, lifeguarding/swim instructing experience, volunteer work with teenagers with autism",
Western,AEO,Ivey AEO,Offer,95.2,5/15/2026,,Ivey Summer Leadership Conference,
Western,AEO,Ivey AEO,Offer,92,5/15/2026,,"Committee president, student council vice president, model un chapter founder, part time job, Newspaper, and more. I spent a whole day preparing for the interviews. Honestly not bad, just ensure if you're someone who needs time to practice, do so in advance",
Western,EA,Arts and Humanities (English second year),Offer,89.83,11/7/2025,,,Conditional offer: Final admission average of 83.5% and a minimum grade of 70% in all prerequisite courses.
Western,EA,Arts and Humanities,Offer,92.67,12/12/2025,,,ib certificate
Western,EA,Arts and Humanities,Offer,90.5,12/12/2025,,,
Western,EA,Arts and Humanities,Offer,86.7,1/30/2026,,,
Western,EA,Arts and Humanities,Offer,89.88,3/9/2026,,,
Western,ECS,Computer Science,Offer,93.33,11/4/2025,,,
Western,ECS,Computer Science,Offer,96.5,11/5/2025,,,"IB, 100 in SL IB CS, 98 in academic CS"
Western,ECS,Computer Science,Offer,99,11/7/2025,,,WE are going to university :D
Western,ECS,Computer Science,Offer,97,11/7/2025,,,
Western,ECS,Computer Science,Offer,97,11/7/2025,,,AP courseload
Western,ECS,Computer Science,Offer,96,11/7/2025,,,
Western,ECS,Computer Science,Offer,95.83,11/7/2025,,,
Western,ECS,Computer Science,Offer,95,11/7/2025,,,
Western,ECS,Computer Science,Offer,94.67,11/7/2025,,,3.5K Scholarship
Western,ECS,Computer Science,Offer,95.4,12/4/2025,,,Partial IB
Western,ECS,Computer Science,Offer,99,12/5/2025,,"International Engineering competition finalist, 1000+ hours, lots of Waterloo competitions, 11 clubs this year, 5 clubs last year, student council president",
Western,ECS,Computer Science,Offer,96.67,12/10/2025,,,im in IB
Western,ECS,Computer Science,Offer,97.3,12/12/2025,,,
Western,ECS,Computer Science,Offer,96.86,12/12/2025,,,
Western,ECS,Computer Science,Offer,96.5,12/12/2025,,,
Western,ECS,Computer Science,Offer,94.67,12/12/2025,,,
Western,ECS,Computer Science,Offer,93.67,12/12/2025,,,"$3,500 Scholarship so long as my marks do not drop below 92%"
Western,ECS,Computer Science,Offer,93.5,12/12/2025,,,
Western,ECS,Computer Science,Offer,92,12/12/2025,,,
Western,ECS,Computer Science,Offer,94.17,1/30/2026,,,IBDP
Western,ECS,Computer Science,Offer,93.3,1/30/2026,,,
Western,ECS,Computer Science,Offer,92.33,1/30/2026,,,IBDP
Western,ECS,Computer Science,Offer,93.17,3/5/2026,,,
Western,ECS,Computer Science,Offer,82.2,3/5/2026,,,I'm not trolling ong they misclicked me. I had a 67 in physics unironically. I wish you guys the best see you in london :3.
Western,ECS,Computer Science,Offer,87.25,3/10/2026,,,
Western,ECS,Computer Science,Offer,90.5,5/15/2026,,,
Western,ED,Management & Organizational Studies,Offer,98,11/6/2025,,,
Western,ED,Management & Organizational Studies (Management and Legal Studies),Offer,96.7,11/6/2025,,,
Western,ED,Management & Organizational Studies,Offer,98.5,11/7/2025,,,
Western,ED,Management & Organizational Studies,Offer,98.17,11/7/2025,,,
Western,ED,Management & Organizational Studies,Offer,97.17,11/7/2025,,,
Western,ED,Management & Organizational Studies,Offer,97,11/7/2025,,,
Western,ED,Management & Organizational Studies,Offer,96.5,11/7/2025,,,
Western,ED,Management & Organizational Studies,Offer,96,11/7/2025,,,"Always believe in yourself, anything is possible!"
Western,ED,Management & Organizational Studies,Offer,95.33,11/7/2025,,,
Western,ED,Management & Organizational Studies,Offer,94.4,11/7/2025,,,
Western,ED,Management & Organizational Studies,Offer,93.4,11/7/2025,,,IB (already had 3 gr. 12 course credits)
Western,ED,Management & Organizational Studies (Finance),Offer,91.67,11/7/2025,,,IB had 3 gr 12 courses finished (including english and advanced functions lol)
Western,ED,Management & Organizational Studies,Offer,95,11/25/2025,,,Waiting for Ivey
Western,ED,Management & Organizational Studies (Finance),Offer,98.5,11/28/2025,,,10 AP courses
Western,ED,Management & Organizational Studies (Accounting),Offer,89,12/5/2025,,,"Group A student, but study permit status"
Western,ED,Management & Organizational Studies,Offer,98,12/12/2025,,,
Western,ED,Management & Organizational Studies,Offer,97.83,12/12/2025,,,Waiting for Ivey + $3500 entrance scholarship
Western,ED,Management & Organizational Studies,Offer,97,12/12/2025,,,
Western,ED,Management & Organizational Studies (Finance),Offer,96.67,12/12/2025,,,$3500 scholarship. Also applying to Ivey.
Western,ED,Management & Organizational Studies,Offer,96,12/12/2025,,Lead of Operations at preschool; President of Hellenic Student Association; Organizer of 2 school plays; Travel Operations Assistant (travel agent); Law Club,"3.5K scholarship, 83.5% average condition, awaiting AEO decision"
Western,ED,Management & Organizational Studies,Offer,96,12/12/2025,,,
Western,ED,Management & Organizational Studies,Offer,95.67,12/12/2025,,,
Western,ED,Management & Organizational Studies (Accounting),Offer,95.12,12/12/2025,,,
Western,ED,Management & Organizational Studies,Offer,95,12/12/2025,,,
Western,ED,Management & Organizational Studies (Finance),Offer,95,12/12/2025,,,IB
Western,ED,Management & Organizational Studies,Offer,94,12/12/2025,,,
Western,ED,Management & Organizational Studies,Offer,93,12/12/2025,,,
Western,ED,Management & Organizational Studies,Offer,92.67,12/12/2025,,,
Western,ED,Management & Organizational Studies,Offer,90,12/12/2025,,,
Western,ED,Management & Organizational Studies,Offer,94.17,1/6/2026,,,
Western,ED,Management & Organizational Studies,Offer,95,1/27/2026,,,
Western,ED,Management & Organizational Studies,Offer,94.12,1/27/2026,,,
Western,ED,Management & Organizational Studies,Offer,97,1/30/2026,,,
Western,ED,Management & Organizational Studies,Offer,96,1/30/2026,,,IB
Western,ED,Management & Organizational Studies,Offer,94,1/30/2026,,,
Western,ED,Management & Organizational Studies,Offer,90.83,1/30/2026,,,
Western,ED,Management & Organizational Studies (Finance),Offer,89.67,1/30/2026,,,didn't do Ivey
Western,ED,Management & Organizational Studies,Offer,86.4,2/10/2026,,,
Western,ED,Management & Organizational Studies,Offer,94.6,2/20/2026,,,Also accepted to Rotman Commerce
Western,ED,Management & Organizational Studies,Offer,96,3/5/2026,,,
Western,ED,Management & Organizational Studies (Accounting),Offer,94,3/5/2026,,,
Western,ED,Management & Organizational Studies,Offer,94,3/5/2026,,,
Western,ED,Management & Organizational Studies,Offer,93.8,3/5/2026,,,
Western,ED,Management & Organizational Studies,Offer,93.33,3/5/2026,,,
Western,ED,Management & Organizational Studies,Offer,94.5,3/6/2026,,,
Western,ED,Management & Organizational Studies,Offer,94,3/6/2026,,,
Western,ED,Management & Organizational Studies,Offer,98,4/9/2026,,,
Western,ED,Management & Organizational Studies,Offer,90.16,4/9/2026,,,
Western,ED,Management & Organizational Studies,Offer,92.3,4/30/2026,,,
Western,ED,Management & Organizational Studies,Offer,93.66,5/15/2026,,,
Western,ED,Management & Organizational Studies (Consumer Behaviour),Offer,91.5,5/15/2026,,,
Western,ED,Management & Organizational Studies,Waitlisted,89.8,5/15/2026,,,
Western,ED,Management & Organizational Studies,Waitlisted,86.83,5/15/2026,,Didn’t do it,
Western,ED,Management & Organizational Studies,Waitlisted,86.33,5/15/2026,,,
Western,ED,Management & Organizational Studies,Offer,94,5/16/2026,,,
Western,ED,Management & Organizational Studies (Management & Legal Studies),Rejected,89,5/21/2026,,,
Western,ED,Management & Organizational Studies (finance),Waitlisted,91.5,6/1/2026,,,
Western,EDN,Commercial Aviation Management – Flight,Offer,92,3/2/2026,,Spent a lot of time with my local rc plane club.,
Western,EDN,Commercial Aviation Management – Flight,Offer,90.8,3/5/2026,,"Air cadets, leadership roles and team sports",
Western,EDN,Commercial Aviation Management,Offer,90.17,3/5/2026,,,
Western,EDN,Commercial Aviation Management – Flight,Offer,87.3,3/5/2026,,,
Western,EDN,Commercial Aviation Management,Offer,94,4/9/2026,,"SHSM business, and student leader, and like clubs im in at school",
Western,EDN,Commercial Aviation Management - Non Flight,Offer,87.3,4/9/2026,,,
Western,EDN,Commercial Aviation Management,Offer,87.2,4/9/2026,,show them how much of a well rounded person you are!,"in order to get into the program, you need to have at least an 83% average."
Western,EDN,Commercial Aviation Management,Rejected,83.5,5/21/2026,,Sup app was strong imo,"My data mark sold me so hard, all my other marks are good"
Western,EE,Engineering,Offer,92.67,12/2/2025,,Q4,Good luck everyone!
Western,EE,Engineering,Offer,92,12/2/2025,,,I am from alberta so I think they boost my average by 4% so I would have a 96 when applying
Western,EE,Engineering,Offer,94.5,12/5/2025,,"Casper 1st Quartile,lol☠️",screwed up casper
Western,EE,Engineering,Offer,91.8,12/5/2025,,Q3,surprised I got in this early
Western,EE,Engineering,Offer,98,12/10/2025,,Q4,Learn how to type fast for CASPer lol
Western,EE,Engineering,Offer,95,12/11/2025,,,
Western,EE,Engineering,Offer,97.67,12/12/2025,,Q3,
Western,EE,Engineering,Offer,97.3,12/12/2025,,Q4,
Western,EE,Engineering,Offer,96.5,12/12/2025,,,
Western,EE,Engineering,Offer,95.17,12/12/2025,,,"I am an IB student, but I submitted my converted scores, and btw best of luck if your applying."
Western,EE,Engineering,Offer,94.17,12/12/2025,,Got an acceptance before getting my Casper quartile,
Western,EE,Engineering,Offer,94,12/12/2025,,Q2,Grade 13 student with completed grade 12 marks
Western,EE,Engineering,Offer,92.33,12/12/2025,,Q2 ☠️,
Western,EE,Engineering,Offer,99.33,1/15/2026,,Q3,$3500 scholarship!
Western,EE,Engineering,Offer,98.16,1/15/2026,,Q2,
Western,EE,Engineering,Offer,98,1/15/2026,,Q2,3.5k entrance scholarship. casper is goofy but with high enough grades you'll get in either way
Western,EE,Engineering,Offer,97.4,1/15/2026,,,
Western,EE,Engineering,Offer,97.33,1/15/2026,,Q3,
Western,EE,Engineering,Offer,97.2,1/15/2026,,Q4,
Western,EE,Engineering,Offer,96.83,1/15/2026,,Q2,
Western,EE,Engineering,Offer,96.8,1/15/2026,,Q2,
Western,EE,Engineering,Offer,96.66,1/15/2026,,Q4,3.5k scholarships and conditional for final average 83%
Western,EE,Engineering,Offer,96.5,1/15/2026,,Q3,Western Scholarship of Distinction ($2500)
Western,EE,Engineering,Offer,95.67,1/15/2026,,Q4,
Western,EE,Engineering,Offer,95.5,1/15/2026,,Q4,IB
Western,EE,Engineering,Offer,94,1/15/2026,,Q4,Full IB Course load
Western,EE,Engineering,Offer,94,1/15/2026,,1st quartile ahah,
Western,EE,Engineering,Offer,93,1/15/2026,,Q3,
Western,EE,Engineering,Offer,92,1/15/2026,,Q4,
Western,EE,Engineering,Offer,91,1/15/2026,,Q2,IB
Western,EE,Engineering,Offer,89,1/27/2026,,Q4,
Western,EE,Engineering,Offer,99.67,1/30/2026,,Q4,"IB diploma, $3,500 Scholarship, Applied Ivey AEO - no response yet but hopeful :)"
Western,EE,Engineering,Offer,98.33,1/30/2026,,Q3,
Western,EE,Engineering,Offer,98,1/30/2026,,"I didn't get my casper quartile yet, I did it Jan.8",
Western,EE,Engineering,Offer,98,1/30/2026,,,$3500 entrance scholarship
Western,EE,Engineering,Offer,97.17,1/30/2026,,- unsure of score. Offer was sent before the score was released to students,
Western,EE,Engineering,Offer,96.83,1/30/2026,,,
Western,EE,Engineering,Offer,96.5,1/30/2026,,Q4,
Western,EE,Engineering,Offer,96.3,1/30/2026,,Completed CASPER Jan 8th,
Western,EE,Engineering,Offer,96,1/30/2026,,,"Completed Casper on Jan 8th, received offer before score was released"
Western,EE,Engineering,Offer,95.5,1/30/2026,,Q4,
Western,EE,Engineering,Offer,94.67,1/30/2026,,Q4,$3500 scholarship
Western,EE,Engineering,Offer,94.17,1/30/2026,,,
Western,EE,Engineering,Offer,94.16,1/30/2026,,Didn’t get me score yet when i received the offer (did casper on january 8th),
Western,EE,Engineering,Offer,93.5,1/30/2026,,,
Western,EE,Engineering,Offer,91.83,1/30/2026,,"Haven't gotten my casper results yet, but pretty sure i bombed it.",I already had chem adv. func. and english finals so that might've helped me
Western,EE,Engineering,Offer,91.5,2/18/2026,,Q1,"Bombed the CASper, I guess it's not too important"
Western,EE,Engineering,Offer,96,3/2/2026,,Q2,
Western,EE,Engineering,Offer,97.5,3/5/2026,,,
Western,EE,Engineering,Offer,97,3/5/2026,,Q4,
Western,EE,Engineering,Offer,96.5,3/5/2026,,Q4,
Western,EE,Engineering,Offer,95.33,3/5/2026,,Q4,
Western,EE,Engineering,Offer,95.2,3/5/2026,,,
Western,EE,Engineering,Offer,95.17,3/5/2026,,Q4 Casper (completed Feb 5),I was accepted in the next round right after I completed Casper
Western,EE,Engineering,Offer,94.6,3/5/2026,,Q4,Casper taken in November
Western,EE,Engineering,Offer,94.5,3/5/2026,,Q4,
Western,EE,Engineering,Offer,94.5,3/5/2026,,,
Western,EE,Engineering,Offer,94.33,3/5/2026,,Q3,
Western,EE,Engineering,Offer,94.3,3/5/2026,,Q2 but hey I still made it,
Western,EE,Engineering,Offer,93.33,3/5/2026,,Q4,
Western,EE,Engineering,Offer,98,3/10/2026,,"Competitive girls’ hockey for 6+ yrs, violin in youth orchestra, volunteering at old age home, winner of science fair (+ qualification to provincials), volunteering in a hockey program",Applied from CÉGEP
Western,EE,Engineering,Offer,96.5,3/13/2026,,Q4,IB
Western,EE,Engineering,Offer,96.33,3/13/2026,,"Did horribly on the Casper because I was sick, didn't do the practice test either, but looking back I would highly recommend doing it","IB (HL Math AA, HL English Lit, HL Chemistry, SL Physics, SL Economics, SL French B)"
Western,EE,Engineering,Offer,90.5,4/7/2026,,Q3,Emailed an admission to pre-BME on April 15th. Did CASPER on January 8th.
Western,EE,Engineering,Offer,87,4/7/2026,,Q3,IBDP
Western,EE,Engineering,Offer,90.5,4/8/2026,,Q3,
Western,EE,Engineering,Offer,97.17,4/9/2026,,"Completed on March 3, Q4",
Western,EE,Engineering,Offer,95.83,4/9/2026,,Q4,"This was offer 6/6 (last one) that I got. Practiced for Casper using some youtube videos. Just avoid Q1 and make sure your average is good! I know about a guy with a 96 who got waitlisted with a Q1, but another guy with a high 80/low 90 got waitlisted with a Q4. So make sure your quartile and marks are decent!!! sem 1 finals (top 6): GRADE 11 ANTHRO [100], comp sci [97], english (online summer school) [93], leadership [88], physics [98], adv func [99] (I got $3500 automatic scholarship, but I'm planning to go to mac)"
Western,EE,Engineering,Offer,95.7,4/9/2026,,Q2,
Western,EE,Engineering,Offer,95.5,4/9/2026,,Q4,
Western,EE,Engineering,Offer,95,4/9/2026,,Q4,no clue how l got q4 I literally winged it
Western,EE,Engineering,Offer,94,4/9/2026,,Q2,
Western,EE,Engineering,Offer,93.33,4/9/2026,,Q4,casper taken on nov 18.
Western,EE,Engineering,Offer,93,4/9/2026,,Q4,
Western,EE,Engineering,Offer,92.5,4/9/2026,,Q1,
Western,EE,Engineering,Offer,92,4/9/2026,,Q1,
Western,EE,Engineering,Offer,91.5,4/9/2026,,Casper is easy AF,IB
Western,EE,Engineering,Offer,90.8,4/9/2026,,Q3,
Western,EE,Engineering,Offer,90.1,4/9/2026,,Q2,
Western,EE,Engineering,Offer,86,4/9/2026,,Q3,
Western,EE,Engineering,Offer,92.16,4/30/2026,,Q3,
Western,EE,Engineering,Offer,94.5,5/7/2026,,,
Western,EE,Engineering,Offer,93.18,5/14/2026,,Q2,Dw much anything above 91 will get you in
Western,EE,Engineering,Waitlisted,87.5,5/14/2026,,Q1,
Western,EE,Engineering,Offer,97.1,5/15/2026,,Q3,
Western,EE,Engineering,Offer,96.5,5/15/2026,,Q2,I did the first Casper back in October. Also at one point I had 99 avg for sem 1 midterm and 98 sem 1 finals. Not sure why casper is weighted so heavily
Western,EE,Engineering,Offer,96,5/15/2026,,Q2,
Western,EE,Engineering,Offer,95.17,5/15/2026,,Q1,
Western,EE,Engineering,Offer,95.17,5/15/2026,,Q3,
Western,EE,Engineering,Offer,94.5,5/15/2026,,"Q4, wasn't too bad",
Western,EE,Engineering,Offer,94.33,5/15/2026,,Q3,
Western,EE,Engineering,Offer,94,5/15/2026,,Q2,Let's gooooo!
Western,EE,Engineering,Offer,94,5/15/2026,,,
Western,EE,Engineering,Offer,93.67,5/15/2026,,Q2,Honestly don’t think Casper matters too much cause people with high avgs and lower quartiles got in while lower avgs and higher quartiles got rejected/waitlisted.
Western,EE,Engineering,Offer,93.5,5/15/2026,,"Got 4th quartile in the CASPER, I'm just built like that","Did AP bio, Currently taking AP computer science"
Western,EE,Engineering,Offer,93.33,5/15/2026,,"sports, stem clubs, etc",
Western,EE,Engineering,Offer,93.3,5/15/2026,,,
Western,EE,Engineering,Offer,93.3,5/15/2026,,Q4,
Western,EE,Engineering,Offer,91.83,5/15/2026,,"i got Q4, lightish",portal got updated at 12 am exact
Western,EE,Engineering,Offer,91.3,5/15/2026,,Q4,
Western,EE,Engineering,Waitlisted,92.67,5/15/2026,,Q3,ts pmo friends with worse avgs same casper got in
Western,EE,Engineering,Waitlisted,91.33,5/15/2026,,Q2,Did not provide any info on my ECs lol. Scored Q2
Western,EE,Engineering,Waitlisted,90.5,5/15/2026,,Q4,
Western,EE,Engineering,Waitlisted,88.5,5/15/2026,,Q2,i dont think its happening
Western,EE,Engineering,Offer,94,5/16/2026,,Q1,I got Q1 and still got in
Western,EE,Engineering,Offer,93.67,5/16/2026,,Q4,"3-4 sentences per question on casper is all you need, just consider all perspectives and be an empath and you'll get q4"
Western,EE,Engineering,Rejected,92.33,5/21/2026,,Q1,"ran out of time in most of the questions, did it right when i woke up so i wasnt speaking the best as well"
Western,EE,Engineering,Rejected,90.67,5/21/2026,,Q4,got waitlisted first then rejected
Western,EE,Engineering,Rejected,88.88,5/21/2026,,Q2,"lowk had a 65 in chem which sold me so  hard; intern at an aerospace company, financial literacy vp"
Western,EE,Engineering,Offer,91,6/1/2026,,Q2,
Western,EE,Engineering,Offer,90.67,6/1/2026,,Q4,got waitlisted then rejected on may 2
Western,EE,Engineering,Offer,90,6/1/2026,,"Made a small company, worked coop at tech company, mvp for soccer team, centrals javelin Casper was q3","Got in first day when offers from waitlists were sent, committed."
Western,EE,Engineering,Offer,90.66,6/1/2026,,Q2,"was waitlisted but got taken off, was also in contact with the wrestling coach"
Western,EH,Foods & Nutrition,Offer,99.33,12/12/2025,,,
Western,EH,Foods & Nutrition,Offer,88,3/2/2026,,,
Western,EH,Foods & Nutrition,Offer,83,5/15/2026,,,
Western,EI,Media & Communications Studies,Offer,97,11/11/2025,,,
Western,EI,Media & Communications Studies,Offer,90.01,11/18/2025,,,my dream school let's go boys 💪💪
Western,EI,Media & Communications Studies,Offer,97.83,12/12/2025,,,Waiting for Ivey + $3500 entrance scholarship
Western,EI,Media & Communications Studies,Offer,96,12/12/2025,,,
Western,EI,Media & Communications Studies,Offer,90.5,12/12/2025,,,
Western,EI,Media & Communications Studies,Offer,93,1/30/2026,,,
Western,EI,Media & Communications Studies,Offer,86.5,1/30/2026,,,
Western,EI,Media & Communications Studies,Offer,87.71,3/4/2026,,,
Western,EI,Media & Communications Studies,Offer,94.8,3/5/2026,,,
Western,EI,Media & Communications Studies,Offer,92.2,3/5/2026,,,
Western,EI,Media & Communications Studies,Offer,88,3/5/2026,,,
Western,EI,Media & Communications Studies,Offer,90,3/6/2026,,"for the 500 word essays: president + re-founder of improv club, figure skating coach; 5 additional ecs: violin, student council, drama (arts) council, figure skating, mixed media arts; kira interivew: standard behaviour questions - dont stress u got this!",
Western,EI,Media & Communications Studies,Offer,89.88,3/9/2026,,,
Western,EI,Media & Communications Studies,Offer,86.83,5/15/2026,,Didn’t do it,
Western,EM,Music,Offer,85,3/2/2026,,"RCM Practical Piano Level 10, Three songs of ARCT Level; RCM Music Theory Level 9; RCM Music History Level 10",
Western,ENW,Nursing,Offer,96.5,3/4/2026,,Q4,
Western,ENW,Nursing,Offer,95,3/4/2026,,,"I did IB. SL Bio and French B were curved. Also included TOK in my top 6, which was a mark boost. The rest was chem, English, and calc"
Western,ENW,Nursing,Offer,97.6,3/5/2026,,,
Western,ENW,Nursing,Offer,97,3/5/2026,,Q4,
Western,ENW,Nursing,Offer,96.83,3/5/2026,,,
Western,ENW,Nursing,Offer,96.3,3/5/2026,,,
Western,ENW,Nursing,Offer,95.66,3/5/2026,,Q3,
Western,ENW,Nursing,Offer,95.5,3/5/2026,,Q4,
Western,ENW,Nursing,Offer,94.5,3/5/2026,,Q4,
Western,ENW,Nursing,Offer,94.22,3/5/2026,,Q2,
Western,ENW,Nursing,Offer,93.83,3/5/2026,,Q4,I'm in IB
Western,ENW,Nursing,Offer,93,3/5/2026,,Q4,
Western,ENW,Nursing,Offer,91.33,3/5/2026,,Q4,
Western,ENW,Nursing,Offer,87,3/5/2026,,Q4,
Western,ENW,Nursing,Offer,96,4/7/2026,,Q3,AP student
Western,ENW,Nursing,Offer,92.5,4/8/2026,,Q4,
Western,ENW,Nursing,Offer,96.33,4/9/2026,,Q4,Did Casper on last possible day - March 3
Western,ENW,Nursing,Offer,94.33,4/9/2026,,Q4,
Western,ENW,Nursing,Offer,94,4/9/2026,,Q4,
Western,ENW,Nursing,Offer,92,4/9/2026,,Q4,$2.5k scholarship!
Western,ENW,Nursing,Offer,98,4/17/2026,,Q2,PRAISE THE LORD !!
Western,ENW,Nursing,Offer,94,4/17/2026,,Q4,
Western,ENW,Nursing,Offer,93.6,5/13/2026,,,
Western,ENW,Nursing,Offer,96.33,5/15/2026,,Q4,
Western,ENW,Nursing,Offer,95,5/15/2026,,,
Western,ENW,Nursing,Offer,94.3,5/15/2026,,Q3,
Western,ENW,Nursing,Offer,94.16,5/15/2026,,Q4,
Western,ENW,Nursing,Offer,93.83,5/15/2026,,Q3,
Western,ENW,Nursing,Offer,93.67,5/15/2026,,Q3,
Western,ENW,Nursing,Offer,93.2,5/15/2026,,,Commited!!!!
Western,ENW,Nursing,Offer,93.17,5/15/2026,,Q3,
Western,ENW,Nursing,Offer,92.83,5/15/2026,,Q2,Cannot believe some miracle happened
Western,ENW,Nursing,Offer,92.8,5/15/2026,,,
Western,ENW,Nursing,Offer,92.3,5/15/2026,,Q4,AP student but dont think that changed anything
Western,ENW,Nursing,Offer,92.16,5/15/2026,,Q4,
Western,ENW,Nursing,Offer,91,5/15/2026,,Q4,
Western,ENW,Nursing,Waitlisted,92.3,5/15/2026,,Q4 Casper. Learn about Z scores. Doesn't seem like Western uses the Casper that much.,Do your Casper by January latest so that you can be considered in the first round of offers in March. The earlier you have a high average the better.
Western,ENW,Nursing,Waitlisted,92,5/15/2026,,Q3,
Western,ENW,Nursing,Waitlisted,91.5,5/15/2026,,,
Western,ENW,Nursing,Waitlisted,90.5,5/15/2026,,Q4,
Western,ENW,Nursing,Waitlisted,89,5/15/2026,,Q4,"Q4 CASPer. learn to type fast for it, show lots of empathy and think from many different POV's, breathe and take your time"
Western,ENW,Nursing,Waitlisted,88.8,5/15/2026,,Q4,
Western,ENW,Nursing,Waitlisted,88.16,5/15/2026,,Q3,
Western,ENW,Nursing,Waitlisted,88,5/15/2026,,Q2,thought i bombed the casper. make sure to do a lot of video interview practice
Western,ENW,Nursing,Offer,92.5,6/5/2026,,,Waitlisted on May 16. Got offer on June 5.
Western,EO,Social Science (Economics),Offer,96,10/24/2025,,,
Western,EO,Social Science (Financial Economics),Offer,93,10/24/2025,,,
Western,EO,Social Science (Financial Economics),Offer,97,11/7/2025,,,
Western,EO,Social Science,Offer,97,11/7/2025,,,
Western,EO,"Social Science (Politics, Philosophy & Economics - Economics)",Offer,96.5,11/7/2025,,,
Western,EO,Social Science,Offer,95,11/7/2025,,,"3.5k, and the offer's conditions are to stay above 83.5% with at least a 70 in English!"
Western,EO,"Social Science (Politics, Philosophy & Economics)",Offer,94.4,11/7/2025,,,
Western,EO,Social Science (Financial Economics),Offer,92.33,11/7/2025,,,
Western,EO,Social Science (Psychology),Offer,95.6,11/26/2025,,,
Western,EO,Social Science,Offer,92.8,12/3/2025,,,
Western,EO,Social Science,Offer,93.83,12/4/2025,,,
Western,EO,Social Science (Economics),Offer,96.8,12/8/2025,,,lock in
Western,EO,"Social Science (Politics, Philosophy & Economics - Economics)",Offer,98.5,12/12/2025,,,
Western,EO,Social Science (Economics),Offer,96.67,12/12/2025,,,$3500 scholarship. Also applying to Ivey.
Western,EO,Social Science,Offer,96.5,12/12/2025,,,3500 scholarship!!
Western,EO,"Social Science (Politics, Philosophy & Economics - Economics)",Offer,94,12/12/2025,,,40K scholarship each year 10K
Western,EO,Social Science (Psychology),Offer,92.16,12/12/2025,,,
Western,EO,"Social Science (Politics, Philosophy & Economics - Economics)",Offer,91,12/12/2025,,,40000 scholarship hurray
Western,EO,Social Science,Offer,92,1/24/2026,,,
Western,EO,Social Science (Economics),Offer,93,1/27/2026,,,
Western,EO,"Social Science (Politics, Philosophy & Economics - Economics)",Offer,93,1/30/2026,,,"IB Diploma student, also applied for Ivey AEO (no response yet!)"
Western,EO,Social Science,Offer,91.5,1/30/2026,,,i had the worst feeling of impending doom until i got my offer!! i thought i wouldn’t get in and here we are so don’t lose hope guys and lock in!! we got this!! :)
Western,EO,Social Science,Offer,93.7,2/4/2026,,,
Western,EO,Social Science,Offer,95.5,3/4/2026,,,
Western,EO,Social Science,Offer,95.33,3/5/2026,,,3500 scholarship
Western,EO,Social Science,Offer,94.8,3/5/2026,,,
Western,EO,Social Science,Offer,94.17,3/5/2026,,,
Western,EO,Social Science (Economics),Offer,93,3/5/2026,,,Waiting for Ivey
Western,EO,Social Science (Economics),Offer,93,3/5/2026,,,
Western,EO,Social Science,Offer,92.2,3/5/2026,,,
Western,EO,Social Science,Offer,92.18,3/5/2026,,,
Western,EO,Social Science,Offer,91,3/5/2026,,,
Western,EO,Social Science (Psychology),Offer,87.33,3/5/2026,,,
Western,EO,Social Science (Psychology),Offer,86.66,3/5/2026,,,Subject of interest : Psychology
Western,EO,Social Science (Psychology & Sociology),Offer,95.17,3/6/2026,,,"+ $3,500"
Western,EO,Social Science (Psychology),Offer,91,4/1/2026,,,
Western,EO,Social Science (Anthropology - Archaeology & Biological),Offer,91,4/9/2026,,,
Western,EO,Social Science (Psychology),Offer,93.8,5/15/2026,,,
Western,EO,Social Science,Offer,93.67,5/15/2026,,,
Western,EO,Social Science (Psychology),Offer,92.5,5/15/2026,,,
Western,EO,Social Science,Offer,90.6,5/15/2026,,,
Western,EO,Social Science,Offer,89.67,5/15/2026,,,
Western,EO,Social Science,Offer,85.8,5/15/2026,,,
Western,EO,Social Science (Economics),Offer,94,5/16/2026,,,
Western,EP,Kinesiology,Offer,98.67,12/12/2025,,,"mix gr11/12 marks, conditional 83.5% with min 70% in pre reqs, 3.5k scholarship"
Western,EP,Kinesiology,Offer,97,12/12/2025,,,
Western,EP,Kinesiology,Offer,90,3/2/2026,,,
Western,EP,Kinesiology,Offer,95.06,3/5/2026,,,
Western,EP,Kinesiology,Offer,94.5,3/5/2026,,,
Western,EP,Kinesiology,Offer,94.33,3/5/2026,,,
Western,EP,Kinesiology,Offer,97,3/19/2026,,,
Western,EP,Kinesiology,Offer,92,4/7/2026,,,Goodluck everyone!
Western,EP,Kinesiology,Offer,95.5,4/9/2026,,,
Western,EP,Kinesiology,Offer,92.83,5/15/2026,,,Good luck guys!!!
Western,EP,Kinesiology,Offer,92.33,5/15/2026,,,+3.5k scholarship
Western,EP,Kinesiology,Waitlisted,89.83,5/15/2026,,,
Western,EP,Kinesology,Waitlisted,88,5/15/2026,,,
Western,EP,Kinesology,Rejected,91.3,7/3/2026,,,"My average wouldn't have been bad, but I applied late in May. They said I was rejected because there was no space in the program (it was full), rather than because of my average."
Western,ES,Science,Offer,95.4,11/4/2025,,,3500 scholarship
Western,ES,Science,Offer,94.55,11/4/2025,,,
Western,ES,Science,Offer,94.2,11/6/2025,,,
Western,ES,Science,Offer,92,11/6/2025,,,
Western,ES,Science,Offer,99.5,11/7/2025,,,
Western,ES,Science (Physics),Offer,97.33,11/7/2025,,,No supp apps required
Western,ES,Science,Offer,96.33,11/7/2025,,,
Western,ES,Science,Offer,96,11/7/2025,,,
Western,ES,Science,Offer,96,11/7/2025,,,grade 11 marks only; 3.5k scholarship
Western,ES,Science (Actuarial Science),Offer,95.53,11/7/2025,,,
Western,ES,Science,Offer,95,11/7/2025,,,
Western,ES,Science,Offer,94.17,11/7/2025,,,I have final marks for two grade 12 courses. 3.5k scholarship
Western,ES,Science,Offer,93.4,11/7/2025,,,
Western,ES,Science,Offer,93,11/7/2025,,,
Western,ES,Science,Offer,91,11/7/2025,,,
Western,ES,Science,Offer,91,11/7/2025,,,
Western,ES,Science (Actuarial Science),Offer,89.34,11/7/2025,,,
Western,ES,Science,Offer,94.83,12/9/2025,,,
Western,ES,Science,Offer,94.83,12/9/2025,,,
Western,ES,Science,Offer,93.5,12/9/2025,,,
Western,ES,Science,Offer,97.16,12/12/2025,,,
Western,ES,Science,Offer,97,12/12/2025,,,"1 AP last year, 3 this year"
Western,ES,Science,Offer,96.33,12/12/2025,,,
Western,ES,Science,Offer,96.17,12/12/2025,,,
Western,ES,Science,Offer,95.83,12/12/2025,,,
Western,ES,Science (Statistics),Offer,95,12/12/2025,,,94-96
Western,ES,Science (Actuarial Science),Offer,95,12/12/2025,,,
Western,ES,Science,Offer,93,12/12/2025,,,
Western,ES,Science (Genetics & Biochemistry),Offer,93,12/12/2025,,,
Western,ES,Science (Synthetic Biology),Offer,93,12/12/2025,,,Also offered chemistry and biochemistry entrance
Western,ES,Science,Offer,92.33,12/12/2025,,,
Western,ES,Science,Offer,91,12/12/2025,,,
Western,ES,Science,Offer,94.17,1/27/2026,,,
Western,ES,Science,Offer,94.33,1/30/2026,,,
Western,ES,Science,Offer,94,1/30/2026,,,
Western,ES,Science (Financial Modelling),Offer,93.2,1/30/2026,,,
Western,ES,Science,Offer,93.17,1/30/2026,,,
Western,ES,Science (Financial Modelling),Offer,92.2,1/30/2026,,,
Western,ES,Science,Offer,92.3,3/5/2026,,,
Western,ES,Science,Offer,90.33,3/5/2026,,,
Western,ES,Science,Offer,87.7,3/5/2026,,,
Western,ES,Health Science,Offer,97.3,4/2/2026,,,
Western,ES,Science,Offer,92,4/7/2026,,,
Western,ES,Science,Offer,94.78,4/9/2026,,,
Western,ES,Science,Offer,91.33,4/9/2026,,,
Western,ES,Science,Offer,91.33,4/9/2026,,,
Western,ES,Science (Biology),Offer,88,4/9/2026,,,
Western,ES,Science (Biology),Offer,91.6,5/15/2026,,,
Western,ES,Science,Offer,90,5/15/2026,,,IB
Western,ES,Science,Offer,89.83,5/15/2026,,,
Western,ES,Science (Biology),Offer,87.8,5/15/2026,,,
Western,ES,Science,Offer,86.5,5/15/2026,,,
Western,ES,Science (Biology),Offer,85.33,5/15/2026,,,
Western,ESM,Medical Sciences,Offer,99.38,11/6/2025,,,"I completed a total of 4 APs (Bio, Chem, Lang, and Psych) in Grade 11. I’m currently taking 5 APs for Grade 12 - Micro, Macro, Envi Sci, Calc AB, and Stats. They did not ask me for a midterm grade."
Western,ESM,Medical Sciences,Offer,99.17,11/6/2025,,,3.5K scholarship
Western,ESM,Medical Sciences,Offer,96.5,11/6/2025,,,"enrolled in AP, completed 3 and currently taking 4m, $2500 first year +$1000 study abroad scholarship. I think they only sent out offer this early because I'm in group B. Don't worry everyone you will all get in! GOOD LUCK"
Western,ESM,Medical Sciences,Offer,92,11/6/2025,,,3.5k
Western,ESM,Medical Sciences,Offer,99.33,11/7/2025,,,3.5k scholarship
Western,ESM,Medical Sciences,Offer,98.83,11/7/2025,,,
Western,ESM,Medical Sciences,Offer,98,11/7/2025,,,
Western,ESM,Medical Sciences,Offer,97.17,11/7/2025,,,
Western,ESM,Medical Sciences,Offer,97.16,11/7/2025,,,"IB hl bio chem eng, sl french history math"
Western,ESM,Medical Sciences,Offer,96.5,11/7/2025,,,
Western,ESM,Medical Sciences,Offer,96.5,11/7/2025,,,
Western,ESM,Medical Sciences,Offer,96,11/7/2025,,,grade 11 marks only; 3.5k scholarship
Western,ESM,Medical Sciences,Offer,96,11/7/2025,,,
Western,ESM,Medical Sciences,Offer,95.67,11/7/2025,,,
Western,ESM,Medical Sciences,Offer,95.5,11/7/2025,,,
Western,ESM,MN: Science,Offer,95,11/7/2025,,,
Western,ESM,Medical Sciences,Offer,95,11/7/2025,,,"Offer with only grade 11 marks (before grade 12 midterms were released). In grade 11 - AP Biology, AP Math, AP English. In grade 12 - currently taking - AP English Literature and Composition, AP Advanced Functions, and AP Calculus AB."
Western,ESM,Medical Sciences,Offer,94.83,11/7/2025,,,IB
Western,ESM,Medical Sciences,Offer,96,11/12/2025,,,self reported and got in 2 days later
Western,ESM,Medical Sciences,Offer,92.8,11/13/2025,,,"AP Bio,Calc, Physics.  From BC"
Western,ESM,Medical Sciences,Offer,95,11/21/2025,,,
Western,ESM,Medical Sciences,Offer,96.3,12/5/2025,,,
Western,ESM,Medical Sciences,Offer,99.17,12/12/2025,,,
Western,ESM,Medical Sciences,Offer,98.67,12/12/2025,,,"mix gr11/12 marks, conditional 83.5% with min 70% in pre reqs, 3.5k scholarship"
Western,ESM,Medical Sciences,Offer,98.67,12/12/2025,,,
Western,ESM,Medical Sciences,Offer,98.4,12/12/2025,,,"$3,500"
Western,ESM,Medical Sciences,Offer,98.33,12/12/2025,,,"ib student, 7 in chem sl and math aasl"
Western,ESM,Medical Sciences,Offer,98.17,12/12/2025,,,
Western,ESM,Medical Sciences,Offer,98.16,12/12/2025,,,
Western,ESM,Medical Sciences,Offer,97.83,12/12/2025,,,
Western,ESM,Medical Sciences,Offer,97.5,12/12/2025,,,
Western,ESM,Medical Sciences,Offer,97.5,12/12/2025,,,
Western,ESM,Medical Sciences,Offer,97.5,12/12/2025,,,
Western,ESM,Medical Sciences,Offer,97.25,12/12/2025,,,"Western Scholarship of Distinction ($2,500 in first year, plus $1,000 for optional study abroad experience)"
Western,ESM,Medical Sciences,Offer,97,12/12/2025,,,
Western,ESM,Medical Sciences,Offer,96.67,12/12/2025,,,
Western,ESM,Medical Sciences,Offer,96.66,12/12/2025,,,Automatic $3500 entrance scholarship- Conditional offer maintain final average 83.5% and 70% of prerequisite courses.
Western,ESM,Medical Sciences,Offer,96.5,12/12/2025,,,3.5k entrance scholarship
Western,ESM,Medical Sciences,Offer,96.33,12/12/2025,,,
Western,ESM,Medical Sciences,Offer,96.17,12/12/2025,,,"same person as uottawa sciences biomédicales (OZP), francophone school, good luck :)"
Western,ESM,Medical Sciences,Offer,96.17,12/12/2025,,,
Western,ESM,Medical Sciences,Offer,95.83,12/12/2025,,,
Western,ESM,Medical Sciences,Offer,95.33,12/12/2025,,,
Western,ESM,Medical Sciences,Offer,95,12/12/2025,,,
Western,ESM,Medical Sciences,Offer,95,12/12/2025,,,
Western,ESM,Medical Sciences,Offer,94.33,12/12/2025,,,i think this is first round of offers (depends on ur application date less than average)
Western,ESM,Medical Sciences,Offer,92.94,12/12/2025,,,
Western,ESM,Medical Sciences,Offer,95.83,12/15/2025,,,IB 43/45
Western,ESM,Medical Sciences,Offer,95.83,1/27/2026,,,
Western,ESM,Medical Sciences,Offer,95.4,1/27/2026,,,3500 scholarship
Western,ESM,Medical Sciences,Offer,93.33,1/27/2026,,,
Western,ESM,Medical Sciences,Offer,97,1/30/2026,,,
Western,ESM,Medical Sciences,Offer,95.33,1/30/2026,,,
Western,ESM,Medical Sciences,Offer,95.33,1/30/2026,,,
Western,ESM,Medical Sciences,Offer,95.2,1/30/2026,,,$3500 Entrance Scholarship
Western,ESM,Medical Sciences,Offer,95,1/30/2026,,,
Western,ESM,Medical Sciences,Offer,94.8,1/30/2026,,,
Western,ESM,Medical Sciences,Offer,94.67,1/30/2026,,,
Western,ESM,Medical Sciences,Offer,94.33,1/30/2026,,,
Western,ESM,Medical Sciences,Offer,94.17,1/30/2026,,,
Western,ESM,Medical Sciences,Offer,93,1/30/2026,,,
Western,ESM,Medical Sciences,Offer,92,1/30/2026,,IB,
Western,ESM,Medical Sciences,Offer,93.5,2/12/2026,,,
Western,ESM,Medical Sciences,Offer,95,2/17/2026,,,IB
Western,ESM,Medical Sciences,Offer,94.16,3/2/2026,,,
Western,ESM,Medical Sciences,Offer,97,3/5/2026,,"no supp app, i didnt apply ivey",
Western,ESM,Medical Sciences,Offer,96.3,3/5/2026,,,"Received scholarship of excellence 6K (top 250 applicants with top averages), 2.5K scholarship of distinction, and 1.5K admission scholarship"
Western,ESM,Medical Sciences,Offer,94.33,3/5/2026,,,
Western,ESM,Medical Sciences,Offer,94.33,3/5/2026,,,
Western,ESM,Medical Sciences,Offer,94.22,3/5/2026,,,
Western,ESM,Medical Sciences,Offer,94,3/5/2026,,,
Western,ESM,Medical Sciences,Offer,93.83,3/5/2026,,,
Western,ESM,Medical Sciences,Offer,93.5,3/5/2026,,,
Western,ESM,Medical Sciences,Offer,93.25,3/5/2026,,,
Western,ESM,Medical Sciences,Offer,93.17,3/5/2026,,,
Western,ESM,Medical Sciences,Offer,93,3/5/2026,,,
Western,ESM,Medical Sciences,Offer,93,3/5/2026,,,
Western,ESM,Medical Sciences,Offer,91,3/5/2026,,,
Western,ESM,Management and Organizational Studies (BMOS),Offer,90.67,3/5/2026,,,
Western,ESM,Medical Sciences,Offer,94.5,3/6/2026,,,
Western,ESM,Medical Sciences,Offer,90.83,4/6/2026,,,IBDP
Western,ESM,Medical Sciences,Offer,92,4/7/2026,,,"AP calc, AP Bio, AP Chem, AP advanced functions"
Western,ESM,Medical Sciences,Offer,95,4/9/2026,,,
Western,ESM,Medical Sciences,Offer,94.33,4/9/2026,,,
Western,ESM,Medical Sciences,Offer,91.8,5/7/2026,,,
Western,ESM,Medical Sciences,Offer,91,5/7/2026,,,
Western,ESM,Medical Sciences,Offer,94,5/15/2026,,,
Western,ESM,Medical Sciences,Offer,94,5/15/2026,,,
Western,ESM,Medical Sciences,Offer,92.5,5/15/2026,,,
Western,ESM,Medical Sciences,Offer,92.5,5/15/2026,,"Tutoring, Leadership Club, Sports Team, etc.",
Western,ESM,Medical Science,Offer,91.6,5/15/2026,,,
Western,ESM,Medical Sciences,Offer,90.96,5/15/2026,,,
Western,ESM,Medical Sciences,Offer,90.17,5/15/2026,,,
Western,ESM,Medical Sciences,Offer,90,5/15/2026,,,
Western,ESM,Medical Sciences,Offer,90,5/15/2026,,,
Western,ESM,Medical Sciences,Offer,88.17,5/15/2026,,,IB
Western,ESM,Medical Sciences,Waitlisted,88.5,5/15/2026,,,
Western,ESM,Medical Sciences,Offer,88.2,6/1/2026,,,I got off the waitlist after June 1st
Western,ESM,Medical Sciences,Offer,88,6/1/2026,,,
Western,EW,Health Sciences,Offer,95.6,11/6/2025,,,
Western,EW,Health Sciences,Offer,98.33,11/7/2025,,,
Western,EW,Health Sciences,Offer,97.17,11/7/2025,,,
Western,EW,Health Sciences,Offer,97,11/7/2025,,,
Western,EW,Health Sciences,Offer,93.67,11/7/2025,,,"IB Diploma, before midterms"
Western,EW,Health Sciences,Offer,92,11/18/2025,,,+4 boost for albertan applicants
Western,EW,Health Sciences,Offer,96.1,12/9/2025,,,
Western,EW,Health Sciences,Offer,98.17,12/12/2025,,,
Western,EW,Health Sciences,Offer,95.33,12/12/2025,,,
Western,EW,Health Sciences,Offer,95,12/12/2025,,,$40000 $$$$$$ moneyyy
Western,EW,Health Sciences,Offer,93.33,1/25/2026,,,
Western,EW,Health Sciences,Offer,95.4,1/27/2026,,,Got a scholarship for 3500
Western,EW,Health Sciences,Offer,96.83,1/30/2026,,,"Had already applied to Western in Nov, but switched programs just before the deadline."
Western,EW,Health Sciences,Offer,96.5,1/30/2026,,,
Western,EW,Health Sciences,Offer,96.2,1/30/2026,,,
Western,EW,Life Sciences,Offer,96,1/30/2026,,,
Western,EW,Health Sciences,Offer,92.5,1/30/2026,,,
Western,EW,Health Sciences,Offer,94.5,2/10/2026,,I got an early acceptance,Got early acceptance with 94.5%
Western,EW,Health Sciences,Offer,93.5,2/12/2026,,,
Western,EW,Health Sciences,Offer,94.67,2/15/2026,,,
Western,EW,Health Sciences,Offer,90,3/2/2026,,,"IBDP, $2,500 Scholarship"
Western,EW,Health Sciences,Offer,95,3/3/2026,,,
Western,EW,Health Sciences,Offer,98.83,3/5/2026,,,
Western,EW,Health Sciences,Offer,94.5,3/5/2026,,,IB in grade 9-11.
Western,EW,Health Sciences,Offer,94.33,3/5/2026,,,
Western,EW,Health Sciences,Offer,94.17,3/5/2026,,,
Western,EW,Health Sciences,Offer,94,3/5/2026,,,
Western,EW,Health Sciences,Offer,93.5,3/5/2026,,,
Western,EW,Health Sciences,Offer,93.17,3/5/2026,,,YIPPEEEEEEE
Western,EW,Health Sciences,Offer,91.2,3/5/2026,,,"full IB diploma, completed math last yr"
Western,EW,Health Sciences,Offer,91,3/5/2026,,,IB Student
Western,EW,Health Sciences,Waitlisted,92.9,4/1/2026,,,
Western,EW,Health Sciences,Offer,95.66,4/7/2026,,,
Western,EW,Health Sciences,Offer,95,4/7/2026,,,
Western,EW,Health Sciences,Offer,96.7,4/9/2026,,,
Western,EW,Health Sciences,Offer,95.33,4/9/2026,,,
Western,EW,Health Sciences,Offer,92,4/9/2026,,,enrolled in IB | so glad chem wasn't a prereq or else i'd never have gotten in
Western,EW,Health Sciences,Offer,94.4,4/13/2026,,,
Western,EW,Health Sciences,Offer,91,4/24/2026,,,
Western,EW,Health Sciences,Offer,94.5,5/14/2026,,,
Western,EW,Health Sciences,Offer,94.17,5/14/2026,,,
Western,EW,Health Sciences,Waitlisted,91.3,5/14/2026,,,"98 in adv func, 90 in bio, 82 in eng, 96 and 93 for electifves"
Western,EW,Health Sciences,Offer,96,5/15/2026,,,
Western,EW,Health Sciences,Offer,95.83,5/15/2026,,,YAYYY!!!!!
Western,EW,Health Sciences,Offer,95.67,5/15/2026,,,
Western,EW,Health Sciences,Offer,95,5/15/2026,,,
Western,EW,Health Sciences with bio,Offer,95,5/15/2026,,,
Western,EW,Health Sciences,Offer,94.8,5/15/2026,,,
Western,EW,Health Sciences,Offer,94.67,5/15/2026,,,
Western,EW,Health Sciences,Offer,94,5/15/2026,,,
Western,EW,Health Sciences,Offer,93.83,5/15/2026,,,
Western,EW,Health Sciences,Offer,93.5,5/15/2026,,,
Western,EW,Health Sciences,Waitlisted,94.17,5/15/2026,,,wtf
Western,EW,Health Sciences,Waitlisted,94,5/15/2026,,,
Western,EW,Health Sciences,Waitlisted,93.67,5/15/2026,,,
Western,EW,Health Sciences,Waitlisted,93.5,5/15/2026,,,
Western,EW,Health Sciences,Waitlisted,93.33,5/15/2026,,,
Western,EW,Health Sciences,Waitlisted,93.17,5/15/2026,,,
Western,EW,Health Sciences,Waitlisted,93.17,5/15/2026,,,
Western,EW,Health Sciences,Waitlisted,92.83,5/15/2026,,,
Western,EW,Health Sciences,Waitlisted,92.6,5/15/2026,,,"DId AP bio, currently doing AP Computer Science"
Western,EW,Health Sciences,Waitlisted,91.5,5/15/2026,,,
Western,EW,Health Sciences,Waitlisted,90.83,5/15/2026,,,IB
Western,EW,Health Sciences,Waitlisted,89.83,5/15/2026,,,
Western,EW,Health Sciences,Waitlisted,86,5/15/2026,,,kinda surprised i even got waitlisted i thought i was gonna get rejected lol
Western,EW,Health Sciences,Waitlisted,83,5/15/2026,,,
Western,EW,Health Sciences,Offer,94.67,5/16/2026,,,"APs: French, Chem, Bio, Adv. Functions, Calc. See you there Mustangs!"
Western - Huron,EHD,Management & Organizational Studies,Offer,95,12/17/2025,,,Waiting on Ivey
Western - Huron,EHD,Management & Organizational Studies (Finance),Offer,94,12/17/2025,,"rep sport, team lead bus’s is competition, moderated conference, close to 200 volunteer hrs",
Western - Huron,EHD,Management & Organizational Studies,Offer,91,12/17/2025,,,
Western - Huron,EHD,Management & Organizational Studies,Offer,90.83,12/17/2025,,"3 required, 1 optional. 200 wordcount. I did all four and submitted for ED",Ivey coming soon
Western - Huron,EHD,Management & Organizational Studies (Business Intelligence),Offer,92.5,1/16/2026,,Essay 1: Ski Instructing; Essay 2: Being injured from my sport; Essay 3: Creativity in making Animations and Building LEGO; Essay 4: School play,Varsity recruit for a Western sport. (I'm not sure if the coach did anything or not for my app)
Western - Huron,EHD,Management & Organizational Studies,Offer,94.17,2/19/2026,,,
Western - Huron,EHD,Management & Organizational Studies,Offer,94.5,3/13/2026,,,
Western - Huron,EHO,Social Science (Finance),Offer,97,12/17/2025,,,
Western - Huron,EHO,Social Science,Offer,95,12/17/2025,,,
Western - Huron,EHO,Social Science,Offer,91,12/17/2025,,,
Western - Huron,EHO,Social Science (Political Science),Offer,86,12/17/2025,,"I have my own charity, blog & 2 leadership roles",
Western - Huron,EHO,Social Science (Political Science),Offer,93,2/19/2026,,,I got into bmos early jan and got poli sci yesterday
Western - Huron,EHO,Social Science,Offer,92.16,2/19/2026,,,
Western - Huron,EHO,Social Science,Offer,91.8,2/19/2026,,,
Western - Huron,EHO,Social Science,Offer,88,2/19/2026,,,
Western - Kings,EKD,Management & Organizational Studies (Global Commerce),Offer,94,12/2/2025,,,"Applied for Ivey AEO as well, but that’s a separate process, no word yet"
Western - Kings,EKD,Management & Organizational Studies,Offer,93,12/3/2025,,,
Western - Kings,EKD,Management & Organizational Studies (Finance and Administration),Offer,90.5,12/3/2025,,,
Western - Kings,EKD,Management & Organizational Studies (Accounting),Offer,89.56,12/3/2025,,,
Western - Kings,EKD,Management & Organizational Studies (Global Commerce),Offer,86.75,12/3/2025,,,
Western - Kings,EKD,Management & Organizational Studies,Offer,95,12/16/2025,,,Waiting on Ivey
Western - Kings,EKD,Management & Organizational Studies (Accounting),Offer,85.75,2/3/2026,,,
Western - Kings,EKO,Social Science,Offer,85.58,12/3/2025,,,
Western - Kings,EKO,Social Science,Offer,91,2/27/2026,,,
Western - Kings,EKO,Social Science (Psychology),Offer,93.83,5/6/2026,,,
Western - Kings,EKO,Social Science (Criminology),Offer,80.5,7/3/2026,,,
Windsor,NC,Business Administration (Co-op),Offer,86.67,1/12/2026,,,
Windsor,NCR,Crimonology,Offer,82,2/11/2026,,,
Windsor,NEB,Civil Engineering,Offer,94.17,11/26/2025,,,
Windsor,NEF,Mechatronic Systems Engineering,Offer,91.6,1/22/2026,,,
Windsor,NEF,Mechatronic Systems Engineering,Offer,94,1/30/2026,,,Physics + Maths IB
Windsor,NEH,Industrial Engineering w/ Minor in Business Administration Co-op,Offer,93.2,10/28/2025,,,
Windsor,NEJ,Mechanical Engineering,Offer,95,11/26/2025,,,16k Scholarship
Windsor,NEJ,Mechanical Engineering Co-op,Offer,84.5,5/7/2026,,,
Windsor,NEN,Electric Engineering Co op,Offer,90.3,1/6/2026,,,
Windsor,NKH,Developmental Psychology,Offer,85.6,1/27/2026,,,
Windsor,NN,Nursing,Offer,94,1/7/2026,,,
Windsor,NN,Nursing,Offer,92.2,1/7/2026,,,
Windsor,NN,Nursing,Offer,92.17,1/23/2026,,,
Windsor,NN,Nursing,Offer,92,1/23/2026,,,"From Windsor, maybe why it was that early"
Windsor,NN,Nursing,Offer,91.5,1/23/2026,,,
Windsor,NN,Nursing,Offer,91.17,1/23/2026,,,
Windsor,NN,Nursing,Offer,90,1/23/2026,,,
Windsor,NN,Nursing,Offer,92.4,3/26/2026,,,
Windsor,NN,Nursing,Offer,91,3/26/2026,,,
Windsor,NN,Nursing,Offer,88.83,3/26/2026,,,
Windsor,NN,Nursing,Offer,88.8,3/26/2026,,,
Windsor,NN,Nursing,Offer,89.2,3/27/2026,,,$1000 University of Windsor Financial Support in Year 1
Windsor,NN,Nursing,Offer,93.67,4/30/2026,,,"they accepted me based on my midterms, i only have adv functions final mark"
Windsor,NN,Nursing,Offer,92.16,5/8/2026,,,
Windsor,NN,Nursing,Offer,90.5,5/8/2026,,,
Windsor,NN,Nursing,Offer,85%,5/27/2026,,,
Windsor,NQA,Commercial Aviation Leadership,Offer,80.5,1/22/2026,,,
Windsor,NQA,Commercial Aviation Leadership,Offer,90.17,3/4/2026,,"flight school intro lessons, strong interest in flying since a young age, air cadets, talked about leadership roles as an employee and volunteer",
Windsor,NQA,Commercial Aviation Leadership,Offer,88.67,5/1/2026,,"Canada Transport Medical,  Varsity Track and field 4 years, Senior Badminton 2 years, DECA Co president",
Windsor,NS,General Science,Offer,86.67,2/12/2026,,,
Windsor,NSD,Biomedical Sciences,Offer,93.66,11/26/2025,,,Minimum 10000$ Scholarship
Windsor,NSD,Biomedical Sciences,Offer,90.5,11/26/2025,,,
Windsor,NT,Computer Science with Software Engineering Specialization (co-op),Offer,97.5,11/26/2025,,,
Windsor,NXB,Concurrent Education (Bachelor of Arts (Psychology)/Bachelor of Education/Diploma in Early Childhood Education),Offer,96,1/21/2026,,,
Windsor,NXB,Concurrent Education (Bachelor of Arts (Psychology)/Bachelor of Education/Diploma in Early Childhood Education),Offer,95.33,1/21/2026,,,$10k admission scholarship
Windsor,NXE,Concurrent General Bachelor of Arts (History)/Bachelor of Education,Offer,96.83,2/11/2026,,,Fast tracked G11 in G12. Got max entrance scholarship ($16000 spread over 4 years).
Windsor,NEN,Electrical Engineering Co-op,Offer,94.82,11/26/2025,,,
Yale,,Political Science and Economics,Offer,99.75,12/16/2025,,"D1 golf commit, president of finance club, 2000+ community hours, managed a hedge fund","4x legacy, full IB"
York,GZ,"Science, Physics (coop)",Offer,75,3/5/2026,,,
York,SBO,Accounting and Finance,Offer,93.33,10/23/2025,,5 activities,
York,YBA,Schulich BBA,Offer,94.5,2/5/2026,,,
York,YBA,Schulich BBA,Offer,94,3/2/2026,,,
York,YBA,Schulich BBA,Offer,99,3/13/2026,,"This was my online video interview. https://www.loom.com/share/890335fec0214b0389ed3b678570ccc7; I had a lot of experience from directing shows as a part of my drama club, and was involved a lot with NTS. For the questionnaire they asked for a detailed recount of a live performance I had recently seen, and I talked about the details of a live performance I had stage tickets for, which allowed me to closely see the operations and relate to professional performers.","Got a $3500 scholarship. Am an IB student taking HL english, business, biology and SL chemistry, french and math aa.; I applied as a part of York's Concurrent BEd program (program code: YQ), which evaluates your submission after you are first accepted into a partnering department at the university. Got this offer, and am still waiting on the ConEd program. This means tjat technically on OUAC, this offer has been listed as an ""Alternate Offer"" as it stands whether or not I get into the BEd program. However, when initially applying on OUAC, I only needed to put the YQ program with my subject of major interest."
York,YBA,Schulich BBA,Offer,95.16,3/13/2026,,,
York,YBA,Schulich BBA,Offer,98,3/16/2026,,"co-founder & president of chess club (won gold at provincials), startup teaching instruments to underprivileged kids around the world, captain of varsity soccer team, 3 years part-time job legal clinic, volunteering with local food bank, captain of trivia team, captain of varsity track team, internship at accounting firm, raised 15k+ for Ukrainian students, athlete of the year multiple years, co-wrote and directed multiple plays, multiple distinctions in waterloo math contests",
York,YBA,Schulich BBA,Offer,95,3/16/2026,,"competitive figure skater for 10+ years (2x provincial champion, 1x provincial bronze), nationally certified figure skating coach, 2x DECA provincial champion, DECA trainer, CNLC national runner-up, FBLC chapter co-pres, level 7 violin (played for 4 yrs)",
York,YBA,Schulich BBA,Offer,96.67,3/17/2026,,"Student council member all 4 years of hs and treasurer in gr 12, campaign volunteer for MPPs re-election campaign, business club co founder and co president, student senator in grade 10, and member of school's STEM focused club",
York,YBA,Schulich BBA,Offer,96.5,3/17/2026,,,
York,YBA,Schulich BBA,Offer,96.33,3/17/2026,,,
York,YBA,Schulich BBA,Offer,96.33,3/17/2026,,,"IB (HL Math AA, HL English Lit, HL Chemistry, SL Physics, SL Economics, SL French B)"
York,YBA,Schulich BBA,Offer,96.75,3/18/2026,,Founder of Club - Financial Work for Rheumatic Disease Non-profit - Basketball Team - Marketing Agency $x thousand in revenue - Orientation Executive,"Public school, no AP/IB, Schulich"
York,YBA,Schulich BBA,Offer,97,3/19/2026,,"FBLA placement, DECA Competitor, Volleyball Team Captain, Robotics Volunteer","IB SL Math, Bio IB HL Chem, English"
York,YBA,Schulich BBA,Offer,96.5,3/19/2026,,"Leadership profile: Co-founder of an online editing group based on my passion for Minecraft, Co-President of a club that fostered inclusivity with special needs kids, Marketing for 2 separate clubs at my school, and a mentor for incoming high school students for transition. For my KIRA talent interview, I was nervous but maintained confidence and used the STAR method. You can do it, everyone!! :)",
York,YBA,Schulich BBA,Offer,96.33,3/19/2026,,u dont gotta study that much talked about intercations in school and friends and at job,
York,YBA,Schulich BBA,Offer,95,3/19/2026,,,
York,YBA,Schulich BBA,Offer,94.67,3/19/2026,,"part time job (4 yrs), co-founder/co-president of a newspaper club, 102 volunteer hours",
York,YBA,Schulich BBA,Offer,94,3/19/2026,,,
York,YBA,Schulich BBA,Offer,93.83,3/19/2026,,"Major leadership role in a youth non-profit, debate club president/founder, soccer referee, mentee in a science program, and trombone in school orchestra.","Did terribly on the interview, amazed I got in."
York,YBA,Schulich BBA,Offer,93.5,3/19/2026,,Have valuable and meaningful ec's,
York,YBA,Schulich BBA,Offer,92.5,3/19/2026,,Vice-Prez for student council + other sport related activities outside of school,I only wrote 3 leadership profiles when the max was 5. I thought my video interview went poorly because I wasn't really expanding in my solutions for the scenarios presented but I guess they liked it! My advice would be to make lots of edits/versions of your leadership profiles over time.
York,YBA,Schulich BBA,Offer,92.27,3/19/2026,,"Okay interview, four things on my leadership profile",Good luck!
York,YBA,Schulich BBA,Offer,91.83,3/19/2026,,,did IB
York,YBA,Schulich BBA,Offer,91.8,3/19/2026,,"Family Business Salesman, Club Leader for 3 years, church volunteering, math tutor, Guitar","AP Calculus AB this semester. Remember to talk with confidence and authority, Always answer the question"
York,YBA,Schulich BBA,Offer,96.33,3/20/2026,,"winged the interview, ECS: some clubs, volunteering, tutor",default 3.5k scholarship
York,YBA,Schulich BBA,Offer,96,3/20/2026,,"Public speaking non-profit, basketball team, DECA, seniors club volunteering, school culture show executive",
York,YBA,Schulich BBA,Offer,95.67,3/20/2026,,,
York,YBA,Schulich BBA,Offer,95.5,3/20/2026,,I've been told I have very good EC's. Plenty of leadership roles! And 2 business internships.,IB
York,YBA,Schulich BBA,Offer,94.5,3/20/2026,,"DECA prez, intern at marketing firm, ICDC, Summer Camp,","Ngl, KIRA interview went horrible. Dont stress too much about it"
York,YBA,Schulich BBA,Offer,94.5,3/20/2026,,Did good on the leadership profile and decent on the video interview.,
York,YBA,Schulich BBA,Offer,94,3/20/2026,,Interview and leadership profile were REALLY good,
York,YBA,Schulich BBA,Offer,93.25,3/20/2026,,"Dungeon master for like 2 weeks 😂😂, school guide, volunteer at a festival. The video interview was pretty bad too imo, but I guess they liked it",I know my ECs are crap but 🤷‍♀️🤷‍♀️
York,YBA,Schulich BBA,Offer,93,3/20/2026,,,2000 scholarsihp
York,YBA,Schulich BBA,Offer,92,3/20/2026,,"Founder and President - Youth4Sauga, Volunteer at Royal Ontario Museum Camps, Highschool Senior Band, Youth Lector at Parish, Founder and President - Goan Student Association",
York,YBA,Schulich BBA,Offer,92,3/20/2026,,Had 5 experiences for leadership profile,
York,YBA,Schulich BBA,Offer,92,3/20/2026,,"Filled out 5 slots on LP, no job experience (3 clubs, 1 team, 1 volunteering), mostly focused on measured impact and key figures over describing my roles. DECA and FRC did the heavy lifting.","Bombed my KIRA + completed MHF4, ENG4, & MDM4, in process of completing MCV4."
York,YBA,Schulich BBA,Offer,91.67,3/20/2026,,Idk I did 4 things on my leadership profile,
York,YBA,Schulich BBA,Offer,89.66,3/20/2026,,"Yapped the entire time; President of a non profit that helped kids with disabilities in Ghana; OFFSA Swimming, Badminton, Track and Field, and Hockey; 3x Athlete of the year; invited for Team Canada Olympic Trials",lol
York,YBA,Schulich BBA,Offer,96,3/24/2026,,"+ Leadership Profile Non-profit orphan profile manager, asst general sec of organization, procurement co-op with local government, yearbook club executive, asst children's educator.",mid interview
York,YBA,Schulich BBA,Offer,93.4,4/8/2026,,"ICAC marketing exce, student council, workshop designing, Hosa exce",
York,YBA,Schulich BBA,Offer,91.3,4/10/2026,,I did 5 different things for my leadership profile. Just try your best to have different EC's for both in and out of school options. I think having a part-time job is also something they really like.,"I thought I wouldn't get my offer until after second semester midterms, but I guess my sup-app did a lot better than I expected. I got in with a relatively low average even though its supposed to touch 94+ after midterms roll out. Good luck lol"
York,YBA,Schulich BBA,Offer,96,5/4/2026,,"3 ECs on leadership profile (Club, Volunteering, Part-time job), bombed the video interview",
York,YBA,Schulich BBA,Offer,93.8,5/4/2026,,"startup(raised 30k USD), TKS, DECA, lifeguard/instructor job",
York,YBA,Schulich BBA,Offer,93.5,5/4/2026,,"businesses, programs stuff like that",make sure ur grade is good cause ur supp app basically doesn't matter. they lie about the 50/50 thing fs.
York,YBA,Schulich BBA,Offer,92.5,5/4/2026,,"I lit did at 11:48 but since i thinking id get in i was super relaxed and chill and my interview went rlly well. 10/10. I had good ECs stuco, deca. since i was more calm, my responses were very clear and detailed",
York,YBA,Schulich BBA,Offer,92.17,5/4/2026,,,
York,YBA,Schulich BBA,Offer,92.16,5/4/2026,,,
York,YBA,Schulich BBA,Offer,92,5/4/2026,,"Auto detailing business, Best Buddies Club, Taekwondo instructor/volunteer, DECA, McDonald's employee.",French immersion student
York,YBA,Schulich BBA,Offer,92,5/4/2026,,"SOMA MUN award, VP Production JA, Track and Swim Team",
York,YBA,Schulich BBA,Offer,91.8,5/4/2026,,"Tutoring work, DECA (provs), band, student TA for gr. 6-8 French.","idk how i got it, lowk bs'd everything. KIRA was probably strong"
York,YBA,Schulich BBA,Offer,91.7,5/4/2026,,"MUN, treasurer, DECA, Track and field","Blanked out on 1 question,"
York,YBA,Schulich BBA,Deferred,95,5/5/2026,,Lots of clubs and volunteering,Deferred to commerce
York,YBA,Schulich BBA,Offer,93.3,5/5/2026,,"music related ecs, club execs, community volunteering. filled out 4/5 activities on the profile","as long as you don't talk sht on the supp app and have 92+ avg, you'll def get in"
York,YBA,Schulich BBA,Offer,93.15,5/5/2026,,"Volunteered at lots of summer camp including UTSC , part of the junior volleyball team in HS",My adv function was 98 and calc midterm was a 96
York,YBA,Schulich BBA,Offer,92.5,5/5/2026,,"Canadian National Level Athlete, TDSB Volunteer Work",Don't overthink your sup app it's as important if not more than your actual grades
York,YBA,Schulich BBA,Offer,92.17,5/5/2026,,"5/5 ECs, nonprofit founder, hospital accounting volunteer, student affinity group leader and treasurer, DECA finance VP",
York,YBA,Schulich BBA,Offer,92.16,5/5/2026,,"Self-made 6 figure profit buisness, President of Investing club, Co-captain of Cross Country Team",
York,YBA,Schulich BBA,Offer,96,5/6/2026,,"cofounder fitness club, in spain 200 hours helping teens learn english, 4 years working for spirit of math schools as Senior AT",calc and adv func was ib
York,YBA,Schulich BBA,Rejected,83.5,5/22/2026,,Kira went well,One low math mark sold me
York,YBG,Global Political Studies,Offer,94,12/8/2025,,,
York,YBG,Global Political Studies,Offer,85,1/19/2026,,,
York,YBH,Business Econnomics (BA),Offer,78.67,12/10/2025,,,
York,YBK,Financial and Business Economics (BA),Offer,96,11/5/2025,,,
York,YBK,Financial and Business Economics (BA),Offer,92.33,12/10/2025,,,"$2,000 scholarship"
York,YDD,Mathematics (BA),Offer,89.67,12/9/2025,,,
York,YDD,Mathematics (BA),Offer,98,12/10/2025,,,$3500 scholarship! Good luck everyone!
York,YDE,Mathematics (BSc),Offer,91.5,4/22/2026,,,
York,YEB,Cinema & Media Arts (BA),Offer,92,1/7/2026,,,
York,YFB,Commerce,Offer,94,11/14/2025,,,
York,YFB,Commerce (Management),Offer,93,12/8/2025,,,
York,YFB,Commerce (Management),Offer,91.5,12/8/2025,,,
York,YFB,Commerce (Finance),Offer,93,12/9/2025,,,
York,YFB,Commerce,Offer,91,12/9/2025,,,$1000 scholarship not expecting this
York,YFB,Commerce (Finance),Offer,90,12/9/2025,,,
York,YFB,Commerce (Finance),Offer,85,12/9/2025,,,Adv Func dropping my mark from a 90 T_T
York,YFB,Commerce (Business Technology Management),Offer,82,12/9/2025,,,$1500 scholarship
York,YFB,Commerce,Offer,92.33,12/10/2025,,,"$2,000 scholarship"
York,YFB,Commerce (Accounting),Offer,86.83,12/10/2025,,,
York,YFB,Commerce,Offer,89,12/22/2025,,,
York,YFB,Commerce (Finance),Offer,,1/7/2026,,,35/45 IB Predicted; $1500 Entrance Scholarship and 9.00 Credits
York,YFB,Commerce (Management),Offer,90.83,2/23/2026,,,
York,YFB,Commerce,Offer,87,2/24/2026,,,1500 entry scholarship
York,YFB,Commerce (Accounting),Offer,81,6/6/2026,,,
York,YFD,Business and Society,Offer,78.67,12/10/2025,,,
York,YFE,Economics,Offer,93,12/9/2025,,,
York,YFE,Economics,Offer,90.17,12/9/2025,,,
York,YFE,Economics,Offer,96,12/10/2025,,,
York,YFF,Communication and Media Studies,Offer,97,10/10/2025,,,
York,YFF,Communication and Media Studies,Offer,90.01,10/17/2025,,,
York,YFK,Concurrent Education (History),Rejected,96.83,5/8/2026,,"Didn’t do that good, I didn’t have much experience so that set me back.","Got accepted to the faculty of arts and humanities, got rejected by faculty of education."
York,YFL,Human Resources Management,Offer,90,12/10/2025,,,
York,YFM,Information Technology,Offer,85.5,1/22/2026,,,
York,YFS,Social work,Offer,84,12/10/2025,,,
York,YFT,Law and Society,Offer,88.83,12/8/2025,,,
York,YFT,Law and Society,Offer,90.67,12/9/2025,,,
York,YFT,Law and Society,Offer,90.33,12/9/2025,,,
York,YFT,Law and Society,Offer,86.5,12/9/2025,,,
York,YFT,Law and Society,Offer,86,12/10/2025,,,
York,YFT,Law and Society,Offer,93.17,12/11/2025,,,$2000 scholarship
York,YFT,Law and Society,Offer,89.16,3/1/2026,,,
York,YFX,Childhood youth care,Offer,84,12/10/2025,,,
York,YFZ,Criminology,Offer,96.33,12/9/2025,,,"IB (HL Math AA, HL English Lit, HL Chemistry, SL Physics, SL Economics, SL French B)"
York,YFZ,Criminology,Offer,87,12/10/2025,,,
York,YFZ,Criminology,Offer,85,12/10/2025,,,
York,YFZ,Criminology,Offer,83,12/16/2025,,,
York,YGF,French Studies at Glendon,Offer,90,12/8/2025,,,
York,YGI,International Studies,Offer,87.2,3/9/2026,,,
York,YGJ,Concurrent Education - French Studies (FSL BEd),Offer,91,5/5/2026,,,
York,YGQ,Political Science at Glendon,Offer,90,12/8/2025,,,
York,YGQ,Political Science,Offer,88.67,12/17/2025,,,
York,YH,Music (BFA),Offer,95.5,2/10/2026,,,"$2000 scholarship. I was actually pre-selected and handed a letter at my audition, but it took a few weeks to get the official offer. I also took 1 AP."
York,YHA,Psychology,Offer,93,12/8/2025,,,
York,YHA,Health - Psychology (BA),Offer,92,12/8/2025,,,
York,YHA,Psychology (BA),Offer,90.17,12/8/2025,,,
York,YHA,Ethics and Political Philosophy,Offer,99,12/9/2025,,,
York,YHA,Psychology (BA),Offer,94,12/10/2025,,,
York,YHA,Psychology (BA),Offer,84,12/10/2025,,,
York,YHB,Psychology (BSc),Offer,96,12/8/2025,,,
York,YHB,Psychology (BSc),Offer,87.33,12/8/2025,,,
York,YHB,Psychology (BSc),Offer,92,12/9/2025,,,$2000 scholarship
York,YHB,Psychology (BSc),Offer,94,12/10/2025,,,
York,YHB,Psychology (BSc),Offer,91,12/10/2025,,,
York,YHB,Psychology (BSc),Offer,91,12/10/2025,,,
York,YHB,Psychology (BSc),Offer,83.5,12/10/2025,,,$1000 entrance scholarship included
York,YHB,Psychology (BSc),Offer,83.33,12/10/2025,,,
York,YHB,Psychology (BSc),Offer,80,1/6/2026,,,
York,YHB,Psychology (BSc),Offer,90.5,1/22/2026,,,
York,YHC,Kinesiology & Health Science,Offer,90.5,12/10/2025,,,
York,YHD,Kinesiology & Health Science,Offer,92,12/5/2025,,,
York,YHD,Kinesiology & Health Science,Offer,94,12/8/2025,,,
York,YHD,Kinesiology & Health Science,Offer,93,12/8/2025,,,
York,YHD,Kinesiology & Health Science,Offer,92.83,12/8/2025,,,
York,YHD,Kinesiology & Health Science,Offer,92.6,12/8/2025,,,
York,YHD,Kinesiology & Health Science,Offer,85.5,12/8/2025,,,gl all !!!!
York,YHD,Kinesiology & Health Science,Offer,97.5,12/9/2025,,,Scholarship: $3500
York,YHD,Kinesiology & Health Science,Offer,97,12/9/2025,,,
York,YHD,Kinesiology & Health Science,Offer,96.5,12/9/2025,,,"3 gr11 marks and 3 gr12 mid terms, 3.5k scholarship"
York,YHD,Kinesiology & Health Science,Offer,96,12/9/2025,,,3.5k scholarship.
York,YHD,Kinesiology & Health Science,Offer,93.85,12/9/2025,,,"3 grade 12 marks and rest from grade 11 - $2,000 scholarship"
York,YHD,Kinesiology & Health Science,Offer,92.33,12/9/2025,,,$2000 entrance scholarship
York,YHD,Kinesiology & Health Science,Offer,91.5,12/9/2025,,,
York,YHD,Kinesiology & Health Science,Offer,83,12/9/2025,,,A current part time student!
York,YHD,Kinesiology & Health Science,Offer,93.17,12/10/2025,,,$2000 entrance scholarship
York,YHD,Kinesiology & Health Science,Offer,87.5,12/10/2025,,,
York,YHD,Kinesiology & Health Science,Offer,86,12/10/2025,,,entrance scholarship
York,YHD,Kinesiology & Health Science,Offer,86,12/10/2025,,,$1500 entrance scholarship
York,YHD,Kinesiology & Health Science,Offer,96,12/11/2025,,,
York,YHD,Kinesiology & Health Science,Offer,84,12/18/2025,,,
York,YHD,Kinesiology & Health Science,Offer,89.33,1/6/2026,,,
York,YHD,Kinesiology & Health Science,Offer,80,1/6/2026,,,
York,YHD,Kinesiology & Health Science,Offer,97.33,1/13/2026,,,
York,YHD,Kinesiology & Health Science,Offer,86,2/10/2026,,,
York,YHD,Kinesiology & Health Science,Offer,87,2/25/2026,,,
York,YHD,Kinesiology & Health Science,Offer,86.88,5/5/2026,,,
York,YHD,Kinesiology & Health Science,Offer,82,5/29/2026,,,
York,YHE,Health Studies,Offer,83,12/9/2025,,,
York,YHE,Health Studies,Offer,96,12/11/2025,,,
York,YHE,Health Studies,Offer,93.8,3/18/2026,,,
York,YHR,Psychology (BA),Offer,92,12/8/2025,,,
York,YHR,Concurrent Education,Offer,92.66,5/5/2026,,,
York,YHR,Concurrent Ed (I/S),Offer,91.3,5/5/2026,,"900+ hrs experience total, 400 relevant, max word count",
York,YHR,Concurrent Education,Offer,83.77,5/7/2026,,"39 volunteer hours, 127 hours for ""work experience with age groups not specific to certification level.","Full IB. Your average does not matter, this is just what I used for my main program. Did Mathematics for Education if you're curious, that should be on the spreadsheet too. My hours honestly is pretty unimpressive and I didn't think I'd get in, looking back I think I only got in thanks to my personal statement which looking back genuinely feels like a rant more than anything. (I don't think it's good.) Feel free to DM me on Discord (probablyfelix) for any questions, I'm happy to answer any time. Even if the year's 2035.   One last thing for if you're viewing this spreadsheet not as a Grade 12: if you know how to swim, get your First Aid and National Lifeguard certifications and become a swim instructor. Extremely easy way to get money, get a recc letter (that's where one of mine came from, anyways) and lets you farm tons of hours to put onto your SIF."
York,YHT,Global Health,Offer,80.83,5/27/2026,,,
York,YHU,Neuroscience (Psychology),Offer,87.66,12/9/2025,,,
York,YHV,"Cities, Regions, Planning",Offer,93.67,12/8/2025,,,crazy work 3/3
York,YHV,"Cities, Regions, Planning",Offer,91.2,12/8/2025,,,2k scholarship !!
York,YHV,"Cities, Regions, Planning",Offer,84,1/20/2026,,,
York,YHW,Nursing (Direct Entry),Offer,95.83,12/8/2025,,,
York,YHW,Nursing (Direct Entry),Offer,94.63,12/8/2025,,,
York,YHW,Nursing (Direct Entry),Offer,93.67,12/8/2025,,,IB and have all my grade 12 courses
York,YHW,Nursing (Direct Entry),Offer,93.33,12/8/2025,,,
York,YHW,Nursing (Direct Entry),Offer,93,12/8/2025,,,
York,YHW,Nursing (Direct Entry),Offer,93,12/8/2025,,,
York,YHW,Nursing (Direct Entry),Offer,90,12/8/2025,,,2k scholarship
York,YHW,Nursing (Direct Entry),Offer,97,12/9/2025,,,
York,YHW,Nursing (Direct Entry),Offer,93.85,12/9/2025,,,"$2,000 scholarship"
York,YHW,Nursing (Direct Entry),Offer,92,12/9/2025,,,$2000 scholarship
York,YHW,Nursing (Direct Entry),Offer,91.8,12/9/2025,,,$2000 Scholarship :>
York,YHW,Nursing (Direct Entry),Offer,90,12/9/2025,,,
York,YHW,Nursing (Direct Entry),Offer,,12/9/2025,,,"$2000 scholarship, Grade 11: 89.55%, Grade 12: 90.00"
York,YHW,Nursing (Direct Entry),Offer,94.1,12/10/2025,,,
York,YHW,Nursing (Direct Entry),Offer,94.17,12/11/2025,,,
York,YHW,Nursing (Direct Entry),Offer,90,12/11/2025,,,
York,YHW,Nursing (Direct Entry),Offer,96.5,12/15/2025,,,
York,YHW,Nursing (Direct Entry),Offer,93.7,12/15/2025,,,
York,YHW,Nursing (Direct Entry),Offer,91.2,12/22/2025,,,
York,YHW,Nursing (Direct Entry),Offer,93.62,12/23/2025,,,
York,YHW,Nursing (Direct Entry),Offer,93.33,1/7/2026,,,
York,YHW,Nursing (Direct Entry),Offer,91.16,1/7/2026,,,
York,YHW,Nursing (Direct Entry),Offer,91.8,1/9/2026,,,$2000 entrance scholarship
York,YHW,Nursing (Direct Entry),Offer,90,1/23/2026,,,Got entrance scholarship
York,YHW,Nursing (Direct Entry),Offer,91.33,2/5/2026,,,
York,YHW,Nursing (Direct Entry),Offer,90.5,2/9/2026,,,
York,YHW,Nursing (Direct Entry),Offer,94.5,2/23/2026,,,
York,YHW,Nursing (Direct Entry),Offer,91,2/23/2026,,,
York,YHW,Nursing (Direct Entry),Offer,91,2/23/2026,,,
York,YHW,Nursing (Direct Entry),Offer,90.5,2/23/2026,,,
York,YHW,Nursing (Direct Entry),Offer,93,2/24/2026,,,
York,YHW,Nursing (Direct Entry),Offer,91,2/24/2026,,,
York,YHW,Nursing (Direct Entry),Offer,91,3/4/2026,,,Entrance Scholarship
York,YHW,Nursing (Direct Entry),Offer,92,3/13/2026,,,
York,YHW,Nursing (Direct Entry),Offer,88,3/17/2026,,,
York,YHW,Nursing (Direct Entry),Offer,88.6,3/21/2026,,,
York,YHW,Nursing (Direct Entry),Offer,90.67,4/1/2026,,,
York,YHW,Nursing (Direct Entry),Offer,86.83,4/1/2026,,,
York,YHW,Nursing (Direct Entry),Offer,85,4/1/2026,,,
York,YHW,Nursing (Direct Entry),Offer,91,4/2/2026,,,
York,YHW,Nursing (Direct Entry),Offer,88.83,4/2/2026,,,
York,YHW,Nursing (Direct Entry),Offer,89.2,4/3/2026,,,$1500 Entrance Scholarship
York,YHW,Nursing (Direct Entry),Offer,89,4/3/2026,,,
York,YHW,Nursing (Direct Entry),Offer,87,4/6/2026,,,
York,YHW,Nursing (Direct Entry),Offer,90,4/13/2026,,,
York,YHW,Nursing (Direct Entry),Offer,93.33,5/4/2026,,,
York,YHW,Nursing (Direct Entry),Offer,91,5/4/2026,,,
York,YHW,Nursing (Direct Entry),Offer,90.5,5/4/2026,,,
York,YHW,Nursing (Direct Entry),Offer,90.17,5/4/2026,,,
York,YHW,Nursing (Direct Entry),Offer,90,5/4/2026,,,
York,YHW,Nursing (Direct Entry),Offer,87.5,5/4/2026,,,
York,YHW,Nursing (Direct Entry),Offer,86.7,5/4/2026,,,You can do it! :)
York,YHW,Nursing (Direct Entry),Offer,90.67,5/7/2026,,,
York,YHW,Nursing (Direct Entry),Offer,90.5,5/14/2026,,,
York,YHW,Nursing (Direct Entry),Offer,87.33,5/16/2026,,,entrance scholarship for 1.5k
York,YHW,Direct Entry Nursing,Offer,89,5/21/2026,,,
York,YHW,Nursing (Direct Entry),Rejected,80.83,5/28/2026,,,
York,YHY,"Health Policy, Management, and Digital Health (BHS)",Offer,,12/9/2025,,,Health Care -88% Visual Arts -80% Grade 12 English -80%  Functions -70% Biology -68%
York,YJE,Integrative Arts,Offer,92,12/10/2025,,,
York,YMA,Sport Management,Offer,90.17,12/9/2025,,,
York,YMA,Sport Management,Offer,81,1/21/2026,,,
York,YMA,Sport Management,Offer,79.17,5/4/2026,,,
York,YMC,Commerce (Entrepreneurship and Innovation),Offer,78,12/11/2025,,,
York,YME,Creative Technologies,Offer,90.5,12/9/2025,,,$2K scholarship
York,YMF,Computer Science for Software Development (BASc),Offer,79,12/16/2025,,,
York,YMG,First Year Engineering Core Program,Offer,91.33,12/12/2025,,,
York,YMG,First Year Engineering Core Program,Offer,84.67,1/7/2026,,,
York,YMG,First Year Engineering Core Program,Offer,90.5,4/13/2026,,,
York,YMH,First Year Science Program,Offer,75.5,12/23/2025,,,
York,YMS,Statistics,Offer,95,12/8/2025,,,$2000 entry scholarship.
York,YMS,Statistics,Offer,94.8,12/8/2025,,,
York,YPC,Mathematics for Education,Offer,84.5,1/7/2026,,,
York,YPD,Actuarial Science,Offer,95,12/8/2025,,,$2000 entry scholarship.
York,YPD,Actuarial Science,Offer,93,12/8/2025,,,
York,YPD,Actuarial Science,Offer,84,12/9/2025,,,
York,YPD,Actuarial Science,Offer,85,1/5/2026,,,
York,YPQ,Mathematics for Education,Offer,82.5,5/14/2026,,,
York,YPX,Computer Security,Offer,90.17,12/8/2025,,,
York,YRA,Digital Media (BA) – Lassonde School of Engineering,Offer,93.83,12/9/2025,,,$2000 automatic entrance scholarship
York,YRD,Human Rights & Equity Studies,Offer,90.33,12/10/2025,,,
York,YRH,Interdisciplinary Social Science,Offer,90,12/8/2025,,,
York,YRK,Philosophy,Offer,88.83,12/8/2025,,,
York,YSA,Biotechnology,Offer,92.83,12/4/2025,,,my lovelies im back yes york i got in :P ill be back soon (P.S. I KNOW I KEEP CHANGING THE APPLICATION SENT DATE BUT BRO LIKE I KEEP MESSING IT UP IM SAWRY)
York,YSA,Biotechnology,Offer,89.9,12/5/2025,,,
York,YSA,Biotechnology + Co-op,Offer,88,12/15/2025,,,
York,YSB,Biology,Offer,88.2,12/9/2025,,,
York,YSB,Biology,Offer,88,12/13/2025,,,
York,YSB,Biology,Offer,85,12/13/2025,,,$1000 entrance scholarship
York,YSB,Biology,Offer,87.83,12/15/2025,,,
York,YSB,Biology,Offer,88,12/27/2025,,,
York,YSB,Biology,Offer,92.5,1/8/2026,,,1500 $ scholarship
York,YSB,Biology,Offer,86.93,3/17/2026,,,
York,YSC,Chemistry (Pharmaceutical & Biological Chemistry),Offer,86.17,12/15/2025,,,
York,YSF,Biochemistry (BSc - Co-op available),Offer,93.5,12/15/2025,,,I already have all my top 6 12U courses.
York,YSF,Biochemistry (BSc Spec. Hons),Offer,91,12/15/2025,,,
York,YSG,Computer Science,Offer,98.67,12/8/2025,,,
York,YSG,Computer Science,Offer,95.5,12/9/2025,,,
York,YSG,Computer Science,Offer,92,12/18/2025,,,2k scholarship aswell
York,YSM,Applied Mathematics (BSc),Offer,92.83,12/9/2025,,,$2000 entrance scholarship
York,YSM,Applied Mathematics (BSc),Offer,95.17,12/10/2025,,,"I am an IB student, but I submitted my converted scores, and btw best of luck if your applying."
York,YSU,"Undecided Major (BSc, First year only)",Offer,87,1/6/2026,,,"Took all AP courses in grade 11, only took AP advanced functions, AP computer science, and AP biology."
York,YSW,Biomedical Science,Offer,84,10/27/2025,,,
York,YSW,Biomedical Science,Offer,85.45,10/29/2025,,,"also got a $1000 general entrance scholarship, i was not expecting any of this"
York,YSW,Biomedical Science,Offer,90.67,12/8/2025,,,"$2000 scholarship, Keele campus, I applied for the BSc program"
York,YSW,Biomedical Science,Offer,90.33,12/8/2025,,,2000k scholarship
York,YSW,Biomedical Science,Offer,84,12/11/2025,,,
York,YSW,Biomedical Science,Offer,92,12/12/2025,,,
York,YSW,Biomedical Science,Offer,91,12/12/2025,,,
York,YSW,Biomedical Science,Offer,90.33,12/13/2025,,,"$2000 entrance scholarship, I applied for the concurrent BEd program along with biomed but I will have to do a supp app for that so only biomed was accepted. Top 6: MHF4U = 95, SCH4U = 77, IDC4U (AP Deconstructing Anti-Black Racism) = 89, ENG4U = 94, SCH3U = 94, SBI3U = 93"
York,YSW,Biomedical Science,Offer,85,12/13/2025,,,$1000 entrance scholarship
York,YSW,Biomedical Science,Offer,93.67,12/14/2025,,,
York,YSW,Biomedical Science,Offer,88,12/15/2025,,,1.5k scholarship
York,YSW,Biomedical Science,Offer,76,12/15/2025,,,
York,YSW,Biomedical Science,Offer,82,1/7/2026,,,
York,YSW,Biomedical Science,Offer,94,1/19/2026,,,
York,YSW,Biomedical Science,Offer,87,2/25/2026,,,
York,YT,Engineering,Offer,95,10/12/2025,,,2k scholarship.
York,YT,Engineering,Offer,93.6,12/2/2025,,,
York,YT,Engineering,Offer,96,12/8/2025,,,ion know i thought they gave offers in janurary
York,YT,Engineering,Offer,90.2,12/8/2025,,,
York,YT,Engineering,Offer,89,12/8/2025,,,
York,YT,Engineering,Offer,94,12/10/2025,,,
York,YT,Engineering,Offer,96.83,12/12/2025,,,3.5k Scholarship
York,YT,Engineering,Offer,96.67,12/12/2025,,,3.5k Scholarship
York,YT,Engineering,Offer,95.5,12/12/2025,,,
York,YT,Engineering,Offer,95,12/12/2025,,,3.5k scholarship rahh
York,YT,Engineering,Offer,93.5,12/12/2025,,,
York,YT,Engineering,Offer,92,12/12/2025,,,
York,YT,Engineering,Offer,90,12/12/2025,,,
York,YT,Engineering,Offer,88,12/12/2025,,,
York,YT,Engineering,Offer,87.67,12/12/2025,,,if i can do it you can too
York,YT,Engineering,Offer,98,12/13/2025,,,
York,YT,Engineering,Offer,94.67,12/13/2025,,,2000 entrance scholarship
York,YT,Engineering,Offer,92,12/13/2025,,,
York,YT,Engineering,Offer,89,12/13/2025,,,"$1,500 Scholarship"
York,YT,Engineering,Offer,86.83,12/13/2025,,,
York,YT,Engineering,Offer,97,12/15/2025,,,
York,YT,Engineering,Offer,96,12/15/2025,,,
York,YT,Engineering,Offer,93,12/15/2025,,,2k Scholarship
York,YT,Engineering,Offer,91.2,12/15/2025,,,
York,YT,Engineering,Offer,91,12/15/2025,,,
York,YT,Engineering,Offer,90,12/15/2025,,,
York,YT,Engineering,Offer,86.67,12/15/2025,,,
York,YT,Engineering,Offer,94,12/18/2025,,,
York,YT,Engineering,Offer,93,1/9/2026,,,Applied to get schulich leader
York,YT,Engineering,Offer,85.33,1/20/2026,,,Applied a week after deadline. My Grade 11 marks were dookie. Didn't use my Grade 12 finals. Doing AP courses.
York,YT,Engineering,Offer,94.17,1/21/2026,,,
York,YT,Engineering,Offer,89,1/27/2026,,,
York,YT,Engineering,Offer,89.83,2/10/2026,,,
York,YT,Engineering,Offer,83.67,3/10/2026,,,
York,YT,Engineering,Offer,82,3/10/2026,,,
York,YT,Civil Engineering,Offer,82,3/11/2026,,,u got this
York,YT,Engineering,Offer,88.7,3/12/2026,,,
York,YT,Engineering,Offer,90.5,3/16/2026,,,
York,YT,Engineering,Offer,82,5/5/2026,,,
York,YT,Engineering,Deferred,80.5,6/1/2026,,,Got deferred into free choice BSc and BA
York,YUC,History,Offer,96.83,12/8/2025,,,"$3500 entrance scholarship, fast tracked G12 in G11."
York,YUD,Humanities,Offer,90.33,12/10/2025,,,
York,YUE,Political Science,Offer,94.44,12/8/2025,,,iBA program
York,YUE,Political Science,Offer,94.44,12/8/2025,,,iBA program
York,YUE,Political Science,Offer,89.33,12/9/2025,,,
York,YUE,Political Science,Offer,94.75,12/10/2025,,,
York,YUE,Political Science,Offer,86,12/10/2025,,,
York,YUE,Political Science,Offer,86,12/11/2025,,,
York,YUE,Political Science,Offer,84,1/6/2026,,,
York,YUG,Sociology,Offer,88.67,12/17/2025,,,
York,YVA,Neuroscience,Offer,93,12/15/2025,,,ap english
York,YVA,Neuroscience (Biology),Offer,91.82,1/7/2026,,,"AP, $1500 entrance scholarship"
York,YYQ,Ethics and Political Philosophy,Offer,94,12/10/2025,,,
York,YYQ,Ethics and Political Philosophy,Offer,84,1/6/2026,,,
York,YYY,Data Science,Offer,85,12/9/2025,,,